epoch,step,data_path_mode,coord_batch_mode,index_sampling_mode,sampling_device,field_read_mode,field_normalization_mode,gpu_transfer_mode,data_path_diag_storage_mode,batch_size,N_full,N_query,N_obs_total,loader_wait_ms,index_sampling_ms,hdf5_read_ms,cpu_normalization_ms,cpu_materialization_ms,h2d_ms,sparse_condition_materialization_ms,query_materialization_ms,pre_model_total_ms,model_forward_ms,backward_ms,query_microbatch_active,train_query_microbatch_size,rf_bridge_ms,condition_context_ms,query_chunk_forward_ms,query_chunk_backward_ms,query_microbatches,optimizer_ms,total_training_step_ms,allocated_after_materialization_mb,allocated_before_model_mb,gpu_peak_allocated_mb,gpu_peak_reserved_mb
1,5,optimized,shared_mesh,scalable,cpu,legacy_full_snapshot,selected_after_full_read,selected_only,append,128,40300,4096,36831,0.5383435636758804,93.65813340991735,34.16736889630556,55.29854632914066,12.573564425110817,1.2035202234983444,0.0,0.0,196.90113328397274,102.15234383940697,138.74603435397148,0,0,0.0,0.0,0.0,0.0,1,1.366952434182167,368.4825086966157,59.0419921875,52.76708984375,23258.34912109375,27688.0
1,55,optimized,shared_mesh,scalable,cpu,legacy_full_snapshot,selected_after_full_read,selected_only,append,128,40300,4096,36120,0.45090168714523315,66.20064564049244,31.937730498611927,51.932443864643574,12.04135175794363,1.1462504044175148,0.0,0.0,163.25842216610909,102.67364978790283,139.61403910070658,0,0,0.0,0.0,0.0,0.0,1,1.2898454442620277,359.95534621179104,59.0419921875,52.76708984375,23258.34912109375,27688.0
1,5,optimized,shared_mesh,scalable,cpu,legacy_full_snapshot,selected_after_full_read,selected_only,append,128,40300,4096,36453,0.17320923507213593,73.9757614210248,32.511550933122635,54.31405268609524,12.14585267007351,0.9520882740616798,0.0,0.0,173.89930598437786,102.12413314729929,0.0,0,0,0.0,0.0,0.0,0.0,1,0.0,103.58160082250834,59.0419921875,59.0419921875,9805.41796875,27688.0
2,5,optimized,shared_mesh,scalable,cpu,legacy_full_snapshot,selected_after_full_read,selected_only,append,128,40300,4096,37233,0.38217753171920776,75.76204743236303,35.011365078389645,59.59916487336159,14.33104183524847,1.1976538226008415,0.0,0.0,185.90127304196358,102.78959013521671,141.07178803533316,0,0,0.0,0.0,0.0,0.0,1,1.2197243049740791,362.532252445817,59.0419921875,52.76708984375,23258.34912109375,27688.0
2,55,optimized,shared_mesh,scalable,cpu,legacy_full_snapshot,selected_after_full_read,selected_only,append,128,40300,4096,37541,0.431903637945652,67.52569694072008,32.89261274039745,51.73130612820387,12.058109976351261,1.1515580117702484,0.0,0.0,165.3592837974429,104.0068045258522,141.17292501032352,0,0,0.0,0.0,0.0,0.0,1,1.4286935329437256,375.6519854068756,59.0419921875,52.76708984375,23258.34912109375,27688.0
3,5,optimized,shared_mesh,scalable,cpu,legacy_full_snapshot,selected_after_full_read,selected_only,append,128,40300,4096,37282,0.5246549844741821,73.24773073196411,34.03549920767546,54.68255188316107,12.669111602008343,1.1579841375350952,0.0,0.0,175.79287756234407,104.20990642160177,142.34459958970547,0,0,0.0,0.0,0.0,0.0,1,1.589050516486168,375.81430561840534,59.0419921875,52.76708984375,23258.34912109375,27688.0
3,55,optimized,shared_mesh,scalable,cpu,legacy_full_snapshot,selected_after_full_read,selected_only,append,128,40300,4096,37273,0.43413881212472916,68.30094754695892,32.62218553572893,53.34577616304159,12.139694765210152,1.175583340227604,0.0,0.0,167.5841873511672,104.83793169260025,143.319602124393,0,0,0.0,0.0,0.0,0.0,1,1.8382472917437553,374.64432045817375,59.0419921875,52.76708984375,23258.34912109375,27688.0
4,5,optimized,shared_mesh,scalable,cpu,legacy_full_snapshot,selected_after_full_read,selected_only,append,128,40300,4096,36101,0.34055113792419434,74.9379163607955,33.54606684297323,54.387541487812996,12.066492810845375,1.1719530448317528,0.0,0.0,176.10997054725885,105.51344882696867,144.0836787223816,0,0,0.0,0.0,0.0,0.0,1,1.4532767236232758,370.4431774094701,59.0419921875,52.76708984375,23258.34912109375,27688.0
4,55,optimized,shared_mesh,scalable,cpu,legacy_full_snapshot,selected_after_full_read,selected_only,append,128,40300,4096,37352,0.3768680617213249,66.26099906861782,33.545222133398056,53.2527482137084,11.799982748925686,1.0873032733798027,0.0,0.0,165.94625543802977,106.34429380297661,145.17266303300858,0,0,0.0,0.0,0.0,0.0,1,1.4988137409090996,376.38536654412746,59.0419921875,52.76708984375,23258.34912109375,27688.0
5,5,optimized,shared_mesh,scalable,cpu,legacy_full_snapshot,selected_after_full_read,selected_only,append,128,40300,4096,37628,0.5190670490264893,77.3206576704979,35.30524671077728,56.730885058641434,12.861311435699463,1.224752515554428,0.0,0.0,183.4428533911705,106.46330751478672,145.7548700273037,0,0,0.0,0.0,0.0,0.0,1,1.3138717040419579,384.7686741501093,59.0419921875,52.76708984375,23258.34912109375,27688.0
5,55,optimized,shared_mesh,scalable,cpu,legacy_full_snapshot,selected_after_full_read,selected_only,append,128,40300,4096,36399,0.4207296296954155,66.59736298024654,33.299664966762066,52.033860236406326,11.512788943946362,1.049029640853405,0.0,0.0,164.4927067682147,106.56835325062275,146.61309495568275,0,0,0.0,0.0,0.0,0.0,1,1.2859348207712173,378.76392994076014,59.0419921875,52.76708984375,23258.34912109375,27688.0
5,5,optimized,shared_mesh,scalable,cpu,legacy_full_snapshot,selected_after_full_read,selected_only,append,128,40300,4096,37547,0.1972336322069168,76.5317240729928,33.402180299162865,56.24702945351601,12.475501745939255,1.1934638023376465,0.0,0.0,179.84989937394857,106.0749888420105,0.0,0,0,0.0,0.0,0.0,0.0,1,0.0,107.73667506873608,59.0419921875,59.0419921875,9805.41796875,27688.0
6,5,optimized,shared_mesh,scalable,cpu,legacy_full_snapshot,selected_after_full_read,selected_only,append,128,40300,4096,36901,0.4006149247288704,76.94714609533548,33.49661733955145,54.10090647637844,12.267373502254486,0.9691305458545685,0.0,0.0,177.78117395937443,106.78486619144678,147.3950520157814,0,0,0.0,0.0,0.0,0.0,1,1.540440134704113,378.2113455235958,59.0419921875,52.76708984375,23258.34912109375,27688.0
6,55,optimized,shared_mesh,scalable,cpu,legacy_full_snapshot,selected_after_full_read,selected_only,append,128,40300,4096,36668,0.5358299240469933,66.96194317191839,31.683223322033882,51.93943530321121,11.760045774281025,1.1920677497982979,0.0,0.0,163.5367153212428,106.66390229016542,147.28219155222178,0,0,0.0,0.0,0.0,0.0,1,1.9868705421686172,377.5646183639765,59.0419921875,52.76708984375,23258.34912109375,27688.0
7,5,optimized,shared_mesh,scalable,cpu,legacy_full_snapshot,selected_after_full_read,selected_only,append,128,40300,4096,37737,0.35088788717985153,83.58607348054647,33.10271259397268,49.38293434679508,9.046515449881554,1.0579703375697136,0.0,0.0,176.1762062087655,107.31930285692215,148.4234156087041,0,0,0.0,0.0,0.0,0.0,1,1.3365009799599648,379.6987235546112,59.0419921875,52.76708984375,23258.34912109375,27688.0
7,55,optimized,shared_mesh,scalable,cpu,legacy_full_snapshot,selected_after_full_read,selected_only,append,128,40300,4096,37853,0.45006442815065384,64.98066056519747,32.624972984194756,53.36030200123787,11.961482465267181,1.0803202167153358,0.0,0.0,164.0077382326126,107.48609062284231,148.60528893768787,0,0,0.0,0.0,0.0,0.0,1,1.2834211811423302,385.43110620230436,59.0419921875,52.76708984375,23258.34912109375,27688.0
8,5,optimized,shared_mesh,scalable,cpu,legacy_full_snapshot,selected_after_full_read,selected_only,append,128,40300,4096,36717,0.32518617808818817,85.13294253498316,32.28387329727411,53.09127736836672,11.964538134634495,1.1683208867907524,0.0,0.0,183.64095222204924,106.74436762928963,147.98788633197546,0,0,0.0,0.0,0.0,0.0,1,1.6764942556619644,381.57274574041367,59.0419921875,52.76708984375,23258.34912109375,27688.0
8,55,optimized,shared_mesh,scalable,cpu,legacy_full_snapshot,selected_after_full_read,selected_only,append,128,40300,4096,35274,0.40815770626068115,64.00371063500643,31.322576105594635,50.75770802795887,11.257167905569077,1.303255558013916,0.0,0.0,158.64441823214293,107.14302957057953,148.32536783069372,0,0,0.0,0.0,0.0,0.0,1,1.307167112827301,393.0076090618968,59.0419921875,52.76708984375,23258.34912109375,27688.0
9,5,optimized,shared_mesh,scalable,cpu,legacy_full_snapshot,selected_after_full_read,selected_only,append,128,40300,4096,37289,0.49168989062309265,75.06113499403,32.57833048701286,53.43016143888235,11.740757152438164,1.2526903301477432,0.0,0.0,174.06307440251112,105.8358633890748,147.8501632809639,0,0,0.0,0.0,0.0,0.0,1,1.5926826745271683,381.92169461399317,59.0419921875,52.76708984375,23258.34912109375,27688.0
9,55,optimized,shared_mesh,scalable,cpu,legacy_full_snapshot,selected_after_full_read,selected_only,append,128,40300,4096,37198,0.4791179671883583,67.63522978872061,32.503459602594376,52.62752529233694,11.878497898578644,1.138986088335514,0.0,0.0,165.78369867056608,106.14121612161398,146.08623180538416,0,0,0.0,0.0,0.0,0.0,1,1.4281347393989563,385.56970562785864,59.0419921875,52.76708984375,23258.34912109375,27688.0
10,5,optimized,shared_mesh,scalable,cpu,legacy_full_snapshot,selected_after_full_read,selected_only,append,128,40300,4096,36971,0.4070410504937172,74.29846189916134,32.232483848929405,52.54065245389938,11.98575273156166,1.2552039697766304,0.0,0.0,172.31255490332842,107.02625848352909,146.72207739204168,0,0,0.0,0.0,0.0,0.0,1,1.7862850800156593,387.5088104978204,59.0419921875,52.76708984375,23258.34912109375,27688.0
10,55,optimized,shared_mesh,scalable,cpu,legacy_full_snapshot,selected_after_full_read,selected_only,append,128,40300,4096,36848,0.4961583763360977,63.733565621078014,31.305529177188873,49.937766045331955,11.544367298483849,1.2370459735393524,0.0,0.0,157.75827411562204,106.16692155599594,144.75783798843622,0,0,0.0,0.0,0.0,0.0,1,1.3175038620829582,384.3896649777889,59.0419921875,52.76708984375,23258.34912109375,27688.0
10,5,optimized,shared_mesh,scalable,cpu,legacy_full_snapshot,selected_after_full_read,selected_only,append,128,40300,4096,36338,0.19108876585960388,76.4602217823267,32.093352638185024,53.443300537765026,11.94049697369337,1.1638514697551727,0.0,0.0,175.1012234017253,105.04330135881901,0.0,0,0,0.0,0.0,0.0,0.0,1,0.0,106.74605518579483,59.0419921875,59.0419921875,9805.41796875,27688.0
11,5,optimized,shared_mesh,scalable,cpu,legacy_full_snapshot,selected_after_full_read,selected_only,append,128,40300,4096,36039,0.3947485238313675,82.07637537270784,32.30762481689453,53.74333634972572,11.630130931735039,1.164131797850132,0.0,0.0,180.92159926891327,105.89258372783661,144.57457419484854,0,0,0.0,0.0,0.0,0.0,1,1.8175756558775902,370.059996843338,59.0419921875,52.76708984375,23258.34912109375,27688.0
11,55,optimized,shared_mesh,scalable,cpu,legacy_full_snapshot,selected_after_full_read,selected_only,append,128,40300,4096,36412,0.4458734765648842,66.00511725991964,32.20676723867655,52.70323809236288,11.717586778104305,1.1834073811769485,0.0,0.0,163.81611675024033,104.93770334869623,144.15664225816727,0,0,0.0,0.0,0.0,0.0,1,1.363040879368782,380.1320968195796,59.0419921875,52.76708984375,23258.34912109375,27688.0
12,5,optimized,shared_mesh,scalable,cpu,legacy_full_snapshot,selected_after_full_read,selected_only,append,128,40300,4096,37551,0.3293761983513832,68.98794136941433,32.20648970454931,49.63576700538397,9.327583014965057,1.1596614494919777,0.0,0.0,161.31744254380465,104.71700225025415,143.8015652820468,0,0,0.0,0.0,0.0,0.0,1,1.8698154017329216,369.3942744284868,59.0419921875,52.76708984375,23258.34912109375,27688.0
12,55,optimized,shared_mesh,scalable,cpu,legacy_full_snapshot,selected_after_full_read,selected_only,append,128,40300,4096,37375,0.4349779337644577,66.0386448726058,33.17366540431976,53.337691351771355,12.398961931467056,1.1825691908597946,0.0,0.0,166.13153275102377,105.05616012960672,144.07730661332607,0,0,0.0,0.0,0.0,0.0,1,1.8128249794244766,370.41425984352827,59.0419921875,52.76708984375,23258.34912109375,27688.0
13,5,optimized,shared_mesh,scalable,cpu,legacy_full_snapshot,selected_after_full_read,selected_only,append,128,40300,4096,37832,0.4285518079996109,72.21996318548918,32.62834995985031,53.0714588239789,11.780701577663422,0.9856130927801132,0.0,0.0,170.68608663976192,104.8427214846015,143.77139788120985,0,0,0.0,0.0,0.0,0.0,1,1.3448819518089294,368.0273350328207,59.0419921875,52.76708984375,23258.34912109375,27688.0
13,55,optimized,shared_mesh,scalable,cpu,legacy_full_snapshot,selected_after_full_read,selected_only,append,128,40300,4096,37451,0.4064813256263733,67.07119382917881,30.76299373060465,50.25904718786478,11.289587244391441,1.0982006788253784,0.0,0.0,160.48102267086506,105.18187936395407,143.9979700371623,0,0,0.0,0.0,0.0,0.0,1,1.7692437395453453,380.6461626663804,59.0419921875,52.76708984375,23258.34912109375,27688.0
14,5,optimized,shared_mesh,scalable,cpu,legacy_full_snapshot,selected_after_full_read,selected_only,append,128,40300,4096,37360,0.348932109773159,69.79085318744183,32.652946189045906,48.95327519625425,9.55161266028881,1.1096540838479996,0.0,0.0,162.0583413168788,105.66267371177673,144.0932359546423,0,0,0.0,0.0,0.0,0.0,1,1.2579988688230515,369.451011531055,59.0419921875,52.76708984375,23258.34912109375,27688.0
14,55,optimized,shared_mesh,scalable,cpu,legacy_full_snapshot,selected_after_full_read,selected_only,append,128,40300,4096,37474,0.505656935274601,66.5247505530715,32.2039807215333,52.54456400871277,12.507078237831593,1.1445749551057816,0.0,0.0,164.92494847625494,104.68879528343678,143.49091984331608,0,0,0.0,0.0,0.0,0.0,1,1.3244887813925743,379.1241720318794,59.0419921875,52.76708984375,23258.34912109375,27688.0
15,5,optimized,shared_mesh,scalable,cpu,legacy_full_snapshot,selected_after_full_read,selected_only,append,128,40300,4096,37769,0.3397129476070404,72.23337888717651,32.155648805201054,53.453355096280575,11.76004484295845,1.0143881663680077,0.0,0.0,170.6168157979846,105.19696865230799,143.5107570141554,0,0,0.0,0.0,0.0,0.0,1,1.2378841638565063,378.7618353962898,59.0419921875,52.76708984375,23258.34912109375,27688.0
15,55,optimized,shared_mesh,scalable,cpu,legacy_full_snapshot,selected_after_full_read,selected_only,append,128,40300,4096,37923,0.4050843417644501,66.35098531842232,32.091397792100906,52.362700924277306,12.43751123547554,1.1177556589245796,0.0,0.0,164.36035092920065,105.14808166772127,143.84907577186823,0,0,0.0,0.0,0.0,0.0,1,1.3954481109976768,371.4610915631056,59.0419921875,52.76708984375,23258.34912109375,27688.0
15,5,optimized,shared_mesh,scalable,cpu,legacy_full_snapshot,selected_after_full_read,selected_only,append,128,40300,4096,37196,0.15476997941732407,74.86112602055073,32.51631464809179,54.10624481737614,12.668550945818424,0.9680148214101791,0.0,0.0,175.12025125324726,104.76311203092337,0.0,0,0,0.0,0.0,0.0,0.0,1,0.0,106.17783665657043,59.0419921875,59.0419921875,9805.41796875,27688.0
16,5,optimized,shared_mesh,scalable,cpu,legacy_full_snapshot,selected_after_full_read,selected_only,append,128,40300,4096,36821,0.3466969355940819,72.0584960654378,32.78785850852728,52.81863082200289,12.410140596330166,1.2158146128058434,0.0,0.0,171.29094060510397,105.41097074747086,143.7241993844509,0,0,0.0,0.0,0.0,0.0,1,1.2443093582987785,379.65275440365076,59.0419921875,52.76708984375,23258.34912109375,27688.0
16,55,optimized,shared_mesh,scalable,cpu,legacy_full_snapshot,selected_after_full_read,selected_only,append,128,40300,4096,36999,0.4444774240255356,67.15892255306244,31.352192163467407,52.1361343562603,12.136067263782024,1.0434435680508614,0.0,0.0,163.82675990462303,105.0187386572361,144.34216730296612,0,0,0.0,0.0,0.0,0.0,1,1.7709191888570786,370.0718032196164,59.0419921875,52.76708984375,23258.34912109375,27688.0
17,5,optimized,shared_mesh,scalable,cpu,legacy_full_snapshot,selected_after_full_read,selected_only,append,128,40300,4096,36418,0.32518524676561356,74.21215437352657,32.6303131878376,53.64555772393942,11.989399790763855,1.1677630245685577,0.0,0.0,173.645188100636,105.75403831899166,145.4004179686308,0,0,0.0,0.0,0.0,0.0,1,1.263306476175785,370.95991987735033,59.0419921875,52.76708984375,23258.34912109375,27688.0
17,55,optimized,shared_mesh,scalable,cpu,legacy_full_snapshot,selected_after_full_read,selected_only,append,128,40300,4096,36400,0.4447558894753456,65.7673878595233,31.63994662463665,52.32805572450161,12.217646464705467,0.9339312091469765,0.0,0.0,162.886967882514,105.7051494717598,145.19620314240456,0,0,0.0,0.0,0.0,0.0,1,1.8798746168613434,372.6635202765465,59.0419921875,52.76708984375,23258.34912109375,27688.0
18,5,optimized,shared_mesh,scalable,cpu,legacy_full_snapshot,selected_after_full_read,selected_only,append,128,40300,4096,36567,0.2924986183643341,73.72158486396074,33.33152271807194,54.334208369255066,12.309839949011803,0.9755566716194153,0.0,0.0,174.67271257191896,105.87528720498085,145.11406887322664,0,0,0.0,0.0,0.0,0.0,1,1.2973891571164131,372.25145380944014,59.0419921875,52.76708984375,23258.34912109375,27688.0
18,55,optimized,shared_mesh,scalable,cpu,legacy_full_snapshot,selected_after_full_read,selected_only,append,128,40300,4096,36799,0.3771483898162842,66.99996534734964,31.824328936636448,51.28713231533766,11.677904985845089,1.162453554570675,0.0,0.0,162.9517851397395,105.94848543405533,144.85369995236397,0,0,0.0,0.0,0.0,0.0,1,1.3423692435026169,377.2421097382903,59.0419921875,52.76708984375,23258.34912109375,27688.0
19,5,optimized,shared_mesh,scalable,cpu,legacy_full_snapshot,selected_after_full_read,selected_only,append,128,40300,4096,35627,0.40955469012260437,73.52966070175171,33.98134279996157,54.67001534998417,12.026828713715076,1.039532944560051,0.0,0.0,175.24738050997257,105.8766869828105,145.6806343048811,0,0,0.0,0.0,0.0,0.0,1,1.4471309259533882,378.0304929241538,59.0419921875,52.76708984375,23258.34912109375,27688.0
19,55,optimized,shared_mesh,scalable,cpu,legacy_full_snapshot,selected_after_full_read,selected_only,append,128,40300,4096,36574,0.38916151970624924,67.20670126378536,31.599706038832664,52.03416757285595,11.599131859838963,0.9501343593001366,0.0,0.0,163.38984109461308,105.96832167357206,144.82101798057556,0,0,0.0,0.0,0.0,0.0,1,1.4164010062813759,373.87572415173054,59.0419921875,52.76708984375,23258.34912109375,27688.0
20,5,optimized,shared_mesh,scalable,cpu,legacy_full_snapshot,selected_after_full_read,selected_only,append,128,40300,4096,35880,0.33803749829530716,72.368323802948,32.74819627404213,53.63466776907444,11.929349973797798,1.165248453617096,0.0,0.0,171.84578627347946,107.2296742349863,146.57769165933132,0,0,0.0,0.0,0.0,0.0,1,1.273922622203827,377.52037681639194,59.0419921875,52.76708984375,23258.34912109375,27688.0
20,55,optimized,shared_mesh,scalable,cpu,legacy_full_snapshot,selected_after_full_read,selected_only,append,128,40300,4096,38293,0.47017820179462433,66.61248486489058,33.02059508860111,53.272330202162266,11.92458439618349,1.169160008430481,0.0,0.0,165.99915456026793,106.78408294916153,146.2776530534029,0,0,0.0,0.0,0.0,0.0,1,1.544073224067688,375.4024859517813,59.0419921875,52.76708984375,23258.34912109375,27688.0
20,5,optimized,shared_mesh,scalable,cpu,legacy_full_snapshot,selected_after_full_read,selected_only,append,128,40300,4096,36276,0.19835215061903,75.62912255525589,32.01402258127928,53.32653783261776,12.245855294167995,1.1725127696990967,0.0,0.0,174.38805103302002,105.82305397838354,0.0,0,0,0.0,0.0,0.0,0.0,1,0.0,107.49898944050074,59.0419921875,59.0419921875,9805.41796875,27688.0
21,5,optimized,shared_mesh,scalable,cpu,legacy_full_snapshot,selected_after_full_read,selected_only,append,128,40300,4096,36851,0.3832932561635971,80.25156240910292,32.52610471099615,52.41382587701082,11.400500312447548,1.0839514434337616,0.0,0.0,177.6759447529912,106.58182110637426,146.55702281743288,0,0,0.0,0.0,0.0,0.0,1,1.4074621722102165,374.56577830016613,59.0419921875,52.76708984375,23258.34912109375,27688.0
21,55,optimized,shared_mesh,scalable,cpu,legacy_full_snapshot,selected_after_full_read,selected_only,append,128,40300,4096,36322,0.2606511116027832,65.95680862665176,32.45681803673506,52.45266389101744,11.645224876701832,1.1753067374229431,0.0,0.0,163.68682216852903,106.50192387402058,146.10025752335787,0,0,0.0,0.0,0.0,0.0,1,1.1929059401154518,387.4595081433654,59.0419921875,52.76708984375,23258.34912109375,27688.0
22,5,optimized,shared_mesh,scalable,cpu,legacy_full_snapshot,selected_after_full_read,selected_only,append,128,40300,4096,36461,0.2559022977948189,71.8207648023963,32.284460961818695,52.90133785456419,12.185226194560528,1.0917745530605316,0.0,0.0,170.28356436640024,106.03314265608788,146.99479844421148,0,0,0.0,0.0,0.0,0.0,1,1.2244749814271927,374.5029307901859,59.0419921875,52.76708984375,23258.34912109375,27688.0
22,55,optimized,shared_mesh,scalable,cpu,legacy_full_snapshot,selected_after_full_read,selected_only,append,128,40300,4096,37451,0.35815127193927765,66.59488845616579,31.029246747493744,49.47793576866388,11.497163213789463,1.1543529108166695,0.0,0.0,159.75358709692955,106.69888090342283,147.06687815487385,0,0,0.0,0.0,0.0,0.0,1,1.4672456309199333,376.42192374914885,59.0419921875,52.76708984375,23258.34912109375,27688.0
23,5,optimized,shared_mesh,scalable,cpu,legacy_full_snapshot,selected_after_full_read,selected_only,append,128,40300,4096,36401,0.43972767889499664,86.81087475270033,32.44369849562645,52.971174009144306,12.36654818058014,1.2010084465146065,0.0,0.0,185.79330388456583,106.79973475635052,147.28059712797403,0,0,0.0,0.0,0.0,0.0,1,1.467246562242508,379.5201303437352,59.0419921875,52.76708984375,23258.34912109375,27688.0
23,55,optimized,shared_mesh,scalable,cpu,legacy_full_snapshot,selected_after_full_read,selected_only,append,128,40300,4096,37585,0.3402708098292351,66.50632992386818,31.543011777102947,51.704236306250095,11.670920066535473,1.0445611551404,0.0,0.0,162.4690592288971,106.48628324270248,146.95792645215988,0,0,0.0,0.0,0.0,0.0,1,1.3074465095996857,373.8425178453326,59.0419921875,52.76708984375,23258.34912109375,27688.0
24,5,optimized,shared_mesh,scalable,cpu,legacy_full_snapshot,selected_after_full_read,selected_only,append,128,40300,4096,35863,0.4073195159435272,73.27795773744583,32.77112357318401,53.892262279987335,11.822047643363476,1.1945832520723343,0.0,0.0,172.957974486053,106.80560395121574,146.75818011164665,0,0,0.0,0.0,0.0,0.0,1,1.2596743181347847,375.1980196684599,59.0419921875,52.76708984375,23258.34912109375,27688.0
24,55,optimized,shared_mesh,scalable,cpu,legacy_full_snapshot,selected_after_full_read,selected_only,append,128,40300,4096,36352,0.426596961915493,64.27109986543655,31.90869651734829,50.81723723560572,11.254951357841492,0.9437082335352898,0.0,0.0,159.19569320976734,106.99110571295023,146.41455747187138,0,0,0.0,0.0,0.0,0.0,1,3.349635750055313,389.22291435301304,59.0419921875,52.76708984375,23258.34912109375,27688.0
25,5,optimized,shared_mesh,scalable,cpu,legacy_full_snapshot,selected_after_full_read,selected_only,append,128,40300,4096,37055,0.3112172707915306,74.9128283932805,32.723624259233475,52.59375646710396,12.112317606806755,1.0431651026010513,0.0,0.0,173.38569182902575,106.45555704832077,146.1416156962514,0,0,0.0,0.0,0.0,0.0,1,1.324768178164959,374.7183522209525,59.0419921875,52.76708984375,23258.34912109375,27688.0
25,55,optimized,shared_mesh,scalable,cpu,legacy_full_snapshot,selected_after_full_read,selected_only,append,128,40300,4096,36694,0.36150403320789337,65.9702243283391,31.55417274683714,51.08991637825966,11.946382001042366,0.9627062827348709,0.0,0.0,161.52340173721313,106.49550799280405,146.57240454107523,0,0,0.0,0.0,0.0,0.0,1,1.1931853368878365,376.7747934907675,59.0419921875,52.76708984375,23258.34912109375,27688.0
25,5,optimized,shared_mesh,scalable,cpu,legacy_full_snapshot,selected_after_full_read,selected_only,append,128,40300,4096,36562,0.17740018665790558,73.13604187220335,31.804765574634075,53.79643663764,12.582236900925636,1.0954057797789574,0.0,0.0,172.41488676518202,106.67151119560003,0.0,0,0,0.0,0.0,0.0,0.0,1,0.0,108.25497657060623,59.0419921875,59.0419921875,9805.41796875,27688.0
26,5,optimized,shared_mesh,scalable,cpu,legacy_full_snapshot,selected_after_full_read,selected_only,append,128,40300,4096,37447,0.33021438866853714,72.61725328862667,32.86498039960861,53.672393783926964,12.038299813866615,1.0697031393647194,0.0,0.0,172.26263042539358,106.24044481664896,146.2296200916171,0,0,0.0,0.0,0.0,0.0,1,1.4060651883482933,373.54389391839504,59.0419921875,52.76708984375,23258.34912109375,27688.0
26,55,optimized,shared_mesh,scalable,cpu,legacy_full_snapshot,selected_after_full_read,selected_only,append,128,40300,4096,36505,0.39139576256275177,68.09678301215172,32.450404949486256,52.51860525459051,11.929892003536224,1.0174624621868134,0.0,0.0,166.01314768195152,106.00605607032776,145.11913061141968,0,0,0.0,0.0,0.0,0.0,1,1.368628814816475,379.6400120481849,59.0419921875,52.76708984375,23258.34912109375,27688.0
27,5,optimized,shared_mesh,scalable,cpu,legacy_full_snapshot,selected_after_full_read,selected_only,append,128,40300,4096,36294,0.3592688590288162,74.96395613998175,33.22199638932943,53.664013743400574,12.150904163718224,1.0417671874165535,0.0,0.0,175.04263762384653,105.84066994488239,145.59741131961346,0,0,0.0,0.0,0.0,0.0,1,1.2635868042707443,375.201677903533,59.0419921875,52.76708984375,23258.34912109375,27688.0
27,55,optimized,shared_mesh,scalable,cpu,legacy_full_snapshot,selected_after_full_read,selected_only,append,128,40300,4096,36654,0.3913966938853264,66.57673697918653,31.79890103638172,52.59737651795149,12.515757232904434,1.1001555249094963,0.0,0.0,164.58892729133368,106.50892369449139,146.13184705376625,0,0,0.0,0.0,0.0,0.0,1,1.3278424739837646,384.5666963607073,59.0419921875,52.76708984375,23258.34912109375,27688.0
28,5,optimized,shared_mesh,scalable,cpu,legacy_full_snapshot,selected_after_full_read,selected_only,append,128,40300,4096,36876,0.547284260392189,73.99426680058241,31.66174329817295,53.38940862566233,11.687953025102615,1.185363158583641,0.0,0.0,171.91873490810394,105.71802873164415,145.16215678304434,0,0,0.0,0.0,0.0,0.0,1,1.4038300141692162,377.9350332915783,59.0419921875,52.76708984375,23258.34912109375,27688.0
28,55,optimized,shared_mesh,scalable,cpu,legacy_full_snapshot,selected_after_full_read,selected_only,append,128,40300,4096,36451,0.42100995779037476,67.31259636580944,32.22494851797819,53.13461646437645,11.8497209623456,1.017463393509388,0.0,0.0,165.53934570401907,105.97477108240128,145.1076827943325,0,0,0.0,0.0,0.0,0.0,1,1.738792285323143,372.76782654225826,59.0419921875,52.76708984375,23258.34912109375,27688.0
29,5,optimized,shared_mesh,scalable,cpu,legacy_full_snapshot,selected_after_full_read,selected_only,append,128,40300,4096,37292,0.3726789727807045,73.03100358694792,32.67501853406429,53.30279469490051,12.514615431427956,1.2426339089870453,0.0,0.0,172.76606615632772,105.73563072830439,144.45088617503643,0,0,0.0,0.0,0.0,0.0,1,1.3261642307043076,376.33844558149576,59.0419921875,52.76708984375,23258.34912109375,27688.0
29,55,optimized,shared_mesh,scalable,cpu,legacy_full_snapshot,selected_after_full_read,selected_only,append,128,40300,4096,37588,0.4419619217514992,66.7401710525155,32.322172075510025,52.316066808998585,11.854465119540691,0.9523695334792137,0.0,0.0,164.18524459004402,106.49272240698338,145.56976221501827,0,0,0.0,0.0,0.0,0.0,1,1.1993320658802986,376.43036339432,59.0419921875,52.76708984375,23258.34912109375,27688.0
30,5,optimized,shared_mesh,scalable,cpu,legacy_full_snapshot,selected_after_full_read,selected_only,append,128,40300,4096,37541,0.5243755877017975,74.8843401670456,32.79851470142603,53.423210978507996,12.312889099121094,0.9861728176474571,0.0,0.0,174.40512776374817,106.1208825558424,145.2266974374652,0,0,0.0,0.0,0.0,0.0,1,1.3479562476277351,382.6832063496113,59.0419921875,52.76708984375,23258.34912109375,27688.0
30,55,optimized,shared_mesh,scalable,cpu,legacy_full_snapshot,selected_after_full_read,selected_only,append,128,40300,4096,36857,0.4453146830201149,66.42336677759886,31.853388994932175,52.15431842952967,11.618676595389843,1.1937450617551804,0.0,0.0,163.24349585920572,106.17592092603445,144.93447914719582,0,0,0.0,0.0,0.0,0.0,1,1.4552334323525429,370.90472877025604,59.0419921875,52.76708984375,23258.34912109375,27688.0
30,5,optimized,shared_mesh,scalable,cpu,legacy_full_snapshot,selected_after_full_read,selected_only,append,128,40300,4096,36531,0.24500582367181778,72.4596967920661,31.826294027268887,52.76696290820837,12.609327211976051,1.2454278767108917,0.0,0.0,170.9077088162303,105.14197591692209,0.0,0,0,0.0,0.0,0.0,0.0,1,0.0,106.95117060095072,59.0419921875,59.0419921875,9805.41796875,27688.0
31,5,optimized,shared_mesh,scalable,cpu,legacy_full_snapshot,selected_after_full_read,selected_only,append,128,40300,4096,37751,0.3888821229338646,72.73152284324169,31.62179049104452,53.086837753653526,12.076020240783691,1.220284029841423,0.0,0.0,170.73645535856485,105.23444786667824,144.38021183013916,0,0,0.0,0.0,0.0,0.0,1,1.3638800010085106,381.85153249651194,59.0419921875,52.76708984375,23258.34912109375,27688.0
31,55,optimized,shared_mesh,scalable,cpu,legacy_full_snapshot,selected_after_full_read,selected_only,append,128,40300,4096,36544,0.31792186200618744,66.22780952602625,32.5948316603899,52.40851826965809,12.456814758479595,1.254088245332241,0.0,0.0,164.94206245988607,105.85548728704453,145.0305851176381,0,0,0.0,0.0,0.0,0.0,1,1.4976980164647102,381.57244585454464,59.0419921875,52.76708984375,23258.34912109375,27688.0
32,5,optimized,shared_mesh,scalable,cpu,legacy_full_snapshot,selected_after_full_read,selected_only,append,128,40300,4096,37387,0.6056716665625572,74.12082701921463,32.1816373616457,53.13071236014366,11.785473674535751,1.272805966436863,0.0,0.0,172.4914563819766,105.8672210201621,144.8545828461647,0,0,0.0,0.0,0.0,0.0,1,1.523120328783989,382.33037665486336,59.0419921875,52.76708984375,23258.34912109375,27688.0
32,55,optimized,shared_mesh,scalable,cpu,legacy_full_snapshot,selected_after_full_read,selected_only,append,128,40300,4096,36975,0.6836159154772758,66.79437216371298,31.899480149149895,51.27791594713926,12.206219136714935,1.0590879246592522,0.0,0.0,163.23707532137632,105.52192106842995,144.71573755145073,0,0,0.0,0.0,0.0,0.0,1,1.2046396732330322,363.57996240258217,59.0419921875,52.76708984375,23258.34912109375,27688.0
33,5,optimized,shared_mesh,scalable,cpu,legacy_full_snapshot,selected_after_full_read,selected_only,append,128,40300,4096,36931,0.4444774240255356,74.9027831479907,33.15525781363249,53.57461888343096,11.7404880002141,1.2174909934401512,0.0,0.0,174.5906388387084,106.12116940319538,144.92163434624672,0,0,0.0,0.0,0.0,0.0,1,1.5088729560375214,372.4326156079769,59.0419921875,52.76708984375,23258.34912109375,27688.0
33,55,optimized,shared_mesh,scalable,cpu,legacy_full_snapshot,selected_after_full_read,selected_only,append,128,40300,4096,36181,0.4707369953393936,66.31804816424847,31.194355338811874,51.1214816942811,11.655289679765701,1.2043602764606476,0.0,0.0,161.4935351535678,105.47135677188635,145.00823989510536,0,0,0.0,0.0,0.0,0.0,1,1.4166804030537605,372.0141230151057,59.0419921875,52.76708984375,23258.34912109375,27688.0
34,5,optimized,shared_mesh,scalable,cpu,legacy_full_snapshot,selected_after_full_read,selected_only,append,128,40300,4096,37451,0.4182141274213791,73.28076660633087,31.97408653795719,53.35391592234373,11.765912175178528,1.2138597667217255,0.0,0.0,171.58854100853205,105.60489539057016,145.15127800405025,0,0,0.0,0.0,0.0,0.0,1,1.3163881376385689,382.9296361654997,59.0419921875,52.76708984375,23258.34912109375,27688.0
34,55,optimized,shared_mesh,scalable,cpu,legacy_full_snapshot,selected_after_full_read,selected_only,append,128,40300,4096,37595,0.37323683500289917,65.17710629850626,31.370926648378372,50.979847088456154,11.368642561137676,1.211344264447689,0.0,0.0,160.10786686092615,106.07954580336809,145.24179510772228,0,0,0.0,0.0,0.0,0.0,1,1.4527197927236557,380.31223230063915,59.0419921875,52.76708984375,23258.34912109375,27688.0
35,5,optimized,shared_mesh,scalable,cpu,legacy_full_snapshot,selected_after_full_read,selected_only,append,128,40300,4096,37269,0.49560051411390305,73.6148925498128,32.49929938465357,53.11953462660313,11.965375393629074,1.1761439964175224,0.0,0.0,172.37524595111609,105.86750600486994,144.62020061910152,0,0,0.0,0.0,0.0,0.0,1,1.4680847525596619,381.959673948586,59.0419921875,52.76708984375,23258.34912109375,27688.0
35,55,optimized,shared_mesh,scalable,cpu,legacy_full_snapshot,selected_after_full_read,selected_only,append,128,40300,4096,36181,0.3047920763492584,65.76238572597504,30.90884629637003,49.239376559853554,11.335402727127075,1.156308688223362,0.0,0.0,158.40231999754906,106.29326477646828,145.69437503814697,0,0,0.0,0.0,0.0,0.0,1,1.717560924589634,374.1691904142499,59.0419921875,52.76708984375,23258.34912109375,27688.0
35,5,optimized,shared_mesh,scalable,cpu,legacy_full_snapshot,selected_after_full_read,selected_only,append,128,40300,4096,35875,0.20282156765460968,83.83589517325163,31.829928047955036,53.33688389509916,11.99164055287838,1.151280477643013,0.0,0.0,182.14562814682722,105.55098205804825,0.0,0,0,0.0,0.0,0.0,0.0,1,0.0,107.21881594508886,59.0419921875,59.0419921875,9805.41796875,27688.0
36,5,optimized,shared_mesh,scalable,cpu,legacy_full_snapshot,selected_after_full_read,selected_only,append,128,40300,4096,35925,0.28747133910655975,73.28579761087894,32.97982085496187,53.947027772665024,11.925979517400265,1.062719151377678,0.0,0.0,173.20134490728378,105.41660524904728,144.94510740041733,0,0,0.0,0.0,0.0,0.0,1,1.3420898467302322,371.60234805196524,59.0419921875,52.76708984375,23258.34912109375,27688.0
36,55,optimized,shared_mesh,scalable,cpu,legacy_full_snapshot,selected_after_full_read,selected_only,append,128,40300,4096,37252,0.3774277865886688,66.68290868401527,31.917642802000046,52.464685402810574,11.550811119377613,1.0283580049872398,0.0,0.0,163.64440601319075,106.27203341573477,145.1183194294572,0,0,0.0,0.0,0.0,0.0,1,1.2336941435933113,381.8294992670417,59.0419921875,52.76708984375,23258.34912109375,27688.0
37,5,optimized,shared_mesh,scalable,cpu,legacy_full_snapshot,selected_after_full_read,selected_only,append,128,40300,4096,36885,0.41961297392845154,73.06062709540129,33.84614083915949,54.53118681907654,12.597030960023403,1.1920677497982979,0.0,0.0,175.22705346345901,105.47946486622095,145.40830440819263,0,0,0.0,0.0,0.0,0.0,1,1.3566166162490845,374.4636522606015,59.0419921875,52.76708984375,23258.34912109375,27688.0
37,55,optimized,shared_mesh,scalable,cpu,legacy_full_snapshot,selected_after_full_read,selected_only,append,128,40300,4096,38305,0.4969984292984009,66.9558523222804,31.483796425163746,51.73888895660639,12.06958293914795,1.302698627114296,0.0,0.0,163.5508192703128,106.74081742763519,146.03884331882,0,0,0.0,0.0,0.0,0.0,1,1.766451634466648,386.83133013546467,59.0419921875,52.76708984375,23258.34912109375,27688.0
38,5,optimized,shared_mesh,scalable,cpu,legacy_full_snapshot,selected_after_full_read,selected_only,append,128,40300,4096,37264,0.3299349918961525,72.46193941682577,32.214063219726086,53.620447404682636,12.658772058784962,0.970807857811451,0.0,0.0,171.9260299578309,107.26351849734783,146.32854890078306,0,0,0.0,0.0,0.0,0.0,1,1.711416058242321,381.6512683406472,59.0419921875,52.76708984375,23258.34912109375,27688.0
38,55,optimized,shared_mesh,scalable,cpu,legacy_full_snapshot,selected_after_full_read,selected_only,append,128,40300,4096,36844,0.35871006548404694,66.83656293898821,31.952847726643085,52.89911571890116,11.60946674644947,1.1644111946225166,0.0,0.0,164.46240432560444,106.42764531075954,145.82624472677708,0,0,0.0,0.0,0.0,0.0,1,2.031293697655201,375.97532756626606,59.0419921875,52.76708984375,23258.34912109375,27688.0
39,5,optimized,shared_mesh,scalable,cpu,legacy_full_snapshot,selected_after_full_read,selected_only,append,128,40300,4096,37673,0.366811640560627,72.86618743091822,32.9471193253994,53.51679492741823,12.231073342263699,1.0990379378199577,0.0,0.0,172.6602129638195,106.25387914478779,145.41724883019924,0,0,0.0,0.0,0.0,0.0,1,1.8220460042357445,380.75421936810017,59.0419921875,52.76708984375,23258.34912109375,27688.0
39,55,optimized,shared_mesh,scalable,cpu,legacy_full_snapshot,selected_after_full_read,selected_only,append,128,40300,4096,36656,0.4000561311841011,66.81505218148232,31.19772206991911,50.51077250391245,11.259984225034714,1.2015663087368011,0.0,0.0,160.9850972890854,105.8948915451765,144.89259477704763,0,0,0.0,0.0,0.0,0.0,1,1.6348687931895256,372.30721581727266,59.0419921875,52.76708984375,23258.34912109375,27688.0
40,5,optimized,shared_mesh,scalable,cpu,legacy_full_snapshot,selected_after_full_read,selected_only,append,128,40300,4096,37425,0.5377857014536858,74.43289179354906,35.563137382268906,58.568909764289856,13.67233321070671,1.2803487479686737,0.0,0.0,183.5176208987832,106.25667497515678,146.33386116474867,0,0,0.0,0.0,0.0,0.0,1,1.8843449652194977,381.5339421853423,59.0419921875,52.76708984375,23258.34912109375,27688.0
40,55,optimized,shared_mesh,scalable,cpu,legacy_full_snapshot,selected_after_full_read,selected_only,append,128,40300,4096,36334,0.35368092358112335,65.66125806421041,31.15524910390377,50.35518668591976,11.07279397547245,1.111609861254692,0.0,0.0,159.3560976907611,106.0689389705658,145.59297543019056,0,0,0.0,0.0,0.0,0.0,1,1.643529161810875,386.410616338253,59.0419921875,52.76708984375,23258.34912109375,27688.0
40,5,optimized,shared_mesh,scalable,cpu,legacy_full_snapshot,selected_after_full_read,selected_only,append,128,40300,4096,36831,0.15644636005163193,74.05043672770262,34.39174499362707,61.22823338955641,14.9197056889534,1.078365370631218,0.0,0.0,185.66848617047071,105.97199853509665,0.0,0,0,0.0,0.0,0.0,0.0,1,0.0,107.54205286502838,59.0419921875,59.0419921875,9805.41796875,27688.0
41,5,optimized,shared_mesh,scalable,cpu,legacy_full_snapshot,selected_after_full_read,selected_only,append,128,40300,4096,36732,0.31512975692749023,75.37855766713619,33.786059357225895,53.81682422012091,12.593715451657772,1.0023768991231918,0.0,0.0,176.57753359526396,105.61161208897829,145.37758380174637,0,0,0.0,0.0,0.0,0.0,1,1.3834359124302864,379.78845089673996,59.0419921875,52.76708984375,23258.34912109375,27688.0
41,55,optimized,shared_mesh,scalable,cpu,legacy_full_snapshot,selected_after_full_read,selected_only,append,128,40300,4096,37695,0.4531368613243103,66.61530584096909,32.04365260899067,51.969368010759354,11.389324441552162,1.1188741773366928,0.0,0.0,163.13652507960796,106.06419201940298,145.346294157207,0,0,0.0,0.0,0.0,0.0,1,1.2803487479686737,376.1499486863613,59.0419921875,52.76708984375,23258.34912109375,27688.0
42,5,optimized,shared_mesh,scalable,cpu,legacy_full_snapshot,selected_after_full_read,selected_only,append,128,40300,4096,36756,0.4143035039305687,72.75472301989794,32.930088229477406,54.64406218379736,12.098913080990314,1.1853640899062157,0.0,0.0,173.61315060406923,106.04910645633936,145.20353730767965,0,0,0.0,0.0,0.0,0.0,1,1.4588655903935432,375.7479377090931,59.0419921875,52.76708984375,23258.34912109375,27688.0
42,55,optimized,shared_mesh,scalable,cpu,legacy_full_snapshot,selected_after_full_read,selected_only,append,128,40300,4096,37391,0.42492058128118515,66.9765304774046,31.296037137508392,50.404904410243034,11.613400653004646,1.201847568154335,0.0,0.0,161.492720246315,106.43575433641672,145.50469908863306,0,0,0.0,0.0,0.0,0.0,1,1.4982568100094795,384.933321736753,59.0419921875,52.76708984375,23258.34912109375,27688.0
43,5,optimized,shared_mesh,scalable,cpu,legacy_full_snapshot,selected_after_full_read,selected_only,append,128,40300,4096,36459,0.2807658165693283,73.70178494602442,33.149391412734985,53.52881271392107,11.762004345655441,1.1744676157832146,0.0,0.0,173.31646103411913,106.25779628753662,146.24167513102293,0,0,0.0,0.0,0.0,0.0,1,1.8497034907341003,385.128322057426,59.0419921875,52.76708984375,23258.34912109375,27688.0
43,55,optimized,shared_mesh,scalable,cpu,legacy_full_snapshot,selected_after_full_read,selected_only,append,128,40300,4096,36556,0.36932528018951416,67.25199054926634,31.311702914536,50.39737094193697,11.432337574660778,1.0495902970433235,0.0,0.0,161.4429922774434,105.84935825318098,145.03787364810705,0,0,0.0,0.0,0.0,0.0,1,1.309962011873722,381.99017103761435,59.0419921875,52.76708984375,23258.34912109375,27688.0
44,5,optimized,shared_mesh,scalable,cpu,legacy_full_snapshot,selected_after_full_read,selected_only,append,128,40300,4096,37442,0.3648558631539345,72.66392931342125,32.74067118763924,53.0566805973649,12.635034509003162,1.2068748474121094,0.0,0.0,172.30319045484066,106.146608479321,144.73475981503725,0,0,0.0,0.0,0.0,0.0,1,1.3703061267733574,383.05401150137186,59.0419921875,52.76708984375,23258.34912109375,27688.0
44,55,optimized,shared_mesh,scalable,cpu,legacy_full_snapshot,selected_after_full_read,selected_only,append,128,40300,4096,36139,0.4335809499025345,65.23662060499191,32.33501501381397,50.806076265871525,11.908972635865211,1.155192032456398,0.0,0.0,161.44187655299902,106.52208141982555,144.83421575278044,0,0,0.0,0.0,0.0,0.0,1,1.4694826677441597,373.0992507189512,59.0419921875,52.76708984375,23258.34912109375,27688.0
45,5,optimized,shared_mesh,scalable,cpu,legacy_full_snapshot,selected_after_full_read,selected_only,append,128,40300,4096,36213,0.3466969355940819,72.94832915067673,32.05902315676212,53.41204255819321,11.708628386259079,1.0805996134877205,0.0,0.0,171.20862286537886,106.87827784568071,144.38610803335905,0,0,0.0,0.0,0.0,0.0,1,1.4027133584022522,376.1231442913413,59.0419921875,52.76708984375,23258.34912109375,27688.0
45,55,optimized,shared_mesh,scalable,cpu,legacy_full_snapshot,selected_after_full_read,selected_only,append,128,40300,4096,36251,0.3830157220363617,65.81798754632473,31.1214542016387,50.32444931566715,11.223657988011837,1.0800417512655258,0.0,0.0,159.56759080290794,106.20108712464571,145.0674906373024,0,0,0.0,0.0,0.0,0.0,1,1.4957431703805923,377.1263621747494,59.0419921875,52.76708984375,23258.34912109375,27688.0
45,5,optimized,shared_mesh,scalable,cpu,legacy_full_snapshot,selected_after_full_read,selected_only,append,128,40300,4096,36687,0.17572473734617233,76.89553778618574,32.10398834198713,53.95541898906231,12.614915147423744,1.05266273021698,0.0,0.0,176.6225229948759,106.14800732582808,0.0,0,0,0.0,0.0,0.0,0.0,1,0.0,107.69068542867899,59.0419921875,59.0419921875,9805.41796875,27688.0
46,5,optimized,shared_mesh,scalable,cpu,legacy_full_snapshot,selected_after_full_read,selected_only,append,128,40300,4096,36461,0.4182159900665283,73.08186870068312,32.56187867373228,53.52406017482281,11.433190666139126,1.1898335069417953,0.0,0.0,171.79083172231913,106.1589028686285,145.70668805390596,0,0,0.0,0.0,0.0,0.0,1,1.757233403623104,375.75438152998686,59.0419921875,52.76708984375,23258.34912109375,27688.0
46,55,optimized,shared_mesh,scalable,cpu,legacy_full_snapshot,selected_after_full_read,selected_only,append,128,40300,4096,36659,0.4615169018507004,66.81924778968096,32.437547110021114,51.362321712076664,11.548285372555256,0.9970683604478836,0.0,0.0,163.16447034478188,106.7439028993249,145.8298908546567,0,0,0.0,0.0,0.0,0.0,1,1.6452046111226082,383.8549740612507,59.0419921875,52.76708984375,23258.34912109375,27688.0
47,5,optimized,shared_mesh,scalable,cpu,legacy_full_snapshot,selected_after_full_read,selected_only,append,128,40300,4096,35655,0.4207305610179901,73.4646050259471,32.59959816932678,53.03461942821741,11.672593653202057,1.1691609397530556,0.0,0.0,171.9405772164464,105.91613315045834,144.90881096571684,0,0,0.0,0.0,0.0,0.0,1,1.371423713862896,379.26968839019537,59.0419921875,52.76708984375,23258.34912109375,27688.0
47,55,optimized,shared_mesh,scalable,cpu,legacy_full_snapshot,selected_after_full_read,selected_only,append,128,40300,4096,37028,0.4045264795422554,68.25129594653845,31.561730429530144,51.45002994686365,11.59103773534298,1.1848034337162971,0.0,0.0,164.03889749199152,106.47710785269737,146.16010710597038,0,0,0.0,0.0,0.0,0.0,1,1.3253279030323029,379.3068462982774,59.0419921875,52.76708984375,23258.34912109375,27688.0
48,5,optimized,shared_mesh,scalable,cpu,legacy_full_snapshot,selected_after_full_read,selected_only,append,128,40300,4096,36554,0.42771361768245697,73.84845893830061,33.02562050521374,53.418741561472416,12.821945361793041,1.1934656649827957,0.0,0.0,174.3082320317626,106.53605405241251,144.94708646088839,0,0,0.0,0.0,0.0,0.0,1,1.4636162668466568,371.7524250969291,59.0419921875,52.76708984375,23258.34912109375,27688.0
48,55,optimized,shared_mesh,scalable,cpu,legacy_full_snapshot,selected_after_full_read,selected_only,append,128,40300,4096,36107,0.3589894622564316,66.69102050364017,31.624870374798775,51.38633120805025,11.292392387986183,1.187039539217949,0.0,0.0,162.18165401369333,105.926469899714,145.02223674207926,0,0,0.0,0.0,0.0,0.0,1,1.5935217961668968,371.7728219926357,59.0419921875,52.76708984375,23258.34912109375,27688.0
49,5,optimized,shared_mesh,scalable,cpu,legacy_full_snapshot,selected_after_full_read,selected_only,append,128,40300,4096,36998,0.5190679803490639,73.04918393492699,33.40138588100672,52.832627668976784,11.810334399342537,1.1116107925772667,0.0,0.0,172.2051426768303,106.78497236222029,145.94303909689188,0,0,0.0,0.0,0.0,0.0,1,1.6496749594807625,385.35044714808464,59.0419921875,52.76708984375,23258.34912109375,27688.0
49,55,optimized,shared_mesh,scalable,cpu,legacy_full_snapshot,selected_after_full_read,selected_only,append,128,40300,4096,36847,0.33943355083465576,66.29347801208496,32.07521140575409,51.682740449905396,11.774866841733456,1.1412231251597404,0.0,0.0,162.96751983463764,105.69040570408106,145.2423818409443,0,0,0.0,0.0,0.0,0.0,1,1.7670104280114174,377.0886631682515,59.0419921875,52.76708984375,23258.34912109375,27688.0
50,5,optimized,shared_mesh,scalable,cpu,legacy_full_snapshot,selected_after_full_read,selected_only,append,128,40300,4096,36781,0.3662537783384323,73.28580971807241,32.78370387852192,53.19273006170988,11.824025772511959,1.0769674554467201,0.0,0.0,172.1632368862629,105.9619514271617,145.0336929410696,0,0,0.0,0.0,0.0,0.0,1,1.4138873666524887,382.8283045440912,59.0419921875,52.76708984375,23258.34912109375,27688.0
50,55,optimized,shared_mesh,scalable,cpu,legacy_full_snapshot,selected_after_full_read,selected_only,append,128,40300,4096,37503,0.41067320853471756,65.84704574197531,31.185703352093697,50.40436051785946,11.874307878315449,1.2230779975652695,0.0,0.0,160.53449548780918,106.86375759541988,145.66786214709282,0,0,0.0,0.0,0.0,0.0,1,1.4926688745617867,377.1780654788017,59.0419921875,52.76708984375,23258.34912109375,27688.0
50,5,optimized,shared_mesh,scalable,cpu,legacy_full_snapshot,selected_after_full_read,selected_only,append,128,40300,4096,36375,0.1472271978855133,72.02250324189663,31.95425495505333,54.08168211579323,12.133290059864521,1.2384438887238503,0.0,0.0,171.43017426133156,105.93625158071518,0.0,0,0,0.0,0.0,0.0,0.0,1,0.0,107.65353310853243,59.0419921875,59.0419921875,9805.41796875,27688.0
51,5,optimized,shared_mesh,scalable,cpu,legacy_full_snapshot,selected_after_full_read,selected_only,append,128,40300,4096,37512,0.44251978397369385,74.1362115368247,33.395791426301,54.68372907489538,11.999196372926235,1.2038014829158783,0.0,0.0,175.4187298938632,106.01531248539686,144.9336800724268,0,0,0.0,0.0,0.0,0.0,1,1.8348973244428635,372.7022912353277,59.0419921875,52.76708984375,23258.34912109375,27688.0
51,55,optimized,shared_mesh,scalable,cpu,legacy_full_snapshot,selected_after_full_read,selected_only,append,128,40300,4096,36299,0.6023198366165161,66.79550651460886,31.73411451280117,51.43549479544163,11.885767802596092,1.0345038026571274,0.0,0.0,162.88538742810488,106.51845671236515,145.0336966663599,0,0,0.0,0.0,0.0,0.0,1,1.4895955100655556,382.4031101539731,59.0419921875,52.76708984375,23258.34912109375,27688.0
52,5,optimized,shared_mesh,scalable,cpu,legacy_full_snapshot,selected_after_full_read,selected_only,append,128,40300,4096,38565,0.4665469750761986,73.55540245771408,33.32957811653614,53.92245575785637,12.109542265534401,1.167483627796173,0.0,0.0,174.08446222543716,106.20975401252508,145.07420547306538,0,0,0.0,0.0,0.0,0.0,1,1.3915374875068665,374.29470010101795,59.0419921875,52.76708984375,23258.34912109375,27688.0
52,55,optimized,shared_mesh,scalable,cpu,legacy_full_snapshot,selected_after_full_read,selected_only,append,128,40300,4096,36933,0.3779875114560127,65.18522184342146,32.375821843743324,52.30769328773022,11.62874698638916,1.2082718312740326,0.0,0.0,162.7057557925582,106.31759278476238,145.353015512228,0,0,0.0,0.0,0.0,0.0,1,1.4236653223633766,375.8477149531245,59.0419921875,52.76708984375,23258.34912109375,27688.0
53,5,optimized,shared_mesh,scalable,cpu,legacy_full_snapshot,selected_after_full_read,selected_only,append,128,40300,4096,36309,0.33803656697273254,73.30117840319872,33.26505608856678,53.86434309184551,11.972084641456604,1.1543547734618187,0.0,0.0,173.55701699852943,105.73482792824507,145.59914078563452,0,0,0.0,0.0,0.0,0.0,1,1.7572324723005295,374.4975244626403,59.0419921875,52.76708984375,23258.34912109375,27688.0
53,55,optimized,shared_mesh,scalable,cpu,legacy_full_snapshot,selected_after_full_read,selected_only,append,128,40300,4096,35965,0.521581619977951,66.48708321154118,31.741089187562466,51.25195626169443,11.513933539390564,1.1155204847455025,0.0,0.0,162.10958268493414,106.51091672480106,145.61199210584164,0,0,0.0,0.0,0.0,0.0,1,1.4510443434119225,385.17026882618666,59.0419921875,52.76708984375,23258.34912109375,27688.0
54,5,optimized,shared_mesh,scalable,cpu,legacy_full_snapshot,selected_after_full_read,selected_only,append,128,40300,4096,36790,0.4232451319694519,71.56154606491327,33.21168851107359,54.0339145809412,12.004786171019077,1.056574285030365,0.0,0.0,171.8685096129775,106.27736430615187,145.3756457194686,0,0,0.0,0.0,0.0,0.0,1,2.4011777713894844,384.97275672852993,59.0419921875,52.76708984375,23258.34912109375,27688.0
54,55,optimized,shared_mesh,scalable,cpu,legacy_full_snapshot,selected_after_full_read,selected_only,append,128,40300,4096,36298,0.41374657303094864,66.92736968398094,32.593170180916786,52.40883119404316,11.874588206410408,1.157146878540516,0.0,0.0,164.9611061438918,105.91446422040462,145.3516222536564,0,0,0.0,0.0,0.0,0.0,1,1.5018889680504799,379.0766717866063,59.0419921875,52.76708984375,23258.34912109375,27688.0
55,5,optimized,shared_mesh,scalable,cpu,legacy_full_snapshot,selected_after_full_read,selected_only,append,128,40300,4096,36389,0.469340942800045,69.2902747541666,33.013613894581795,49.58581458777189,9.546603076159954,1.0303137823939323,0.0,0.0,162.46662009507418,106.32597468793392,145.7013925537467,0,0,0.0,0.0,0.0,0.0,1,1.5678200870752335,372.9255208745599,59.0419921875,52.76708984375,23258.34912109375,27688.0
55,55,optimized,shared_mesh,scalable,cpu,legacy_full_snapshot,selected_after_full_read,selected_only,append,128,40300,4096,36777,0.4679430276155472,66.84411782771349,32.64485951513052,53.64811420440674,12.039968743920326,1.0842317715287209,0.0,0.0,166.2612920626998,105.94854783266783,145.7815719768405,0,0,0.0,0.0,0.0,0.0,1,1.5320610255002975,374.9691080302,59.0419921875,52.76708984375,23258.34912109375,27688.0
55,5,optimized,shared_mesh,scalable,cpu,legacy_full_snapshot,selected_after_full_read,selected_only,append,128,40300,4096,37976,0.23774337023496628,73.20647314190865,32.18863531947136,54.90219872444868,12.62191217392683,1.1465325951576233,0.0,0.0,174.06575195491314,105.62587715685368,0.0,0,0,0.0,0.0,0.0,0.0,1,0.0,107.3322631418705,59.0419921875,59.0419921875,9805.41796875,27688.0
56,5,optimized,shared_mesh,scalable,cpu,legacy_full_snapshot,selected_after_full_read,selected_only,append,128,40300,4096,36873,0.3461390733718872,71.16847485303879,32.66021516174078,53.769078105688095,12.221291661262512,1.1699991300702095,0.0,0.0,170.98905891180038,106.55841138213873,145.5245530232787,0,0,0.0,0.0,0.0,0.0,1,1.1521177366375923,376.6713058575988,59.0419921875,52.76708984375,23258.34912109375,27688.0
56,55,optimized,shared_mesh,scalable,cpu,legacy_full_snapshot,selected_after_full_read,selected_only,append,128,40300,4096,36829,0.4193345084786415,67.50538572669029,32.01598580926657,52.26382799446583,12.254270724952221,1.2443093582987785,0.0,0.0,165.2837796136737,105.71192298084497,145.14070004224777,0,0,0.0,0.0,0.0,0.0,1,1.4015957713127136,377.3445878177881,59.0419921875,52.76708984375,23258.34912109375,27688.0
57,5,optimized,shared_mesh,scalable,cpu,legacy_full_snapshot,selected_after_full_read,selected_only,append,128,40300,4096,37555,0.4425216466188431,74.34322778135538,33.30778796225786,54.841299541294575,12.630012817680836,1.2275492772459984,0.0,0.0,176.34987737983465,106.17819055914879,145.2496536076069,0,0,0.0,0.0,0.0,0.0,1,1.4764675870537758,385.69745048880577,59.0419921875,52.76708984375,23258.34912109375,27688.0
57,55,optimized,shared_mesh,scalable,cpu,legacy_full_snapshot,selected_after_full_read,selected_only,append,128,40300,4096,37828,0.4997914656996727,66.54715072363615,31.8427886813879,52.979583851993084,12.115678749978542,0.940077006816864,0.0,0.0,164.42527901381254,106.32485896348953,146.23722527176142,0,0,0.0,0.0,0.0,0.0,1,1.8633930012583733,372.2977852448821,59.0419921875,52.76708984375,23258.34912109375,27688.0
58,5,optimized,shared_mesh,scalable,cpu,legacy_full_snapshot,selected_after_full_read,selected_only,append,128,40300,4096,35671,0.5145985633134842,73.12126737087965,33.05078763514757,54.43704128265381,12.260119430720806,1.2177703902125359,0.0,0.0,174.08698610961437,106.46398551762104,145.3935308381915,0,0,0.0,0.0,0.0,0.0,1,1.6566598787903786,372.8710524737835,59.0419921875,52.76708984375,23258.34912109375,27688.0
58,55,optimized,shared_mesh,scalable,cpu,legacy_full_snapshot,selected_after_full_read,selected_only,append,128,40300,4096,37761,0.5132006481289864,69.21456847339869,31.232645735144615,51.65284499526024,11.604728177189827,1.2188879773020744,0.0,0.0,164.92367535829544,106.6176388412714,145.8681784570217,0,0,0.0,0.0,0.0,0.0,1,1.469481736421585,372.2947146743536,59.0419921875,52.76708984375,23258.34912109375,27688.0
59,5,optimized,shared_mesh,scalable,cpu,legacy_full_snapshot,selected_after_full_read,selected_only,append,128,40300,4096,36916,0.5324780941009521,74.05659649521112,32.778119668364525,54.141491651535034,12.06537988036871,1.1979350820183754,0.0,0.0,174.23952277749777,104.48856558650732,144.64454352855682,0,0,0.0,0.0,0.0,0.0,1,1.4015957713127136,370.9347462281585,59.0419921875,52.76708984375,23258.34912109375,27688.0
59,55,optimized,shared_mesh,scalable,cpu,legacy_full_snapshot,selected_after_full_read,selected_only,append,128,40300,4096,37392,0.3852499648928642,67.51041486859322,31.952851451933384,51.39778554439545,11.525952257215977,1.1009937152266502,0.0,0.0,163.48799783736467,106.50952439755201,146.05032838881016,0,0,0.0,0.0,0.0,0.0,1,1.3225339353084564,375.1758523285389,59.0419921875,52.76708984375,23258.34912109375,27688.0
60,5,optimized,shared_mesh,scalable,cpu,legacy_full_snapshot,selected_after_full_read,selected_only,append,128,40300,4096,36458,0.3707222640514374,72.65946920961142,32.67586324363947,53.27097326517105,12.334146536886692,1.2001702561974525,0.0,0.0,172.14062251150608,106.80397972464561,145.69972082972527,0,0,0.0,0.0,0.0,0.0,1,1.3060523197054863,377.22279131412506,59.0419921875,52.76708984375,23258.34912109375,27688.0
60,55,optimized,shared_mesh,scalable,cpu,legacy_full_snapshot,selected_after_full_read,selected_only,append,128,40300,4096,35924,0.43860916048288345,67.7791703492403,32.41912089288235,52.34318785369396,12.032987549901009,1.108258031308651,0.0,0.0,165.68272467702627,106.24803509563208,145.8748858422041,0,0,0.0,0.0,0.0,0.0,1,1.247941516339779,379.46529034525156,59.0419921875,52.76708984375,23258.34912109375,27688.0
60,5,optimized,shared_mesh,scalable,cpu,legacy_full_snapshot,selected_after_full_read,selected_only,append,128,40300,4096,36826,0.1586824655532837,72.98521418124437,32.13975951075554,54.23953477293253,13.39380070567131,1.1468101292848587,0.0,0.0,173.9051192998886,105.87815009057522,0.0,0,0,0.0,0.0,0.0,0.0,1,0.0,107.50100668519735,59.0419921875,59.0419921875,9805.41796875,27688.0
61,5,optimized,shared_mesh,scalable,cpu,legacy_full_snapshot,selected_after_full_read,selected_only,append,128,40300,4096,37344,0.3810599446296692,72.71311059594154,33.06754399091005,52.971478551626205,12.16066349297762,1.2166528031229973,0.0,0.0,172.12944943457842,106.07342980802059,145.01862041652203,0,0,0.0,0.0,0.0,0.0,1,1.3901414349675179,374.7746804729104,59.0419921875,52.76708984375,23258.34912109375,27688.0
61,55,optimized,shared_mesh,scalable,cpu,legacy_full_snapshot,selected_after_full_read,selected_only,append,128,40300,4096,37849,0.33161137253046036,67.07683578133583,32.36380312591791,52.26914677768946,11.824870482087135,1.2146970257163048,0.0,0.0,164.74935319274664,106.22289124876261,145.26474382728338,0,0,0.0,0.0,0.0,0.0,1,1.8723327666521072,384.39364545047283,59.0419921875,52.76708984375,23258.34912109375,27688.0
62,5,optimized,shared_mesh,scalable,cpu,legacy_full_snapshot,selected_after_full_read,selected_only,append,128,40300,4096,36885,0.42491964995861053,73.041089810431,33.263931050896645,53.19776572287083,12.347574345767498,1.1658081784844398,0.0,0.0,173.0161691084504,106.17540031671524,145.07700968533754,0,0,0.0,0.0,0.0,0.0,1,1.4826124534010887,385.4437945410609,59.0419921875,52.76708984375,23258.34912109375,27688.0
62,55,optimized,shared_mesh,scalable,cpu,legacy_full_snapshot,selected_after_full_read,selected_only,append,128,40300,4096,36213,0.4908507689833641,67.51460768282413,31.795565970242023,51.418475806713104,11.871237307786942,1.1769821867346764,0.0,0.0,163.77686895430088,106.50449804961681,145.91260347515345,0,0,0.0,0.0,0.0,0.0,1,1.7929906025528908,375.79298578202724,59.0419921875,52.76708984375,23258.34912109375,27688.0
63,5,optimized,shared_mesh,scalable,cpu,legacy_full_snapshot,selected_after_full_read,selected_only,append,128,40300,4096,38090,0.5210237577557564,72.52593245357275,33.07815361768007,53.262303583323956,11.808945797383785,1.2015672400593758,0.0,0.0,171.87690269201994,107.0154644548893,145.81147115677595,0,0,0.0,0.0,0.0,0.0,1,2.041909843683243,375.00013690441847,59.0419921875,52.76708984375,23258.34912109375,27688.0
63,55,optimized,shared_mesh,scalable,cpu,legacy_full_snapshot,selected_after_full_read,selected_only,append,128,40300,4096,37304,0.5651647225022316,66.75360538065434,32.62138646095991,52.687362767755985,11.817882768809795,1.0152282193303108,0.0,0.0,164.89546559751034,106.20333719998598,145.63882257789373,0,0,0.0,0.0,0.0,0.0,1,1.7223116010427475,373.9888221025467,59.0419921875,52.76708984375,23258.34912109375,27688.0
64,5,optimized,shared_mesh,scalable,cpu,legacy_full_snapshot,selected_after_full_read,selected_only,append,128,40300,4096,36426,0.4020119085907936,73.75934813171625,32.12270885705948,52.83738672733307,12.13748287409544,1.048194244503975,0.0,0.0,171.9051208347082,104.82129827141762,145.33291291445494,0,0,0.0,0.0,0.0,0.0,1,1.4046691358089447,382.74760730564594,59.0419921875,52.76708984375,23258.34912109375,27688.0
64,55,optimized,shared_mesh,scalable,cpu,legacy_full_snapshot,selected_after_full_read,selected_only,append,128,40300,4096,38148,0.35507790744304657,66.54268316924572,32.312686555087566,52.73178778588772,11.502744629979134,1.147928647696972,0.0,0.0,164.2378307878971,106.74084536731243,145.93355730175972,0,0,0.0,0.0,0.0,0.0,1,1.4856848865747452,385.7301538810134,59.0419921875,52.76708984375,23258.34912109375,27688.0
65,5,optimized,shared_mesh,scalable,cpu,legacy_full_snapshot,selected_after_full_read,selected_only,append,128,40300,4096,35928,0.42296573519706726,72.6656187325716,32.52695593982935,52.594052627682686,12.29002047330141,1.0669110342860222,0.0,0.0,171.14355880767107,106.48829583078623,145.15830855816603,0,0,0.0,0.0,0.0,0.0,1,1.2848200276494026,375.446573831141,59.0419921875,52.76708984375,23258.34912109375,27688.0
65,55,optimized,shared_mesh,scalable,cpu,legacy_full_snapshot,selected_after_full_read,selected_only,append,128,40300,4096,36516,0.5347132682800293,66.77092798054218,32.69514720886946,52.50438116490841,12.67274096608162,1.0196976363658905,0.0,0.0,165.66289495676756,106.26340378075838,145.29380202293396,0,0,0.0,0.0,0.0,0.0,1,1.720355823636055,374.00111742317677,59.0419921875,52.76708984375,23258.34912109375,27688.0
65,5,optimized,shared_mesh,scalable,cpu,legacy_full_snapshot,selected_after_full_read,selected_only,append,128,40300,4096,35124,0.20757131278514862,76.33736915886402,32.58395288139582,54.11605164408684,11.868731118738651,1.1669257655739784,0.0,0.0,176.0730305686593,105.81110417842865,0.0,0,0,0.0,0.0,0.0,0.0,1,0.0,107.49570187181234,59.0419921875,59.0419921875,9805.41796875,27688.0
66,5,optimized,shared_mesh,scalable,cpu,legacy_full_snapshot,selected_after_full_read,selected_only,append,128,40300,4096,37832,0.5025854334235191,73.83310329169035,32.988197170197964,53.011161275207996,12.318224646151066,1.1565890163183212,0.0,0.0,173.3072753995657,106.32151179015636,145.95255441963673,0,0,0.0,0.0,0.0,0.0,1,1.712254248559475,370.12179754674435,59.0419921875,52.76708984375,23258.34912109375,27688.0
66,55,optimized,shared_mesh,scalable,cpu,legacy_full_snapshot,selected_after_full_read,selected_only,append,128,40300,4096,37291,0.5461666733026505,66.62593502551317,32.155683264136314,52.32335161417723,11.649690568447113,0.9833807125687599,0.0,0.0,163.7380411848426,106.04102537035942,144.91888973861933,0,0,0.0,0.0,0.0,0.0,1,1.4085788279771805,373.35354276001453,59.0419921875,52.76708984375,23258.34912109375,27688.0
67,5,optimized,shared_mesh,scalable,cpu,legacy_full_snapshot,selected_after_full_read,selected_only,append,128,40300,4096,36716,0.544210895895958,73.80041666328907,32.25680626928806,53.75232174992561,11.712562292814255,0.9722048416733742,0.0,0.0,172.49431181699038,105.83708714693785,144.97672021389008,0,0,0.0,0.0,0.0,0.0,1,1.4381930232048035,371.3884586468339,59.0419921875,52.76708984375,23258.34912109375,27688.0
67,55,optimized,shared_mesh,scalable,cpu,legacy_full_snapshot,selected_after_full_read,selected_only,append,128,40300,4096,36564,0.34641847014427185,65.98869524896145,32.380579970777035,52.551872096955776,12.431643903255463,1.1655287817120552,0.0,0.0,164.51832000166178,106.10444284975529,145.1524430885911,0,0,0.0,0.0,0.0,0.0,1,1.7119748517870903,385.3373685851693,59.0419921875,52.76708984375,23258.34912109375,27688.0
68,5,optimized,shared_mesh,scalable,cpu,legacy_full_snapshot,selected_after_full_read,selected_only,append,128,40300,4096,36143,0.3799423575401306,74.94890410453081,33.4695540368557,53.74840833246708,11.873755604028702,1.2018466368317604,0.0,0.0,175.24246871471405,106.64893500506878,145.87433356791735,0,0,0.0,0.0,0.0,0.0,1,1.8273545429110527,376.27267464995384,59.0419921875,52.76708984375,23258.34912109375,27688.0
68,55,optimized,shared_mesh,scalable,cpu,legacy_full_snapshot,selected_after_full_read,selected_only,append,128,40300,4096,36235,0.5199071019887924,65.81688299775124,32.23865386098623,51.959327422082424,11.623159050941467,1.1660875752568245,0.0,0.0,162.80411090701818,105.57364206761122,144.98901274055243,0,0,0.0,0.0,0.0,0.0,1,1.3932138681411743,373.4865263104439,59.0419921875,52.76708984375,23258.34912109375,27688.0
69,5,optimized,shared_mesh,scalable,cpu,legacy_full_snapshot,selected_after_full_read,selected_only,append,128,40300,4096,36837,0.44950656592845917,74.93102457374334,33.67964271456003,53.414844907820225,12.474113143980503,1.087305136024952,0.0,0.0,175.58693047612906,105.80440051853657,145.11305280029774,0,0,0.0,0.0,0.0,0.0,1,1.3691894710063934,370.59114407747984,59.0419921875,52.76708984375,23258.34912109375,27688.0
69,55,optimized,shared_mesh,scalable,cpu,legacy_full_snapshot,selected_after_full_read,selected_only,append,128,40300,4096,37049,0.37631113082170486,67.12628714740276,31.69639501720667,51.842558197677135,11.920125223696232,1.133400946855545,0.0,0.0,163.71876653283834,106.4455546438694,146.34982123970985,0,0,0.0,0.0,0.0,0.0,1,1.9499966874718666,376.3028495013714,59.0419921875,52.76708984375,23258.34912109375,27688.0
70,5,optimized,shared_mesh,scalable,cpu,legacy_full_snapshot,selected_after_full_read,selected_only,append,128,40300,4096,36828,0.698423944413662,73.47914390265942,32.58340433239937,53.39751485735178,12.02600821852684,1.0018181055784225,0.0,0.0,172.48788941651583,106.32654279470444,146.10760938376188,0,0,0.0,0.0,0.0,0.0,1,1.4460152015089989,373.82847536355257,59.0419921875,52.76708984375,23258.34912109375,27688.0
70,55,optimized,shared_mesh,scalable,cpu,legacy_full_snapshot,selected_after_full_read,selected_only,append,128,40300,4096,36376,0.5389023572206497,67.00364407151937,32.45293255895376,52.729553543031216,12.526912614703178,1.1445758864283562,0.0,0.0,165.8576186746359,106.35895002633333,145.82209289073944,0,0,0.0,0.0,0.0,0.0,1,1.4979774132370949,375.1655388623476,59.0419921875,52.76708984375,23258.34912109375,27688.0
70,5,optimized,shared_mesh,scalable,cpu,legacy_full_snapshot,selected_after_full_read,selected_only,append,128,40300,4096,37418,0.20757131278514862,70.50050981342793,32.07660838961601,53.442212752997875,9.29994322359562,0.9741606190800667,0.0,0.0,166.2934347987175,105.89044913649559,0.0,0,0,0.0,0.0,0.0,0.0,1,0.0,107.39345476031303,59.0419921875,59.0419921875,9805.41796875,27688.0
71,5,optimized,shared_mesh,scalable,cpu,legacy_full_snapshot,selected_after_full_read,selected_only,append,128,40300,4096,37953,0.6204806268215179,81.67723566293716,32.94209949672222,53.41483186930418,12.475252151489258,0.9565595537424088,0.0,0.0,181.46597873419523,106.53495322912931,145.25441639125347,0,0,0.0,0.0,0.0,0.0,1,1.435399055480957,371.81003484874964,59.0419921875,52.76708984375,23258.34912109375,27688.0
71,55,optimized,shared_mesh,scalable,cpu,legacy_full_snapshot,selected_after_full_read,selected_only,append,128,40300,4096,36201,0.46794209629297256,66.7946757748723,31.684111803770065,51.48217361420393,11.594929732382298,1.2082718312740326,0.0,0.0,162.76416275650263,106.40309099107981,145.90786024928093,0,0,0.0,0.0,0.0,0.0,1,1.3532647863030434,386.06233708560467,59.0419921875,52.76708984375,23258.34912109375,27688.0
72,5,optimized,shared_mesh,scalable,cpu,legacy_full_snapshot,selected_after_full_read,selected_only,append,128,40300,4096,37182,0.3665313124656677,78.60277686268091,33.55169855058193,53.78304794430733,12.57775817066431,1.06048583984375,0.0,0.0,179.57576736807823,106.24357126653194,145.17786912620068,0,0,0.0,0.0,0.0,0.0,1,1.8175756558775902,372.3629079759121,59.0419921875,52.76708984375,23258.34912109375,27688.0
72,55,optimized,shared_mesh,scalable,cpu,legacy_full_snapshot,selected_after_full_read,selected_only,append,128,40300,4096,35582,0.40229130536317825,67.52746179699898,31.99448622763157,51.824115216732025,11.446316726505756,1.2736450880765915,0.0,0.0,164.06602505594492,106.54640849679708,145.4069521278143,0,0,0.0,0.0,0.0,0.0,1,1.4736726880073547,378.128532320261,59.0419921875,52.76708984375,23258.34912109375,27688.0
73,5,optimized,shared_mesh,scalable,cpu,legacy_full_snapshot,selected_after_full_read,selected_only,append,128,40300,4096,37213,0.3916751593351364,75.20927768200636,33.05217996239662,54.0406322106719,12.850144878029823,1.2781154364347458,0.0,0.0,176.43035016953945,106.74112942069769,146.75407111644745,0,0,0.0,0.0,0.0,0.0,1,1.3552196323871613,389.3301226198673,59.0419921875,52.76708984375,23258.34912109375,27688.0
73,55,optimized,shared_mesh,scalable,cpu,legacy_full_snapshot,selected_after_full_read,selected_only,append,128,40300,4096,37046,0.45397505164146423,65.6811110675335,31.52710199356079,52.89885122328997,11.725962162017822,1.065792515873909,0.0,0.0,162.89881896227598,106.13433923572302,145.2136291190982,0,0,0.0,0.0,0.0,0.0,1,1.3960078358650208,371.85417860746384,59.0419921875,52.76708984375,23258.34912109375,27688.0
74,5,optimized,shared_mesh,scalable,cpu,legacy_full_snapshot,selected_after_full_read,selected_only,append,128,40300,4096,36792,0.3897203132510185,75.1352459192276,33.59136264771223,54.102358408272266,12.243091128766537,1.0744547471404076,0.0,0.0,176.14651285111904,106.1505414545536,145.68073488771915,0,0,0.0,0.0,0.0,0.0,1,1.3677924871444702,380.03718480467796,59.0419921875,52.76708984375,23258.34912109375,27688.0
74,55,optimized,shared_mesh,scalable,cpu,legacy_full_snapshot,selected_after_full_read,selected_only,append,128,40300,4096,37114,0.39698369801044464,64.87820390611887,31.163633801043034,51.01618729531765,11.748596094548702,1.1571478098630905,0.0,0.0,159.96376890689135,106.11254815012217,145.5097608268261,0,0,0.0,0.0,0.0,0.0,1,1.3189027085900307,375.73350314050913,59.0419921875,52.76708984375,23258.34912109375,27688.0
75,5,optimized,shared_mesh,scalable,cpu,legacy_full_snapshot,selected_after_full_read,selected_only,append,128,40300,4096,37007,0.34837331622838974,73.93144443631172,32.386441715061665,54.05964143574238,12.34950590878725,1.1557498946785927,0.0,0.0,173.8827833905816,106.54445271939039,145.6852052360773,0,0,0.0,0.0,0.0,0.0,1,1.4630574733018875,380.6266561150551,59.0419921875,52.76708984375,23258.34912109375,27688.0
75,55,optimized,shared_mesh,scalable,cpu,legacy_full_snapshot,selected_after_full_read,selected_only,append,128,40300,4096,35667,0.5190689116716385,66.44350942224264,31.320377252995968,51.10724829137325,11.304674670100212,1.1239023879170418,0.0,0.0,161.29971202462912,105.89994862675667,145.9458563476801,0,0,0.0,0.0,0.0,0.0,1,1.7745532095432281,384.00283455848694,59.0419921875,52.76708984375,23258.34912109375,27688.0
75,5,optimized,shared_mesh,scalable,cpu,legacy_full_snapshot,selected_after_full_read,selected_only,append,128,40300,4096,36742,0.6104223430156708,75.50932187587023,31.775749288499355,54.049013182520866,11.853069998323917,1.1853640899062157,0.0,0.0,174.37251843512058,105.46776466071606,0.0,0,0,0.0,0.0,0.0,0.0,1,0.0,107.66695998609066,59.0419921875,59.0419921875,9805.41796875,27688.0
76,5,optimized,shared_mesh,scalable,cpu,legacy_full_snapshot,selected_after_full_read,selected_only,append,128,40300,4096,37443,0.5685156211256981,84.20105837285519,32.853550277650356,54.23729121685028,12.28388026356697,1.1775419116020203,0.0,0.0,184.75332204252481,106.23658914119005,144.96527146548033,0,0,0.0,0.0,0.0,0.0,1,1.8304279074072838,376.04108918458223,59.0419921875,52.76708984375,23258.34912109375,27688.0
76,55,optimized,shared_mesh,scalable,cpu,legacy_full_snapshot,selected_after_full_read,selected_only,append,128,40300,4096,37321,0.3751926124095917,66.00825302302837,30.89795634150505,50.46666692942381,10.983122512698174,1.1951420456171036,0.0,0.0,159.5511408522725,106.03460483253002,145.51730547100306,0,0,0.0,0.0,0.0,0.0,1,1.5373695641756058,376.66715681552887,59.0419921875,52.76708984375,23258.34912109375,27688.0
77,5,optimized,shared_mesh,scalable,cpu,legacy_full_snapshot,selected_after_full_read,selected_only,append,128,40300,4096,36347,0.4453156143426895,75.58335550129414,33.372050151228905,52.436492405831814,10.026010684669018,1.2068748474121094,0.0,0.0,172.62478359043598,106.4287954941392,145.45500557869673,0,0,0.0,0.0,0.0,0.0,1,1.422547735273838,384.0589905157685,59.0419921875,52.76708984375,23258.34912109375,27688.0
77,55,optimized,shared_mesh,scalable,cpu,legacy_full_snapshot,selected_after_full_read,selected_only,append,128,40300,4096,36136,0.45146141201257706,70.65639924257994,32.28671569377184,51.84842925518751,11.567546986043453,1.070263795554638,0.0,0.0,167.42935497313738,106.44946899265051,145.16362454742193,0,0,0.0,0.0,0.0,0.0,1,1.4423830434679985,383.939141407609,59.0419921875,52.76708984375,23258.34912109375,27688.0
78,5,optimized,shared_mesh,scalable,cpu,legacy_full_snapshot,selected_after_full_read,selected_only,append,128,40300,4096,35889,0.3545200452208519,74.73938073962927,34.708283841609955,56.63122143596411,13.408606871962547,1.0367399081587791,0.0,0.0,180.52423279732466,106.66514188051224,146.20930328965187,0,0,0.0,0.0,0.0,0.0,1,1.340414397418499,374.48305170983076,59.0419921875,52.76708984375,23258.34912109375,27688.0
78,55,optimized,shared_mesh,scalable,cpu,legacy_full_snapshot,selected_after_full_read,selected_only,append,128,40300,4096,38194,0.5003511905670166,66.61169044673443,31.462294049561024,51.5573238953948,11.529838666319847,1.1677630245685577,0.0,0.0,162.32891008257866,106.31509311497211,145.40248550474644,0,0,0.0,0.0,0.0,0.0,1,1.7237085849046707,384.4864275306463,59.0419921875,52.76708984375,23258.34912109375,27688.0
79,5,optimized,shared_mesh,scalable,cpu,legacy_full_snapshot,selected_after_full_read,selected_only,append,128,40300,4096,35687,0.4017334431409836,73.57357256114483,34.79657135903835,58.252692222595215,13.075579889118671,1.0660728439688683,0.0,0.0,180.76448887586594,106.23854584991932,145.04153933376074,0,0,0.0,0.0,0.0,0.0,1,1.5200478956103325,384.95101872831583,59.0419921875,52.76708984375,23258.34912109375,27688.0
79,55,optimized,shared_mesh,scalable,cpu,legacy_full_snapshot,selected_after_full_read,selected_only,append,128,40300,4096,37250,0.4603993147611618,66.71198550611734,32.12886117398739,52.244022488594055,11.838539503514767,1.10518466681242,0.0,0.0,164.02859333902597,106.51260707527399,145.80924808979034,0,0,0.0,0.0,0.0,0.0,1,1.1616172268986702,376.9057411700487,59.0419921875,52.76708984375,23258.34912109375,27688.0
80,5,optimized,shared_mesh,scalable,cpu,legacy_full_snapshot,selected_after_full_read,selected_only,append,128,40300,4096,36378,0.24947617202997208,73.61883111298084,32.25960582494736,53.029597736895084,12.45148852467537,1.2074336409568787,0.0,0.0,172.56695684045553,106.42320849001408,144.01541743427515,0,0,0.0,0.0,0.0,0.0,1,1.3728206977248192,376.9929064437747,59.0419921875,52.76708984375,23258.34912109375,27688.0
80,55,optimized,shared_mesh,scalable,cpu,legacy_full_snapshot,selected_after_full_read,selected_only,append,128,40300,4096,36630,0.4441970959305763,83.62025115638971,32.099523581564426,51.627169363200665,11.28958910703659,1.001538708806038,0.0,0.0,179.63807191699743,106.22597392648458,146.01989183574915,0,0,0.0,0.0,0.0,0.0,1,1.3996399939060211,377.12169624865055,59.0419921875,52.76708984375,23258.34912109375,27688.0
80,5,optimized,shared_mesh,scalable,cpu,legacy_full_snapshot,selected_after_full_read,selected_only,append,128,40300,4096,36337,0.30060019344091415,74.89135954529047,32.04700630158186,53.31288184970617,12.511268258094788,1.0129930451512337,0.0,0.0,173.77550899982452,105.3264057263732,0.0,0,0,0.0,0.0,0.0,0.0,1,0.0,107.00066480785608,59.0419921875,59.0419921875,9805.41796875,27688.0
81,5,optimized,shared_mesh,scalable,cpu,legacy_full_snapshot,selected_after_full_read,selected_only,append,128,40300,4096,37882,0.5098488181829453,73.11345171183348,33.750600181519985,54.31831628084183,11.885219253599644,1.2761587277054787,0.0,0.0,174.3437461555004,106.3477797433734,145.46282961964607,0,0,0.0,0.0,0.0,0.0,1,1.3630427420139313,381.9385813549161,59.0419921875,52.76708984375,23258.34912109375,27688.0
81,55,optimized,shared_mesh,scalable,cpu,legacy_full_snapshot,selected_after_full_read,selected_only,append,128,40300,4096,37221,0.4983944818377495,67.88505706936121,33.43826252967119,54.93767745792866,12.703772634267807,1.2004487216472626,0.0,0.0,170.16521841287613,105.6744996458292,145.1499368995428,0,0,0.0,0.0,0.0,0.0,1,1.3415319845080376,377.16891057789326,59.0419921875,52.76708984375,23258.34912109375,27688.0
82,5,optimized,shared_mesh,scalable,cpu,legacy_full_snapshot,selected_after_full_read,selected_only,append,128,40300,4096,35705,0.474369153380394,74.99751914292574,32.95049536973238,53.263695910573006,12.336949817836285,1.0551763698458672,0.0,0.0,174.60383661091328,106.19971435517073,146.0721343755722,0,0,0.0,0.0,0.0,0.0,1,1.7569530755281448,377.7740253135562,59.0419921875,52.76708984375,23258.34912109375,27688.0
82,55,optimized,shared_mesh,scalable,cpu,legacy_full_snapshot,selected_after_full_read,selected_only,append,128,40300,4096,36943,0.3701634705066681,67.79677700251341,32.827011309564114,52.517213858664036,12.069325894117355,1.1912304908037186,0.0,0.0,166.40155855566263,106.56289476901293,146.24590333551168,0,0,0.0,0.0,0.0,0.0,1,1.3365019112825394,373.38513508439064,59.0419921875,52.76708984375,23258.34912109375,27688.0
83,5,optimized,shared_mesh,scalable,cpu,legacy_full_snapshot,selected_after_full_read,selected_only,append,128,40300,4096,37492,0.4679430276155472,72.89358880370855,33.398039638996124,54.05180994421244,12.222682125866413,1.0196976363658905,0.0,0.0,173.58581814914942,107.2311457246542,147.17424660921097,0,0,0.0,0.0,0.0,0.0,1,1.4555137604475021,381.44717272371054,59.0419921875,52.76708984375,23258.34912109375,27688.0
83,55,optimized,shared_mesh,scalable,cpu,legacy_full_snapshot,selected_after_full_read,selected_only,append,128,40300,4096,35710,0.39307307451963425,66.8698288500309,32.20010455697775,53.077930584549904,11.71227265149355,0.9962311014533043,0.0,0.0,164.8563677445054,106.72660544514656,146.0137479007244,0,0,0.0,0.0,0.0,0.0,1,1.4359578490257263,373.3449075371027,59.0419921875,52.76708984375,23258.34912109375,27688.0
84,5,optimized,shared_mesh,scalable,cpu,legacy_full_snapshot,selected_after_full_read,selected_only,append,128,40300,4096,36349,0.42184721678495407,73.37885349988937,34.12466961890459,53.97107545286417,12.349802069365978,1.2124627828598022,0.0,0.0,175.03686342388391,107.31272213160992,145.7285126671195,0,0,0.0,0.0,0.0,0.0,1,1.4395900070667267,372.8666268289089,59.0419921875,52.76708984375,23258.34912109375,27688.0
84,55,optimized,shared_mesh,scalable,cpu,legacy_full_snapshot,selected_after_full_read,selected_only,append,128,40300,4096,36993,0.4441970959305763,66.39853399246931,32.65239670872688,53.053900599479675,11.881020851433277,1.183127984404564,0.0,0.0,165.1689801365137,106.73191398382187,145.4326594248414,0,0,0.0,0.0,0.0,0.0,1,1.8854644149541855,383.10020323842764,59.0419921875,52.76708984375,23258.34912109375,27688.0
85,5,optimized,shared_mesh,scalable,cpu,legacy_full_snapshot,selected_after_full_read,selected_only,append,128,40300,4096,37137,0.5453284829854965,73.76913446933031,32.52192959189415,53.34639735519886,12.058424763381481,1.0099196806550026,0.0,0.0,172.7058058604598,107.31104575097561,146.13918494433165,0,0,0.0,0.0,0.0,0.0,1,1.5320610255002975,375.373687595129,59.0419921875,52.76708984375,23258.34912109375,27688.0
85,55,optimized,shared_mesh,scalable,cpu,legacy_full_snapshot,selected_after_full_read,selected_only,append,128,40300,4096,36968,0.4369337111711502,68.09653993695974,32.79069345444441,52.620043978095055,12.427456676959991,1.164969988167286,0.0,0.0,167.09970403462648,105.7787062600255,145.83355654031038,0,0,0.0,0.0,0.0,0.0,1,1.4189165085554123,374.00729302316904,59.0419921875,52.76708984375,23258.34912109375,27688.0
85,5,optimized,shared_mesh,scalable,cpu,legacy_full_snapshot,selected_after_full_read,selected_only,append,128,40300,4096,37231,0.24389009922742844,74.35301505029202,31.937760300934315,54.30351756513119,12.278016656637192,1.227828674018383,0.0,0.0,174.1001382470131,106.35001584887505,0.0,0,0,0.0,0.0,0.0,0.0,1,0.0,108.24050940573215,59.0419921875,59.0419921875,9805.41796875,27688.0
86,5,optimized,shared_mesh,scalable,cpu,legacy_full_snapshot,selected_after_full_read,selected_only,append,128,40300,4096,37083,0.4182159900665283,72.88548815995455,32.516637817025185,53.96689008921385,11.77707128226757,1.2049200013279915,0.0,0.0,172.35100734978914,105.7750741019845,145.37985995411873,0,0,0.0,0.0,0.0,0.0,1,1.538766548037529,371.7932915315032,59.0419921875,52.76708984375,23258.34912109375,27688.0
86,55,optimized,shared_mesh,scalable,cpu,legacy_full_snapshot,selected_after_full_read,selected_only,append,128,40300,4096,37080,0.45816507190465927,67.40454211831093,31.830779276788235,51.75203736871481,11.450789868831635,1.1699981987476349,0.0,0.0,163.60814683139324,106.24329745769501,146.17857709527016,0,0,0.0,0.0,0.0,0.0,1,1.2954361736774445,384.1877905651927,59.0419921875,52.76708984375,23258.34912109375,27688.0
87,5,optimized,shared_mesh,scalable,cpu,legacy_full_snapshot,selected_after_full_read,selected_only,append,128,40300,4096,36431,0.5291253328323364,76.445491053164,32.614123076200485,54.153782315552235,12.00477872043848,1.2191683053970337,0.0,0.0,176.43734347075224,106.57798126339912,146.43503818660975,0,0,0.0,0.0,0.0,0.0,1,1.996094360947609,374.2900164797902,59.0419921875,52.76708984375,23258.34912109375,27688.0
87,55,optimized,shared_mesh,scalable,cpu,legacy_full_snapshot,selected_after_full_read,selected_only,append,128,40300,4096,35897,0.5145985633134842,67.94987060129642,32.110986299812794,52.02916823327541,12.119882740080357,1.2177713215351105,0.0,0.0,165.4276791960001,106.8115346133709,146.96109015494585,0,0,0.0,0.0,0.0,0.0,1,1.5692170709371567,374.75516740232706,59.0419921875,52.76708984375,23258.34912109375,27688.0
88,5,optimized,shared_mesh,scalable,cpu,legacy_full_snapshot,selected_after_full_read,selected_only,append,128,40300,4096,37248,0.3855302929878235,73.44506587833166,31.746409833431244,53.43524366617203,12.338617816567421,1.102670095860958,0.0,0.0,172.0680072903633,106.73079639673233,146.15175779908895,0,0,0.0,0.0,0.0,0.0,1,1.833779737353325,377.3016184568405,59.0419921875,52.76708984375,23258.34912109375,27688.0
88,55,optimized,shared_mesh,scalable,cpu,legacy_full_snapshot,selected_after_full_read,selected_only,append,128,40300,4096,37215,0.4517408087849617,74.4756581261754,33.31758361309767,52.550485357642174,11.987167410552502,1.297670416533947,0.0,0.0,173.6285649240017,107.09844715893269,146.4478885754943,0,0,0.0,0.0,0.0,0.0,1,1.5030065551400185,374.98844135552645,59.0419921875,52.76708984375,23258.34912109375,27688.0
89,5,optimized,shared_mesh,scalable,cpu,legacy_full_snapshot,selected_after_full_read,selected_only,append,128,40300,4096,36871,0.4595629870891571,76.58377941697836,32.727559097111225,54.44766767323017,12.332477606832981,1.0071266442537308,0.0,0.0,177.09861043840647,106.43718112260103,146.03889267891645,0,0,0.0,0.0,0.0,0.0,1,1.4259004965424538,382.486991584301,59.0419921875,52.76708984375,23258.34912109375,27688.0
89,55,optimized,shared_mesh,scalable,cpu,legacy_full_snapshot,selected_after_full_read,selected_only,append,128,40300,4096,36864,0.4953211173415184,66.81004445999861,33.5832629352808,55.958498269319534,14.016239903867245,1.2705717235803604,0.0,0.0,171.63861729204655,105.91476038098335,146.2593162432313,0,0,0.0,0.0,0.0,0.0,1,1.7457790672779083,373.28959722071886,59.0419921875,52.76708984375,23258.34912109375,27688.0
90,5,optimized,shared_mesh,scalable,cpu,legacy_full_snapshot,selected_after_full_read,selected_only,append,128,40300,4096,36940,0.4894556477665901,74.06722102314234,32.070476561784744,52.82314121723175,11.775975115597248,1.0579712688922882,0.0,0.0,171.79478518664837,106.13630060106516,145.20302042365074,0,0,0.0,0.0,0.0,0.0,1,1.7988597974181175,383.92714131623507,59.0419921875,52.76708984375,23258.34912109375,27688.0
90,55,optimized,shared_mesh,scalable,cpu,legacy_full_snapshot,selected_after_full_read,selected_only,append,128,40300,4096,36269,0.3299349918961525,68.18035058677197,33.24745874851942,53.73946949839592,13.261106796562672,1.314711757004261,0.0,0.0,169.74309738725424,105.97761813551188,145.28683107346296,0,0,0.0,0.0,0.0,0.0,1,1.8659066408872604,385.1918466389179,59.0419921875,52.76708984375,23258.34912109375,27688.0
90,5,optimized,shared_mesh,scalable,cpu,legacy_full_snapshot,selected_after_full_read,selected_only,append,128,40300,4096,37189,0.20002853125333786,74.85113106667995,31.61872737109661,53.512352518737316,11.358040384948254,1.1761439964175224,0.0,0.0,172.51639533787966,106.15976620465517,0.0,0,0,0.0,0.0,0.0,0.0,1,0.0,107.87984449416399,59.0419921875,59.0419921875,9805.41796875,27688.0
91,5,optimized,shared_mesh,scalable,cpu,legacy_full_snapshot,selected_after_full_read,selected_only,append,128,40300,4096,37046,0.6534447893500328,68.65835282951593,32.399022951722145,51.47378798574209,9.40942857414484,0.9576780721545219,0.0,0.0,162.89827041327953,106.00611381232738,145.68577148020267,0,0,0.0,0.0,0.0,0.0,1,1.4317678287625313,378.93341667950153,59.0419921875,52.76708984375,23258.34912109375,27688.0
91,55,optimized,shared_mesh,scalable,cpu,legacy_full_snapshot,selected_after_full_read,selected_only,append,128,40300,4096,36396,0.4215678200125694,67.8233178332448,32.205414958298206,52.45046690106392,11.634048074483871,1.1951420456171036,0.0,0.0,165.3083898127079,106.09048325568438,145.9707273170352,0,0,0.0,0.0,0.0,0.0,1,1.4225486665964127,378.7143910303712,59.0419921875,52.76708984375,23258.34912109375,27688.0
92,5,optimized,shared_mesh,scalable,cpu,legacy_full_snapshot,selected_after_full_read,selected_only,append,128,40300,4096,37488,0.3475351259112358,73.84847570210695,32.56245143711567,53.45005635172129,11.61392405629158,0.9722048416733742,0.0,0.0,172.44711238890886,106.43271263688803,145.00159583985806,0,0,0.0,0.0,0.0,0.0,1,1.744382083415985,378.38026601821184,59.0419921875,52.76708984375,23258.34912109375,27688.0
92,55,optimized,shared_mesh,scalable,cpu,legacy_full_snapshot,selected_after_full_read,selected_only,append,128,40300,4096,37279,0.4207305610179901,66.40859227627516,32.20931440591812,51.866594702005386,12.072939425706863,1.198774203658104,0.0,0.0,163.75621501356363,106.29945248365402,145.553071051836,0,0,0.0,0.0,0.0,0.0,1,1.469203270971775,378.6621503531933,59.0419921875,52.76708984375,23258.34912109375,27688.0
93,5,optimized,shared_mesh,scalable,cpu,legacy_full_snapshot,selected_after_full_read,selected_only,append,128,40300,4096,35470,0.4531377926468849,73.41908477246761,32.97870419919491,54.69268932938576,12.374657206237316,1.199052669107914,0.0,0.0,174.6641881763935,105.6362297385931,145.1577628031373,0,0,0.0,0.0,0.0,0.0,1,1.8723327666521072,372.3461702466011,59.0419921875,52.76708984375,23258.34912109375,27688.0
93,55,optimized,shared_mesh,scalable,cpu,legacy_full_snapshot,selected_after_full_read,selected_only,append,128,40300,4096,37539,0.39307307451963425,66.82261731475592,32.91333373636007,53.756517358124256,11.967339552938938,1.1898325756192207,0.0,0.0,166.6496405377984,106.57658707350492,145.86875773966312,0,0,0.0,0.0,0.0,0.0,1,1.6929786652326584,382.0089949294925,59.0419921875,52.76708984375,23258.34912109375,27688.0
94,5,optimized,shared_mesh,scalable,cpu,legacy_full_snapshot,selected_after_full_read,selected_only,append,128,40300,4096,36624,0.4472695291042328,73.25313985347748,34.03360489755869,54.481467232108116,12.317403219640255,1.1845268309116364,0.0,0.0,175.27014203369617,105.7605491951108,145.0597047805786,0,0,0.0,0.0,0.0,0.0,1,1.5717307105660439,383.1041222438216,59.0419921875,52.76708984375,23258.34912109375,27688.0
94,55,optimized,shared_mesh,scalable,cpu,legacy_full_snapshot,selected_after_full_read,selected_only,append,128,40300,4096,37409,0.31931884586811066,68.46921984106302,32.98122342675924,54.00179512798786,12.175476178526878,1.194024458527565,0.0,0.0,168.82173903286457,106.66291136294603,145.17145324498415,0,0,0.0,0.0,0.0,0.0,1,1.419474370777607,371.93968798965216,59.0419921875,52.76708984375,23258.34912109375,27688.0
95,5,optimized,shared_mesh,scalable,cpu,legacy_full_snapshot,selected_after_full_read,selected_only,append,128,40300,4096,35915,0.5330359563231468,86.11306641250849,34.7420908510685,55.559007450938225,13.656959868967533,1.0479139164090157,0.0,0.0,191.11903849989176,106.59893602132797,145.15161793679,0,0,0.0,0.0,0.0,0.0,1,1.8416019156575203,384.84012335538864,59.0419921875,52.76708984375,23258.34912109375,27688.0
95,55,optimized,shared_mesh,scalable,cpu,legacy_full_snapshot,selected_after_full_read,selected_only,append,128,40300,4096,36912,0.49224868416786194,67.90014542639256,32.49148465692997,52.81055811792612,12.10117433220148,1.1604996398091316,0.0,0.0,166.46386217325926,106.25698789954185,145.067248493433,0,0,0.0,0.0,0.0,0.0,1,1.4328854158520699,379.61005326360464,59.0419921875,52.76708984375,23258.34912109375,27688.0
95,5,optimized,shared_mesh,scalable,cpu,legacy_full_snapshot,selected_after_full_read,selected_only,append,128,40300,4096,37917,0.31792279332876205,73.21598380804062,32.42694120854139,54.769786074757576,12.974200770258904,1.1856434866786003,0.0,0.0,174.5725553482771,105.49850203096867,0.0,0,0,0.0,0.0,0.0,0.0,1,0.0,107.36915748566389,59.0419921875,59.0419921875,9805.41796875,27688.0
96,5,optimized,shared_mesh,scalable,cpu,legacy_full_snapshot,selected_after_full_read,selected_only,append,128,40300,4096,36201,0.49476325511932373,75.0659666955471,33.90090633183718,54.36721630394459,12.530549429357052,1.1616172268986702,0.0,0.0,177.0262559875846,106.08266200870275,144.8038024827838,0,0,0.0,0.0,0.0,0.0,1,1.444060355424881,382.8105079010129,59.0419921875,52.76708984375,23258.34912109375,27688.0
96,55,optimized,shared_mesh,scalable,cpu,legacy_full_snapshot,selected_after_full_read,selected_only,append,128,40300,4096,36573,0.4271548241376877,66.43513310700655,32.82169345766306,54.147631861269474,12.794562615454197,0.987570732831955,0.0,0.0,167.18659177422523,105.91420345008373,145.2468829229474,0,0,0.0,0.0,0.0,0.0,1,1.546868123114109,374.90770872682333,59.0419921875,52.76708984375,23258.34912109375,27688.0
97,5,optimized,shared_mesh,scalable,cpu,legacy_full_snapshot,selected_after_full_read,selected_only,append,128,40300,4096,37747,0.4629148170351982,74.11611173301935,33.66595692932606,55.159508250653744,12.468249537050724,0.9414739906787872,0.0,0.0,176.35130044072866,106.33185971528292,145.31281497329473,0,0,0.0,0.0,0.0,0.0,1,1.513902097940445,371.2792620062828,59.0419921875,52.76708984375,23258.34912109375,27688.0
97,55,optimized,shared_mesh,scalable,cpu,legacy_full_snapshot,selected_after_full_read,selected_only,append,128,40300,4096,37849,0.3818972036242485,70.60583680868149,33.50504022091627,54.24037389457226,12.155365198850632,1.0945694521069527,0.0,0.0,171.6011855751276,107.00514074414968,145.65616007894278,0,0,0.0,0.0,0.0,0.0,1,1.6826409846544266,385.4918945580721,59.0419921875,52.76708984375,23258.34912109375,27688.0
98,5,optimized,shared_mesh,scalable,cpu,legacy_full_snapshot,selected_after_full_read,selected_only,append,128,40300,4096,37262,0.5148779600858688,74.24601912498474,34.37778539955616,54.306596517562866,12.327169068157673,1.1585438624024391,0.0,0.0,176.41611397266388,105.91755528002977,146.0710233077407,0,0,0.0,0.0,0.0,0.0,1,1.2518540024757385,373.4195102006197,59.0419921875,52.76708984375,23258.34912109375,27688.0
98,55,optimized,shared_mesh,scalable,cpu,legacy_full_snapshot,selected_after_full_read,selected_only,append,128,40300,4096,36736,0.5316389724612236,66.7346166446805,32.69849345088005,52.192047238349915,12.15368788689375,1.0979212820529938,0.0,0.0,164.8767665028572,106.38158768415451,145.35891078412533,0,0,0.0,0.0,0.0,0.0,1,1.3610869646072388,383.43070819973946,59.0419921875,52.76708984375,23258.34912109375,27688.0
99,5,optimized,shared_mesh,scalable,cpu,legacy_full_snapshot,selected_after_full_read,selected_only,append,128,40300,4096,37360,0.3682086244225502,74.2395929992199,33.00188761204481,54.33760955929756,12.297557666897774,1.1674845591187477,0.0,0.0,175.0441323965788,106.43606539815664,145.55195532739162,0,0,0.0,0.0,0.0,0.0,1,1.4127716422080994,384.6551850438118,59.0419921875,52.76708984375,23258.34912109375,27688.0
99,55,optimized,shared_mesh,scalable,cpu,legacy_full_snapshot,selected_after_full_read,selected_only,append,128,40300,4096,37186,0.3662537783384323,67.58362054824829,32.58282970637083,51.91771499812603,11.743849143385887,1.318623311817646,0.0,0.0,165.14663770794868,106.49389401078224,145.43042983859777,0,0,0.0,0.0,0.0,0.0,1,1.3719825074076653,373.9519892260432,59.0419921875,52.76708984375,23258.34912109375,27688.0
100,5,optimized,shared_mesh,scalable,cpu,legacy_full_snapshot,selected_after_full_read,selected_only,append,128,40300,4096,37523,0.4408443346619606,74.48767311871052,33.044636249542236,54.70301769673824,12.185252271592617,1.216932199895382,0.0,0.0,175.637511536479,106.57072067260742,145.76623030006886,0,0,0.0,0.0,0.0,0.0,1,1.3943323865532875,374.38529171049595,59.0419921875,52.76708984375,23258.34912109375,27688.0
100,55,optimized,shared_mesh,scalable,cpu,legacy_full_snapshot,selected_after_full_read,selected_only,append,128,40300,4096,36609,0.4645911976695061,67.9926173761487,32.635646872222424,52.98546515405178,11.869827285408974,1.2350920587778091,0.0,0.0,166.7186487466097,106.8674111738801,146.26406785100698,0,0,0.0,0.0,0.0,0.0,1,1.6608517616987228,373.45247715711594,59.0419921875,52.76708984375,23258.34912109375,27688.0
100,5,optimized,shared_mesh,scalable,cpu,legacy_full_snapshot,selected_after_full_read,selected_only,append,128,40300,4096,36317,0.2715466544032097,74.58964455872774,31.90228994935751,53.49810793995857,12.386392802000046,1.0836739093065262,0.0,0.0,173.4601091593504,106.8042740225792,0.0,0,0,0.0,0.0,0.0,0.0,1,0.0,108.49529597908258,59.0419921875,59.0419921875,9805.41796875,27688.0
101,5,optimized,shared_mesh,scalable,cpu,legacy_full_snapshot,selected_after_full_read,selected_only,append,128,40300,4096,36286,0.3506084904074669,75.48055239021778,32.8258890658617,52.97960061579943,11.601359583437443,1.128651201725006,0.0,0.0,174.01605285704136,106.20949696749449,145.74220683425665,0,0,0.0,0.0,0.0,0.0,1,1.6820821911096573,386.24535594135523,59.0419921875,52.76708984375,23258.34912109375,27688.0
101,55,optimized,shared_mesh,scalable,cpu,legacy_full_snapshot,selected_after_full_read,selected_only,append,128,40300,4096,36186,0.5321986973285675,66.62370823323727,31.72294609248638,51.122354343533516,11.094576679170132,1.1331206187605858,0.0,0.0,161.69670596718788,106.3452698290348,145.25722060352564,0,0,0.0,0.0,0.0,0.0,1,1.7728786915540695,384.72642470151186,59.0419921875,52.76708984375,23258.34912109375,27688.0
102,5,optimized,shared_mesh,scalable,cpu,legacy_full_snapshot,selected_after_full_read,selected_only,append,128,40300,4096,36726,0.49504172056913376,74.54773783683777,32.76694193482399,53.50704584270716,12.296995148062706,1.038973219692707,0.0,0.0,174.15769398212433,106.62184655666351,145.9481017664075,0,0,0.0,0.0,0.0,0.0,1,1.7941100522875786,375.76789036393166,59.0419921875,52.76708984375,23258.34912109375,27688.0
102,55,optimized,shared_mesh,scalable,cpu,legacy_full_snapshot,selected_after_full_read,selected_only,append,128,40300,4096,36774,0.40480680763721466,68.00323259085417,31.05301223695278,51.46430246531963,11.271703988313675,0.99986232817173,0.0,0.0,162.792113609612,106.05109483003616,145.0317706912756,0,0,0.0,0.0,0.0,0.0,1,1.500772312283516,382.5177326798439,59.0419921875,52.76708984375,23258.34912109375,27688.0
103,5,optimized,shared_mesh,scalable,cpu,legacy_full_snapshot,selected_after_full_read,selected_only,append,128,40300,4096,36901,0.5031442269682884,69.25229262560606,32.024940475821495,50.38536433130503,9.083695709705353,1.0705431923270226,0.0,0.0,161.81683633476496,106.62268474698067,145.60252148658037,0,0,0.0,0.0,0.0,0.0,1,1.820928417146206,373.58909007161856,59.0419921875,52.76708984375,23258.34912109375,27688.0
103,55,optimized,shared_mesh,scalable,cpu,legacy_full_snapshot,selected_after_full_read,selected_only,append,128,40300,4096,37162,0.4078792408108711,67.88924988359213,32.93484263122082,53.14329173415899,12.596494518220425,1.039532944560051,0.0,0.0,167.60341171175241,105.94102367758751,145.25275118649006,0,0,0.0,0.0,0.0,0.0,1,1.1775409802794456,372.7859044447541,59.0419921875,52.76708984375,23258.34912109375,27688.0
104,5,optimized,shared_mesh,scalable,cpu,legacy_full_snapshot,selected_after_full_read,selected_only,append,128,40300,4096,37392,0.516274943947792,74.13455005735159,32.775322906672955,52.63149086385965,11.507788673043251,1.1565890163183212,0.0,0.0,172.20574151724577,106.29498399794102,145.98078839480877,0,0,0.0,0.0,0.0,0.0,1,1.7684083431959152,383.8240643963218,59.0419921875,52.76708984375,23258.34912109375,27688.0
104,55,optimized,shared_mesh,scalable,cpu,legacy_full_snapshot,selected_after_full_read,selected_only,append,128,40300,4096,37167,0.43916888535022736,66.04485400021076,33.6402440443635,52.47701425105333,12.630006298422813,1.1641327291727066,0.0,0.0,165.9562513232231,105.85218388587236,145.18933556973934,0,0,0.0,0.0,0.0,0.0,1,1.2504570186138153,373.9818837493658,59.0419921875,52.76708984375,23258.34912109375,27688.0
105,5,optimized,shared_mesh,scalable,cpu,legacy_full_snapshot,selected_after_full_read,selected_only,append,128,40300,4096,35549,0.4536956548690796,73.4724448993802,32.86752104759216,53.594471886754036,11.903653852641582,1.1568684130907059,0.0,0.0,172.9949600994587,106.80427495390177,146.4951066300273,0,0,0.0,0.0,0.0,0.0,1,1.5130648389458656,382.4196746572852,59.0419921875,52.76708984375,23258.34912109375,27688.0
105,55,optimized,shared_mesh,scalable,cpu,legacy_full_snapshot,selected_after_full_read,selected_only,append,128,40300,4096,36742,0.47744251787662506,67.97473691403866,31.855924986302853,51.93726532161236,11.73127070069313,1.2010084465146065,0.0,0.0,164.7002063691616,106.7467238754034,145.7757307216525,0,0,0.0,0.0,0.0,0.0,1,1.408579759299755,372.6467788219452,59.0419921875,52.76708984375,23258.34912109375,27688.0
105,5,optimized,shared_mesh,scalable,cpu,legacy_full_snapshot,selected_after_full_read,selected_only,append,128,40300,4096,36869,0.16706343740224838,74.10829048603773,32.49259386211634,53.590561263263226,11.93802896887064,1.1286521330475807,0.0,0.0,173.2581267133355,106.01505637168884,0.0,0,0,0.0,0.0,0.0,0.0,1,0.0,107.58315585553646,59.0419921875,59.0419921875,9805.41796875,27688.0
106,5,optimized,shared_mesh,scalable,cpu,legacy_full_snapshot,selected_after_full_read,selected_only,append,128,40300,4096,36449,0.36597345024347305,72.3837437108159,33.5282264277339,53.82383894175291,12.14111503213644,1.0107588022947311,0.0,0.0,172.8876829147339,107.33647365123034,145.94838209450245,0,0,0.0,0.0,0.0,0.0,1,1.3901414349675179,383.79556871950626,59.0419921875,52.76708984375,23258.34912109375,27688.0
106,55,optimized,shared_mesh,scalable,cpu,legacy_full_snapshot,selected_after_full_read,selected_only,append,128,40300,4096,37381,0.4330230876803398,67.17406585812569,32.708559185266495,53.16536594182253,12.390589341521263,1.2065963819622993,0.0,0.0,166.64517670869827,106.33912496268749,145.47512959688902,0,0,0.0,0.0,0.0,0.0,1,1.4468524605035782,372.59202264249325,59.0419921875,52.76708984375,23258.34912109375,27688.0
107,5,optimized,shared_mesh,scalable,cpu,legacy_full_snapshot,selected_after_full_read,selected_only,append,128,40300,4096,37071,0.37100259214639664,74.76899959146976,33.347186632454395,53.91379725188017,11.948357336223125,1.167764887213707,0.0,0.0,175.14610569924116,105.72199989110231,145.3834967687726,0,0,0.0,0.0,0.0,0.0,1,1.8435576930642128,372.19448015093803,59.0419921875,52.76708984375,23258.34912109375,27688.0
107,55,optimized,shared_mesh,scalable,cpu,legacy_full_snapshot,selected_after_full_read,selected_only,append,128,40300,4096,36705,0.426596961915493,68.74523870646954,31.826029531657696,51.84563808143139,11.701374314725399,1.0926136747002602,0.0,0.0,165.21089430898428,106.57351557165384,145.991126075387,0,0,0.0,0.0,0.0,0.0,1,1.2772763147950172,376.88145879656076,59.0419921875,52.76708984375,23258.34912109375,27688.0
108,5,optimized,shared_mesh,scalable,cpu,legacy_full_snapshot,selected_after_full_read,selected_only,append,128,40300,4096,37345,0.3383159637451172,74.80978779494762,32.91864972561598,53.10055147856474,11.929904110729694,1.0420465841889381,0.0,0.0,173.80093969404697,105.99466226994991,145.47596871852875,0,0,0.0,0.0,0.0,0.0,1,1.4239447191357613,374.3953527882695,59.0419921875,52.76708984375,23258.34912109375,27688.0
108,55,optimized,shared_mesh,scalable,cpu,legacy_full_snapshot,selected_after_full_read,selected_only,append,128,40300,4096,36957,0.46710483729839325,67.09891557693481,32.80690126121044,52.7189401909709,11.6153284907341,1.1956999078392982,0.0,0.0,165.43578542768955,106.13574460148811,145.04015259444714,0,0,0.0,0.0,0.0,0.0,1,1.6619674861431122,378.52834071964025,59.0419921875,52.76708984375,23258.34912109375,27688.0
109,5,optimized,shared_mesh,scalable,cpu,legacy_full_snapshot,selected_after_full_read,selected_only,append,128,40300,4096,37277,0.5109664052724838,82.38628227263689,32.97982271760702,53.904018364846706,12.008138000965118,1.239001750946045,0.0,0.0,182.51726310700178,106.7176703363657,145.01668512821198,0,0,0.0,0.0,0.0,0.0,1,1.4795400202274323,377.20776349306107,59.0419921875,52.76708984375,23258.34912109375,27688.0
109,55,optimized,shared_mesh,scalable,cpu,legacy_full_snapshot,selected_after_full_read,selected_only,append,128,40300,4096,37687,0.38077961653470993,67.03158747404814,32.41522703319788,53.25001571327448,11.755017563700676,1.0892609134316444,0.0,0.0,165.54110869765282,106.13630432635546,144.80939414352179,0,0,0.0,0.0,0.0,0.0,1,1.7806990072131157,375.1418273895979,59.0419921875,52.76708984375,23258.34912109375,27688.0
110,5,optimized,shared_mesh,scalable,cpu,legacy_full_snapshot,selected_after_full_read,selected_only,append,128,40300,4096,36447,0.340830534696579,80.52149135619402,32.23866131156683,54.006545804440975,12.504573911428452,1.1574262753129005,0.0,0.0,180.42869865894318,106.41818679869175,145.1248023658991,0,0,0.0,0.0,0.0,0.0,1,1.2591183185577393,377.4287449195981,59.0419921875,52.76708984375,23258.34912109375,27688.0
110,55,optimized,shared_mesh,scalable,cpu,legacy_full_snapshot,selected_after_full_read,selected_only,append,128,40300,4096,37933,0.4173768684267998,67.16959550976753,31.336561776697636,52.03085299581289,11.677928268909454,1.1588241904973984,0.0,0.0,163.3737627416849,105.92789389193058,145.8053458482027,0,0,0.0,0.0,0.0,0.0,1,1.859201118350029,372.943471185863,59.0419921875,52.76708984375,23258.34912109375,27688.0
110,5,optimized,shared_mesh,scalable,cpu,legacy_full_snapshot,selected_after_full_read,selected_only,append,128,40300,4096,36418,0.1497417688369751,73.64286202937365,31.955656595528126,55.24974316358566,12.482221238315105,1.1596614494919777,0.0,0.0,174.49014447629452,105.98516371101141,0.0,0,0,0.0,0.0,0.0,0.0,1,0.0,107.57282096892595,59.0419921875,59.0419921875,9805.41796875,27688.0
111,5,optimized,shared_mesh,scalable,cpu,legacy_full_snapshot,selected_after_full_read,selected_only,append,128,40300,4096,36596,0.5405796691775322,73.08607921004295,33.12928043305874,53.37965488433838,12.118200771510601,1.1943038552999496,0.0,0.0,172.90751915425062,106.60117398947477,147.04378973692656,0,0,0.0,0.0,0.0,0.0,1,1.358293928205967,386.52500975877047,59.0419921875,52.76708984375,23258.34912109375,27688.0
111,55,optimized,shared_mesh,scalable,cpu,legacy_full_snapshot,selected_after_full_read,selected_only,append,128,40300,4096,36102,0.37100259214639664,66.5848758071661,31.782733276486397,51.07653420418501,11.988561600446701,1.216653734445572,0.0,0.0,162.64935862272978,106.04271478950977,145.96402738243341,0,0,0.0,0.0,0.0,0.0,1,1.3717031106352806,373.3723033219576,59.0419921875,52.76708984375,23258.34912109375,27688.0
112,5,optimized,shared_mesh,scalable,cpu,legacy_full_snapshot,selected_after_full_read,selected_only,append,128,40300,4096,37325,0.33216923475265503,69.18608397245407,31.943071633577347,51.27013195306063,9.071131236851215,1.1599408462643623,0.0,0.0,162.63035964220762,106.20949789881706,146.27692103385925,0,0,0.0,0.0,0.0,0.0,1,1.560276374220848,383.85982532054186,59.0419921875,52.76708984375,23258.34912109375,27688.0
112,55,optimized,shared_mesh,scalable,cpu,legacy_full_snapshot,selected_after_full_read,selected_only,append,128,40300,4096,37286,0.4830295220017433,66.79244618862867,31.458931043744087,51.79087910801172,11.382905766367912,1.0602055117487907,0.0,0.0,162.4853676185012,106.1019403859973,146.44929114729166,0,0,0.0,0.0,0.0,0.0,1,1.848028041422367,385.28796192258596,59.0419921875,52.76708984375,23258.34912109375,27688.0
113,5,optimized,shared_mesh,scalable,cpu,legacy_full_snapshot,selected_after_full_read,selected_only,append,128,40300,4096,36883,0.29724836349487305,73.14334996044636,32.49651566147804,52.79157683253288,11.82849332690239,1.3015829026699066,0.0,0.0,171.56151868402958,106.6676639020443,146.56830299645662,0,0,0.0,0.0,0.0,0.0,1,1.5697777271270752,381.3410336151719,59.0419921875,52.76708984375,23258.34912109375,27688.0
113,55,optimized,shared_mesh,scalable,cpu,legacy_full_snapshot,selected_after_full_read,selected_only,append,128,40300,4096,36136,0.3648558631539345,66.07670336961746,31.715678051114082,52.03949846327305,11.688546277582645,1.0227710008621216,0.0,0.0,162.54319716244936,105.90917617082596,146.39034494757652,0,0,0.0,0.0,0.0,0.0,1,2.2503193467855453,385.4916226118803,59.0419921875,52.76708984375,23258.34912109375,27688.0
114,5,optimized,shared_mesh,scalable,cpu,legacy_full_snapshot,selected_after_full_read,selected_only,append,128,40300,4096,35871,0.4193335771560669,72.94332142919302,33.4530770778656,53.866040892899036,12.3285548761487,1.0183006525039673,0.0,0.0,173.60929492861032,106.10166192054749,145.84976434707642,0,0,0.0,0.0,0.0,0.0,1,1.4532795175909996,374.94263891130686,59.0419921875,52.76708984375,23258.34912109375,27688.0
114,55,optimized,shared_mesh,scalable,cpu,legacy_full_snapshot,selected_after_full_read,selected_only,append,128,40300,4096,37413,0.3696046769618988,66.00825767964125,31.7167853936553,51.8031632527709,11.80141232907772,1.294597052037716,0.0,0.0,162.62421570718288,106.12177569419146,145.91150637716055,0,0,0.0,0.0,0.0,0.0,1,1.3401350006461143,386.69179379940033,59.0419921875,52.76708984375,23258.34912109375,27688.0
115,5,optimized,shared_mesh,scalable,cpu,legacy_full_snapshot,selected_after_full_read,selected_only,append,128,40300,4096,37941,0.39949826896190643,73.7520968541503,32.50071872025728,53.49586717784405,11.835463345050812,1.1736303567886353,0.0,0.0,172.75777645409107,106.31454177200794,145.2292874455452,0,0,0.0,0.0,0.0,0.0,1,1.3440465554594994,376.73479318618774,59.0419921875,52.76708984375,23258.34912109375,27688.0
115,55,optimized,shared_mesh,scalable,cpu,legacy_full_snapshot,selected_after_full_read,selected_only,append,128,40300,4096,36994,0.3413902595639229,67.1869171783328,31.827702187001705,51.39192473143339,11.658933013677597,1.1166390031576157,0.0,0.0,163.18211611360312,106.02120403200388,145.7905387505889,0,0,0.0,0.0,0.0,0.0,1,1.3644387945532799,375.9184777736664,59.0419921875,52.76708984375,23258.34912109375,27688.0
115,5,optimized,shared_mesh,scalable,cpu,legacy_full_snapshot,selected_after_full_read,selected_only,append,128,40300,4096,36681,0.38720574229955673,74.1144372150302,33.51509943604469,57.40117374807596,14.3120801076293,1.0568536818027496,0.0,0.0,180.3996441885829,106.74085933715105,0.0,0,0,0.0,0.0,0.0,0.0,1,0.0,108.56178775429726,59.0419921875,59.0419921875,9805.41796875,27688.0
116,5,optimized,shared_mesh,scalable,cpu,legacy_full_snapshot,selected_after_full_read,selected_only,append,128,40300,4096,37762,0.43078698217868805,73.78561981022358,33.0725833773613,54.537360556423664,12.446166947484016,1.2096688151359558,0.0,0.0,175.0513995066285,105.63679039478302,144.90689430385828,0,0,0.0,0.0,0.0,0.0,1,1.824001781642437,375.2021733671427,59.0419921875,52.76708984375,23258.34912109375,27688.0
116,55,optimized,shared_mesh,scalable,cpu,legacy_full_snapshot,selected_after_full_read,selected_only,append,128,40300,4096,36548,0.5671195685863495,66.49603694677353,31.7603861913085,52.1258357912302,11.312215588986874,1.236768439412117,0.0,0.0,162.93124295771122,106.6425209864974,145.3332118690014,0,0,0.0,0.0,0.0,0.0,1,1.7667310312390327,387.2044375166297,59.0419921875,52.76708984375,23258.34912109375,27688.0
117,5,optimized,shared_mesh,scalable,cpu,legacy_full_snapshot,selected_after_full_read,selected_only,append,128,40300,4096,36678,0.38664694875478745,74.36670828610659,33.42318907380104,54.4457221403718,12.997649610042572,1.1915098875761032,0.0,0.0,176.4247789978981,105.42670730501413,145.4457975924015,0,0,0.0,0.0,0.0,0.0,1,1.358293928205967,376.3964772224426,59.0419921875,52.76708984375,23258.34912109375,27688.0
117,55,optimized,shared_mesh,scalable,cpu,legacy_full_snapshot,selected_after_full_read,selected_only,append,128,40300,4096,36636,0.36960653960704803,65.05030021071434,32.13276620954275,52.92957555502653,11.8645541369915,1.039811410009861,0.0,0.0,163.01700752228498,106.43913969397545,145.0381986796856,0,0,0.0,0.0,0.0,0.0,1,1.4041103422641754,377.38935742527246,59.0419921875,52.76708984375,23258.34912109375,27688.0
118,5,optimized,shared_mesh,scalable,cpu,legacy_full_snapshot,selected_after_full_read,selected_only,append,128,40300,4096,37709,0.36541465669870377,72.86286260932684,32.74068143218756,54.10489533096552,12.300907634198666,1.1688806116580963,0.0,0.0,173.17822761833668,105.8197794482112,145.31812630593777,0,0,0.0,0.0,0.0,0.0,1,1.268894411623478,386.1137796193361,59.0419921875,52.76708984375,23258.34912109375,27688.0
118,55,optimized,shared_mesh,scalable,cpu,legacy_full_snapshot,selected_after_full_read,selected_only,append,128,40300,4096,36010,0.41123200207948685,65.6646341085434,32.23391715437174,51.4408303424716,12.593953870236874,1.2065954506397247,0.0,0.0,163.13993092626333,106.19748570024967,144.87225282937288,0,0,0.0,0.0,0.0,0.0,1,1.4122119173407555,381.88217487186193,59.0419921875,52.76708984375,23258.34912109375,27688.0
119,5,optimized,shared_mesh,scalable,cpu,legacy_full_snapshot,selected_after_full_read,selected_only,append,128,40300,4096,36308,0.4103938117623329,75.0782610848546,32.99547266215086,53.29248867928982,12.327163480222225,1.0697050020098686,0.0,0.0,174.76309090852737,105.70160672068596,143.76818574965,0,0,0.0,0.0,0.0,0.0,1,1.8661869689822197,382.4898023158312,59.0419921875,52.76708984375,23258.34912109375,27688.0
119,55,optimized,shared_mesh,scalable,cpu,legacy_full_snapshot,selected_after_full_read,selected_only,append,128,40300,4096,36539,0.39893947541713715,67.26011261343956,32.22944214940071,52.48343199491501,12.469364330172539,1.1130068451166153,0.0,0.0,165.55535793304443,106.62603843957186,145.33879980444908,0,0,0.0,0.0,0.0,0.0,1,1.927647739648819,375.7637068629265,59.0419921875,52.76708984375,23258.34912109375,27688.0
120,5,optimized,shared_mesh,scalable,cpu,legacy_full_snapshot,selected_after_full_read,selected_only,append,128,40300,4096,36341,0.4550926387310028,74.86957218497992,33.29802304506302,53.74086648225784,12.870552949607372,1.229783520102501,0.0,0.0,176.00879818201065,105.87174072861671,145.48323396593332,0,0,0.0,0.0,0.0,0.0,1,1.413329504430294,373.2921266928315,59.0419921875,52.76708984375,23258.34912109375,27688.0
120,55,optimized,shared_mesh,scalable,cpu,legacy_full_snapshot,selected_after_full_read,selected_only,append,128,40300,4096,37866,0.5190679803490639,67.31961853802204,31.94672428071499,52.30128578841686,11.395742185413837,1.1417819187045097,0.0,0.0,164.10515271127224,105.92258721590042,145.2717510983348,0,0,0.0,0.0,0.0,0.0,1,1.2552058324217796,383.9606810361147,59.0419921875,52.76708984375,23258.34912109375,27688.0
120,5,optimized,shared_mesh,scalable,cpu,legacy_full_snapshot,selected_after_full_read,selected_only,append,128,40300,4096,36876,0.1776786521077156,79.23918776214123,33.302491530776024,57.15588480234146,13.540753163397312,0.9473422542214394,0.0,0.0,184.18565951287746,105.83290923386812,0.0,0,0,0.0,0.0,0.0,0.0,1,0.0,107.26523492485285,59.0419921875,59.0419921875,9805.41796875,27688.0
121,5,optimized,shared_mesh,scalable,cpu,legacy_full_snapshot,selected_after_full_read,selected_only,append,128,40300,4096,37171,0.4880577325820923,71.7384023591876,32.48282056301832,53.952074609696865,12.135250493884087,1.2403996661305428,0.0,0.0,171.54894769191742,106.09607491642237,144.97450180351734,0,0,0.0,0.0,0.0,0.0,1,1.394331455230713,384.5797646790743,59.0419921875,52.76708984375,23258.34912109375,27688.0
121,55,optimized,shared_mesh,scalable,cpu,legacy_full_snapshot,selected_after_full_read,selected_only,append,128,40300,4096,36973,0.40424708276987076,67.73224659264088,33.225951716303825,53.1444177031517,11.765635572373867,0.9794682264328003,0.0,0.0,166.84771981090307,106.5911166369915,145.7804823294282,0,0,0.0,0.0,0.0,0.0,1,1.7818165943026543,381.965147331357,59.0419921875,52.76708984375,23258.34912109375,27688.0
122,5,optimized,shared_mesh,scalable,cpu,legacy_full_snapshot,selected_after_full_read,selected_only,append,128,40300,4096,37537,0.41262805461883545,72.56561424583197,32.455447129905224,52.7588902041316,12.402601540088654,1.2096688151359558,0.0,0.0,171.3922219350934,106.42517171800137,145.96263132989407,0,0,0.0,0.0,0.0,0.0,1,1.406066119670868,383.68857745081186,59.0419921875,52.76708984375,23258.34912109375,27688.0
122,55,optimized,shared_mesh,scalable,cpu,legacy_full_snapshot,selected_after_full_read,selected_only,append,128,40300,4096,35740,0.46067964285612106,66.19459763169289,32.75130596011877,53.06283850222826,11.66618149727583,1.0118763893842697,0.0,0.0,164.68679998070002,105.66333308815956,145.14016825705767,0,0,0.0,0.0,0.0,0.0,1,1.285657286643982,371.0580123588443,59.0419921875,52.76708984375,23258.34912109375,27688.0
123,5,optimized,shared_mesh,scalable,cpu,legacy_full_snapshot,selected_after_full_read,selected_only,append,128,40300,4096,36431,0.2902653068304062,72.10102304816246,32.129982486367226,53.45340073108673,12.14614138007164,1.0571330785751343,0.0,0.0,170.8876807242632,106.83500673621893,145.71818429976702,0,0,0.0,0.0,0.0,0.0,1,1.9335141405463219,374.2358386516571,59.0419921875,52.76708984375,23258.34912109375,27688.0
123,55,optimized,shared_mesh,scalable,cpu,legacy_full_snapshot,selected_after_full_read,selected_only,append,128,40300,4096,37216,0.4679430276155472,66.960908472538,32.35934115946293,51.516531966626644,11.524546891450882,0.9719263762235641,0.0,0.0,163.333254866302,106.0754032805562,145.2804123982787,0,0,0.0,0.0,0.0,0.0,1,1.2180497869849205,374.9152636155486,59.0419921875,52.76708984375,23258.34912109375,27688.0
124,5,optimized,shared_mesh,scalable,cpu,legacy_full_snapshot,selected_after_full_read,selected_only,append,128,40300,4096,36965,0.39502885192632675,72.1404142677784,33.30834675580263,53.26679069548845,11.648590676486492,1.2099482119083405,0.0,0.0,171.5740906074643,106.37125372886658,145.82406543195248,0,0,0.0,0.0,0.0,0.0,1,1.7619822174310684,378.3651953563094,59.0419921875,52.76708984375,23258.34912109375,27688.0
124,55,optimized,shared_mesh,scalable,cpu,legacy_full_snapshot,selected_after_full_read,selected_only,append,128,40300,4096,37330,0.43218396604061127,68.58739629387856,31.83022327721119,51.396694034338,11.825410649180412,1.1063022539019585,0.0,0.0,164.7460265085101,106.49389773607254,145.95285337418318,0,0,0.0,0.0,0.0,0.0,1,1.6910219565033913,372.8482099249959,59.0419921875,52.76708984375,23258.34912109375,27688.0
125,5,optimized,shared_mesh,scalable,cpu,legacy_full_snapshot,selected_after_full_read,selected_only,append,128,40300,4096,37823,0.32881833612918854,68.36418062448502,33.16198103129864,49.274878576397896,9.426746517419815,1.037856563925743,0.0,0.0,161.2656433135271,105.78625462949276,144.85856425017118,0,0,0.0,0.0,0.0,0.0,1,1.4340030029416084,382.69597850739956,59.0419921875,52.76708984375,23258.34912109375,27688.0
125,55,optimized,shared_mesh,scalable,cpu,legacy_full_snapshot,selected_after_full_read,selected_only,append,128,40300,4096,37107,0.5897479131817818,66.77261181175709,31.199960969388485,50.32054707407951,10.948493145406246,0.9962311014533043,0.0,0.0,160.23784410208464,106.11479263752699,145.8193166181445,0,0,0.0,0.0,0.0,0.0,1,1.7427047714591026,376.2609865516424,59.0419921875,52.76708984375,23258.34912109375,27688.0
125,5,optimized,shared_mesh,scalable,cpu,legacy_full_snapshot,selected_after_full_read,selected_only,append,128,40300,4096,37383,0.21148193627595901,74.05521161854267,31.84614237397909,53.89647837728262,12.274933978915215,1.1568684130907059,0.0,0.0,173.2296347618103,105.84855452179909,0.0,0,0,0.0,0.0,0.0,0.0,1,0.0,107.61528462171555,59.0419921875,59.0419921875,9805.41796875,27688.0
126,5,optimized,shared_mesh,scalable,cpu,legacy_full_snapshot,selected_after_full_read,selected_only,append,128,40300,4096,36872,0.371001660823822,73.65096360445023,32.755483873188496,53.7570770829916,12.255938723683357,1.1529568582773209,0.0,0.0,173.572420142591,106.14915657788515,144.961372949183,0,0,0.0,0.0,0.0,0.0,1,1.8731709569692612,383.55643581598997,59.0419921875,52.76708984375,23258.34912109375,27688.0
126,55,optimized,shared_mesh,scalable,cpu,legacy_full_snapshot,selected_after_full_read,selected_only,append,128,40300,4096,36443,0.2883095294237137,63.87415621429682,31.781609170138836,51.03658884763718,11.355513706803322,1.098480075597763,0.0,0.0,159.14634801447392,106.01533856242895,146.47862687706947,0,0,0.0,0.0,0.0,0.0,1,1.7753923311829567,378.6406544968486,59.0419921875,52.76708984375,23258.34912109375,27688.0
127,5,optimized,shared_mesh,scalable,cpu,legacy_full_snapshot,selected_after_full_read,selected_only,append,128,40300,4096,36620,0.3084233030676842,73.23749829083681,31.575435772538185,53.092735819518566,12.428581714630127,1.2317392975091934,0.0,0.0,171.56599089503288,106.6020131111145,145.84194496273994,0,0,0.0,0.0,0.0,0.0,1,1.9173119217157364,379.9735251814127,59.0419921875,52.76708984375,23258.34912109375,27688.0
127,55,optimized,shared_mesh,scalable,cpu,legacy_full_snapshot,selected_after_full_read,selected_only,append,128,40300,4096,37019,0.36765076220035553,65.26122521609068,31.547507271170616,51.46262049674988,12.273797765374184,1.246265135705471,0.0,0.0,161.79141588509083,106.10613320022821,145.60308400541544,0,0,0.0,0.0,0.0,0.0,1,1.6379430890083313,374.13331121206284,59.0419921875,52.76708984375,23258.34912109375,27688.0
128,5,optimized,shared_mesh,scalable,cpu,legacy_full_snapshot,selected_after_full_read,selected_only,append,128,40300,4096,37614,0.3765905275940895,69.13942936807871,31.554479151964188,50.8136497810483,9.152133949100971,1.218888908624649,0.0,0.0,161.87858115881681,106.85512144118547,145.98526153713465,0,0,0.0,0.0,0.0,0.0,1,1.8522180616855621,376.9856709986925,59.0419921875,52.76708984375,23258.34912109375,27688.0
128,55,optimized,shared_mesh,scalable,cpu,legacy_full_snapshot,selected_after_full_read,selected_only,append,128,40300,4096,36187,0.5363887175917625,65.45371003448963,31.58409520983696,52.29206848889589,11.704172939062119,1.1806143447756767,0.0,0.0,162.21466101706028,105.67143466323614,144.99433804303408,0,0,0.0,0.0,0.0,0.0,1,1.4055073261260986,373.2865424826741,59.0419921875,52.76708984375,23258.34912109375,27688.0
129,5,optimized,shared_mesh,scalable,cpu,legacy_full_snapshot,selected_after_full_read,selected_only,append,128,40300,4096,36966,0.37826597690582275,74.17450286448002,33.20332057774067,54.7306789085269,12.163737788796425,1.0423269122838974,0.0,0.0,175.3145670518279,107.53957740962505,145.29354311525822,0,0,0.0,0.0,0.0,0.0,1,1.3756155967712402,376.67724676430225,59.0419921875,52.76708984375,23258.34912109375,27688.0
129,55,optimized,shared_mesh,scalable,cpu,legacy_full_snapshot,selected_after_full_read,selected_only,append,128,40300,4096,37532,0.3760308027267456,68.1219669058919,31.941130757331848,51.801225170493126,11.847478337585926,1.0792026296257973,0.0,0.0,164.7910038009286,106.31007328629494,145.99755220115185,0,0,0.0,0.0,0.0,0.0,1,1.4898758381605148,374.17130544781685,59.0419921875,52.76708984375,23258.34912109375,27688.0
130,5,optimized,shared_mesh,scalable,cpu,legacy_full_snapshot,selected_after_full_read,selected_only,append,128,40300,4096,37116,0.4986738786101341,74.41084738820791,32.622236758470535,53.701771423220634,11.925144121050835,1.1831289157271385,0.0,0.0,173.84312860667706,107.11772926151752,146.37162908911705,0,0,0.0,0.0,0.0,0.0,1,1.4018751680850983,374.51660446822643,59.0419921875,52.76708984375,23258.34912109375,27688.0
130,55,optimized,shared_mesh,scalable,cpu,legacy_full_snapshot,selected_after_full_read,selected_only,append,128,40300,4096,36304,0.4668254405260086,67.26039201021194,32.54931513220072,51.438866183161736,11.712562292814255,0.9451070800423622,0.0,0.0,163.90624269843102,105.72451446205378,145.23487444967031,0,0,0.0,0.0,0.0,0.0,1,1.699402928352356,383.6218100041151,59.0419921875,52.76708984375,23258.34912109375,27688.0
130,5,optimized,shared_mesh,scalable,cpu,legacy_full_snapshot,selected_after_full_read,selected_only,append,128,40300,4096,36803,0.24584494531154633,73.22660274803638,31.83636534959078,53.33494208753109,12.355116195976734,0.973881222307682,0.0,0.0,171.72690760344267,106.37684166431427,0.0,0,0,0.0,0.0,0.0,0.0,1,0.0,108.50787069648504,59.0419921875,59.0419921875,9805.41796875,27688.0
131,5,optimized,shared_mesh,scalable,cpu,legacy_full_snapshot,selected_after_full_read,selected_only,append,128,40300,4096,36672,0.44894590973854065,74.45722445845604,31.86681494116783,53.46484761685133,12.365734204649925,1.011596992611885,0.0,0.0,173.166218213737,106.00779484957457,146.17690909653902,0,0,0.0,0.0,0.0,0.0,1,1.2677786871790886,384.07438807189465,59.0419921875,52.76708984375,23258.34912109375,27688.0
131,55,optimized,shared_mesh,scalable,cpu,legacy_full_snapshot,selected_after_full_read,selected_only,append,128,40300,4096,36932,0.5064960569143295,67.65402294695377,31.858441419899464,52.426996640861034,12.292805127799511,1.0948479175567627,0.0,0.0,165.32711405307055,106.09412007033825,145.1521823182702,0,0,0.0,0.0,0.0,0.0,1,1.8259575590491295,376.8403995782137,59.0419921875,52.76708984375,23258.34912109375,27688.0
132,5,optimized,shared_mesh,scalable,cpu,legacy_full_snapshot,selected_after_full_read,selected_only,append,128,40300,4096,36068,0.3818981349468231,72.53572158515453,32.29983616620302,53.31820249557495,11.579008772969246,1.092333346605301,0.0,0.0,170.82510236650705,107.1062758564949,146.57109882682562,0,0,0.0,0.0,0.0,0.0,1,1.4326050877571106,376.89040694385767,59.0419921875,52.76708984375,23258.34912109375,27688.0
132,55,optimized,shared_mesh,scalable,cpu,legacy_full_snapshot,selected_after_full_read,selected_only,append,128,40300,4096,36639,0.3975415602326393,66.94833561778069,32.19172637909651,52.360511384904385,11.917890049517155,1.1730724945664406,0.0,0.0,164.59153592586517,106.36343341320753,146.78425807505846,0,0,0.0,0.0,0.0,0.0,1,1.405227929353714,384.79962944984436,59.0419921875,52.76708984375,23258.34912109375,27688.0
133,5,optimized,shared_mesh,scalable,cpu,legacy_full_snapshot,selected_after_full_read,selected_only,append,128,40300,4096,36709,0.5464460700750351,74.54522605985403,32.65910968184471,53.1899556517601,11.801956221461296,1.0982006788253784,0.0,0.0,173.29444829374552,106.33270256221294,145.33461071550846,0,0,0.0,0.0,0.0,0.0,1,1.3149911537766457,370.8582650870085,59.0419921875,52.76708984375,23258.34912109375,27688.0
133,55,optimized,shared_mesh,scalable,cpu,legacy_full_snapshot,selected_after_full_read,selected_only,append,128,40300,4096,36051,0.41849538683891296,66.78853742778301,31.5463924780488,50.87790358811617,11.454402469098568,0.9722048416733742,0.0,0.0,161.63944080471992,106.25419858843088,145.19269112497568,0,0,0.0,0.0,0.0,0.0,1,1.466129906475544,371.70559260994196,59.0419921875,52.76708984375,23258.34912109375,27688.0
134,5,optimized,shared_mesh,scalable,cpu,legacy_full_snapshot,selected_after_full_read,selected_only,append,128,40300,4096,36110,0.35032909363508224,73.77863582223654,34.070201218128204,55.05725182592869,13.25636450201273,1.1272551491856575,0.0,0.0,177.28970851749182,105.90722318738699,145.43853607028723,0,0,0.0,0.0,0.0,0.0,1,1.7960648983716965,384.7024105489254,59.0419921875,52.76708984375,23258.34912109375,27688.0
134,55,optimized,shared_mesh,scalable,cpu,legacy_full_snapshot,selected_after_full_read,selected_only,append,128,40300,4096,36596,0.48303045332431793,67.970828153193,32.45572280138731,52.26244870573282,11.851412244141102,1.301581971347332,0.0,0.0,165.84199387580156,105.95723055303097,145.09016275405884,0,0,0.0,0.0,0.0,0.0,1,1.4027142897248268,382.61496368795633,59.0419921875,52.76708984375,23258.34912109375,27688.0
135,5,optimized,shared_mesh,scalable,cpu,legacy_full_snapshot,selected_after_full_read,selected_only,append,128,40300,4096,36861,0.46710483729839325,73.28275498002768,33.02258253097534,53.27768623828888,11.759191751480103,1.0060090571641922,0.0,0.0,172.3482245579362,106.54111206531525,145.79417277127504,0,0,0.0,0.0,0.0,0.0,1,1.1845268309116364,377.39941757172346,59.0419921875,52.76708984375,23258.34912109375,27688.0
135,55,optimized,shared_mesh,scalable,cpu,legacy_full_snapshot,selected_after_full_read,selected_only,append,128,40300,4096,37271,0.47492701560258865,67.12629552930593,32.83064067363739,53.319597616791725,12.17099092900753,1.0300343856215477,0.0,0.0,166.47755913436413,105.90275283902884,145.4614456743002,0,0,0.0,0.0,0.0,0.0,1,1.2462669983506203,372.5286144763231,59.0419921875,52.76708984375,23258.34912109375,27688.0
135,5,optimized,shared_mesh,scalable,cpu,legacy_full_snapshot,selected_after_full_read,selected_only,append,128,40300,4096,37955,0.18242839723825455,76.23512949794531,31.577395275235176,53.1799029558897,12.173512019217014,1.199052669107914,0.0,0.0,174.36499241739511,106.64503742009401,0.0,0,0,0.0,0.0,0.0,0.0,1,0.0,108.3628786727786,59.0419921875,59.0419921875,9805.41796875,27688.0
136,5,optimized,shared_mesh,scalable,cpu,legacy_full_snapshot,selected_after_full_read,selected_only,append,128,40300,4096,36034,0.5173925310373306,74.00073483586311,32.9943522810936,54.1593749076128,12.431367300450802,1.223078928887844,0.0,0.0,174.80890825390816,106.65146168321371,146.0050968453288,0,0,0.0,0.0,0.0,0.0,1,2.0572757348418236,386.2537480890751,59.0419921875,52.76708984375,23258.34912109375,27688.0
136,55,optimized,shared_mesh,scalable,cpu,legacy_full_snapshot,selected_after_full_read,selected_only,append,128,40300,4096,37944,0.39642490446567535,66.52425322681665,32.062094658613205,51.78640969097614,11.847492307424545,1.1526765301823616,0.0,0.0,163.3729264140129,106.40114825218916,145.07479686290026,0,0,0.0,0.0,0.0,0.0,1,1.306610181927681,376.13331712782383,59.0419921875,52.76708984375,23258.34912109375,27688.0
137,5,optimized,shared_mesh,scalable,cpu,legacy_full_snapshot,selected_after_full_read,selected_only,append,128,40300,4096,36481,0.47073792666196823,71.77695538848639,32.77420252561569,54.38900738954544,11.883819475769997,1.1996114626526833,0.0,0.0,172.0235962420702,105.94018828123808,145.22453863173723,0,0,0.0,0.0,0.0,0.0,1,1.3856720179319382,372.66578432172537,59.0419921875,52.76708984375,23258.34912109375,27688.0
137,55,optimized,shared_mesh,scalable,cpu,legacy_full_snapshot,selected_after_full_read,selected_only,append,128,40300,4096,37677,0.4517408087849617,66.21582992374897,32.051206566393375,51.482184790074825,12.239710427820683,0.9596338495612144,0.0,0.0,162.94856555759907,106.69951420277357,145.9134640172124,0,0,0.0,0.0,0.0,0.0,1,1.3948911800980568,378.54092195630074,59.0419921875,52.76708984375,23258.34912109375,27688.0
138,5,optimized,shared_mesh,scalable,cpu,legacy_full_snapshot,selected_after_full_read,selected_only,append,128,40300,4096,37245,0.39586517959833145,73.96134361624718,32.0193525403738,53.54782845824957,12.189722619950771,1.0219328105449677,0.0,0.0,172.7401800453663,106.50926362723112,145.51592152565718,0,0,0.0,0.0,0.0,0.0,1,1.419195905327797,374.5297361165285,59.0419921875,52.76708984375,23258.34912109375,27688.0
138,55,optimized,shared_mesh,scalable,cpu,legacy_full_snapshot,selected_after_full_read,selected_only,append,128,40300,4096,36378,0.40173251181840897,67.438630387187,31.58465586602688,52.34569776803255,11.70837040990591,1.1741891503334045,0.0,0.0,164.25154358148575,106.3877372071147,145.16056422144175,0,0,0.0,0.0,0.0,0.0,1,1.4013173058629036,384.20206028968096,59.0419921875,52.76708984375,23258.34912109375,27688.0
139,5,optimized,shared_mesh,scalable,cpu,legacy_full_snapshot,selected_after_full_read,selected_only,append,128,40300,4096,36790,0.3466969355940819,73.09921085834503,32.62334316968918,54.47728652507067,11.912037618458271,1.1811722069978714,0.0,0.0,173.29305037856102,106.06227349489927,144.78146005421877,0,0,0.0,0.0,0.0,0.0,1,1.4616604894399643,371.735205873847,59.0419921875,52.76708984375,23258.34912109375,27688.0
139,55,optimized,shared_mesh,scalable,cpu,legacy_full_snapshot,selected_after_full_read,selected_only,append,128,40300,4096,37558,0.3539612516760826,66.41334388405085,31.62600565701723,53.029876202344894,12.104790657758713,1.3180654495954514,0.0,0.0,164.49208185076714,106.40952922403812,145.58520540595055,0,0,0.0,0.0,0.0,0.0,1,1.320578157901764,386.64793875068426,59.0419921875,52.76708984375,23258.34912109375,27688.0
140,5,optimized,shared_mesh,scalable,cpu,legacy_full_snapshot,selected_after_full_read,selected_only,append,128,40300,4096,36844,0.33356714993715286,74.03118535876274,32.67391957342625,54.069697856903076,12.022368609905243,1.0535018518567085,0.0,0.0,173.85067325085402,106.25615529716015,145.89083474129438,0,0,0.0,0.0,0.0,0.0,1,1.7217528074979782,383.51509161293507,59.0419921875,52.76708984375,23258.34912109375,27688.0
140,55,optimized,shared_mesh,scalable,cpu,legacy_full_snapshot,selected_after_full_read,selected_only,append,128,40300,4096,37003,0.38916245102882385,66.05379655957222,32.23167546093464,52.68150195479393,12.280236929655075,1.1085374280810356,0.0,0.0,164.3557483330369,105.58483004570007,144.9549486860633,0,0,0.0,0.0,0.0,0.0,1,1.5080347657203674,370.6903653219342,59.0419921875,52.76708984375,23258.34912109375,27688.0
140,5,optimized,shared_mesh,scalable,cpu,legacy_full_snapshot,selected_after_full_read,selected_only,append,128,40300,4096,36470,0.1665046438574791,72.45414704084396,31.202759593725204,53.02429758012295,12.277712114155293,1.1135656386613846,0.0,0.0,170.0724819675088,105.46078998595476,0.0,0,0,0.0,0.0,0.0,0.0,1,0.0,107.05151967704296,59.0419921875,59.0419921875,9805.41796875,27688.0
141,5,optimized,shared_mesh,scalable,cpu,legacy_full_snapshot,selected_after_full_read,selected_only,append,128,40300,4096,37404,0.48498623073101044,72.1968486905098,32.32304006814957,53.93587704747915,11.741874739527702,1.211065798997879,0.0,0.0,171.4087063446641,106.71739373356104,145.62543481588364,0,0,0.0,0.0,0.0,0.0,1,1.382598653435707,375.1390418037772,59.0419921875,52.76708984375,23258.34912109375,27688.0
141,55,optimized,shared_mesh,scalable,cpu,legacy_full_snapshot,selected_after_full_read,selected_only,append,128,40300,4096,37458,0.5936603993177414,65.85656199604273,31.266178004443645,51.05025414377451,11.041521094739437,1.1962596327066422,0.0,0.0,160.41077487170696,106.38745874166489,144.83789168298244,0,0,0.0,0.0,0.0,0.0,1,1.7223116010427475,374.243663623929,59.0419921875,52.76708984375,23258.34912109375,27688.0
142,5,optimized,shared_mesh,scalable,cpu,legacy_full_snapshot,selected_after_full_read,selected_only,append,128,40300,4096,37514,0.3726780414581299,71.73197716474533,33.44274777919054,55.635275319218636,12.70319428294897,1.1110519990324974,0.0,0.0,174.62424654513597,106.72577470541,145.8500474691391,0,0,0.0,0.0,0.0,0.0,1,1.340414397418499,373.61564114689827,59.0419921875,52.76708984375,23258.34912109375,27688.0
142,55,optimized,shared_mesh,scalable,cpu,legacy_full_snapshot,selected_after_full_read,selected_only,append,128,40300,4096,36588,0.39251428097486496,65.89204166084528,31.7595386877656,50.935172475874424,11.652489192783833,1.0026553645730019,0.0,0.0,161.24189738184214,105.82955740392208,145.1653130352497,0,0,0.0,0.0,0.0,0.0,1,1.8745679408311844,379.69527579844,59.0419921875,52.76708984375,23258.34912109375,27688.0
143,5,optimized,shared_mesh,scalable,cpu,legacy_full_snapshot,selected_after_full_read,selected_only,append,128,40300,4096,37863,0.322951003909111,73.55011161416769,32.91529696434736,54.054888896644115,12.51014694571495,1.1021122336387634,0.0,0.0,174.13255665451288,106.51485063135624,145.73829993605614,0,0,0.0,0.0,0.0,0.0,1,1.2862160801887512,376.5998641029,59.0419921875,52.76708984375,23258.34912109375,27688.0
143,55,optimized,shared_mesh,scalable,cpu,legacy_full_snapshot,selected_after_full_read,selected_only,append,128,40300,4096,37318,0.32825861126184464,66.08424801379442,31.57822508364916,50.50493869930506,11.245455592870712,1.156030222773552,0.0,0.0,160.5688976123929,106.42293933779001,145.8520032465458,0,0,0.0,0.0,0.0,0.0,1,1.5443526208400726,385.39496902376413,59.0419921875,52.76708984375,23258.34912109375,27688.0
144,5,optimized,shared_mesh,scalable,cpu,legacy_full_snapshot,selected_after_full_read,selected_only,append,128,40300,4096,36515,0.4497841000556946,73.16989172250032,32.82867278903723,53.42014692723751,12.255115434527397,1.0970830917358398,0.0,0.0,172.7709099650383,104.78555504232645,145.74891608208418,0,0,0.0,0.0,0.0,0.0,1,1.6371039673686028,370.7060096785426,59.0419921875,52.76708984375,23258.34912109375,27688.0
144,55,optimized,shared_mesh,scalable,cpu,legacy_full_snapshot,selected_after_full_read,selected_only,append,128,40300,4096,37325,0.3416687250137329,65.95517974346876,33.03374815732241,53.50619927048683,13.067217543721199,0.9680148214101791,0.0,0.0,166.53035953640938,106.05361312627792,145.49105800688267,0,0,0.0,0.0,0.0,0.0,1,1.3582929968833923,371.73408921808004,59.0419921875,52.76708984375,23258.34912109375,27688.0
145,5,optimized,shared_mesh,scalable,cpu,legacy_full_snapshot,selected_after_full_read,selected_only,append,128,40300,4096,36139,0.44894590973854065,74.6259642764926,32.35236927866936,53.25058754533529,12.001130729913712,1.0403720661997795,0.0,0.0,173.27042389661074,106.45338986068964,145.09938191622496,0,0,0.0,0.0,0.0,0.0,1,1.8041664734482765,385.44301968067884,59.0419921875,52.76708984375,23258.34912109375,27688.0
145,55,optimized,shared_mesh,scalable,cpu,legacy_full_snapshot,selected_after_full_read,selected_only,append,128,40300,4096,35977,0.38273632526397705,66.78406707942486,32.574741169810295,52.32726223766804,12.365724891424179,1.2130225077271461,0.0,0.0,165.26481788605452,105.57644907385111,144.78201884776354,0,0,0.0,0.0,0.0,0.0,1,1.250176690518856,373.4471816569567,59.0419921875,52.76708984375,23258.34912109375,27688.0
145,5,optimized,shared_mesh,scalable,cpu,legacy_full_snapshot,selected_after_full_read,selected_only,append,128,40300,4096,36389,0.3299359232187271,73.0578638613224,31.82155266404152,54.35521528124809,12.057577259838581,1.0794829577207565,0.0,0.0,172.37169202417135,105.90610466897488,0.0,0,0,0.0,0.0,0.0,0.0,1,0.0,107.6739551499486,59.0419921875,59.0419921875,9805.41796875,27688.0
146,5,optimized,shared_mesh,scalable,cpu,legacy_full_snapshot,selected_after_full_read,selected_only,append,128,40300,4096,36998,0.48135314136743546,73.16625863313675,32.726711593568325,53.67270112037659,11.801688000559807,1.1361939832568169,0.0,0.0,172.50355333089828,106.18603322654963,144.78173945099115,0,0,0.0,0.0,0.0,0.0,1,1.593802124261856,373.81818518042564,59.0419921875,52.76708984375,23258.34912109375,27688.0
146,55,optimized,shared_mesh,scalable,cpu,legacy_full_snapshot,selected_after_full_read,selected_only,append,128,40300,4096,36969,0.4394473508000374,67.53138080239296,32.49427303671837,53.081002086400986,12.58447952568531,1.2216819450259209,0.0,0.0,166.91281739622355,106.39164876192808,144.7750348597765,0,0,0.0,0.0,0.0,0.0,1,1.3795262202620506,371.95758521556854,59.0419921875,52.76708984375,23258.34912109375,27688.0
147,5,optimized,shared_mesh,scalable,cpu,legacy_full_snapshot,selected_after_full_read,selected_only,append,128,40300,4096,38116,0.35451818257570267,73.52608721703291,33.28516520559788,53.88195812702179,12.435014359652996,1.0755723342299461,0.0,0.0,174.20379724353552,105.80525267869234,144.99657414853573,0,0,0.0,0.0,0.0,0.0,1,1.2275483459234238,374.29674342274666,59.0419921875,52.76708984375,23258.34912109375,27688.0
147,55,optimized,shared_mesh,scalable,cpu,legacy_full_snapshot,selected_after_full_read,selected_only,append,128,40300,4096,36602,0.5159955471754074,68.75641457736492,32.52919390797615,52.545737475156784,12.348126620054245,1.1867610737681389,0.0,0.0,167.36623365432024,106.56457953155041,146.07605803757906,0,0,0.0,0.0,0.0,0.0,1,1.4722757041454315,373.42818547040224,59.0419921875,52.76708984375,23258.34912109375,27688.0
148,5,optimized,shared_mesh,scalable,cpu,legacy_full_snapshot,selected_after_full_read,selected_only,append,128,40300,4096,37236,0.5358299240469933,68.83491761982441,33.31451024860144,49.96352270245552,9.439886547625065,1.168043352663517,0.0,0.0,162.72088047116995,106.05417098850012,144.81414668262005,0,0,0.0,0.0,0.0,0.0,1,1.6127992421388626,379.93804831057787,59.0419921875,52.76708984375,23258.34912109375,27688.0
148,55,optimized,shared_mesh,scalable,cpu,legacy_full_snapshot,selected_after_full_read,selected_only,append,128,40300,4096,37644,0.5654431879520416,68.45162250101566,33.004408702254295,53.50788310170174,12.273808941245079,1.1197123676538467,0.0,0.0,168.35743561387062,106.74588941037655,145.40613070130348,0,0,0.0,0.0,0.0,0.0,1,1.9061369821429253,377.1664258092642,59.0419921875,52.76708984375,23258.34912109375,27688.0
149,5,optimized,shared_mesh,scalable,cpu,legacy_full_snapshot,selected_after_full_read,selected_only,append,128,40300,4096,36077,0.52633136510849,73.17491993308067,32.7021349221468,52.82118823379278,13.040677644312382,1.1627348139882088,0.0,0.0,172.90165554732084,106.06171377003193,145.98023425787687,0,0,0.0,0.0,0.0,0.0,1,1.4963019639253616,374.783125706017,59.0419921875,52.76708984375,23258.34912109375,27688.0
149,55,optimized,shared_mesh,scalable,cpu,legacy_full_snapshot,selected_after_full_read,selected_only,append,128,40300,4096,36559,0.5154367536306381,69.79929935187101,32.765258103609085,52.82426904886961,12.66688946634531,1.116081140935421,0.0,0.0,169.17179711163044,106.46037384867668,145.28879523277283,0,0,0.0,0.0,0.0,0.0,1,1.824001781642437,380.70910796523094,59.0419921875,52.76708984375,23258.34912109375,27688.0
150,5,optimized,shared_mesh,scalable,cpu,legacy_full_snapshot,selected_after_full_read,selected_only,append,128,40300,4096,37708,0.5137603729963303,73.16989079117775,32.460195012390614,54.51418645679951,11.803616769611835,1.0688677430152893,0.0,0.0,173.016756772995,106.06841836124659,146.01375814527273,0,0,0.0,0.0,0.0,0.0,1,1.9245753064751625,373.21893870830536,59.0419921875,52.76708984375,23258.34912109375,27688.0
150,55,optimized,shared_mesh,scalable,cpu,legacy_full_snapshot,selected_after_full_read,selected_only,append,128,40300,4096,36390,0.46403147280216217,69.70990169793367,33.16140826791525,54.14260737597942,12.24224828183651,1.047356054186821,0.0,0.0,170.30352167785168,106.7869570106268,145.4033376649022,0,0,0.0,0.0,0.0,0.0,1,2.0357640460133553,375.6921933963895,59.0419921875,52.76708984375,23258.34912109375,27688.0
150,5,optimized,shared_mesh,scalable,cpu,legacy_full_snapshot,selected_after_full_read,selected_only,append,128,40300,4096,36773,0.16510672867298126,71.87250070273876,31.888054683804512,54.37811464071274,12.004214338958263,0.9543262422084808,0.0,0.0,171.09721060842276,105.55074829608202,0.0,0,0,0.0,0.0,0.0,0.0,1,0.0,106.98502976447344,59.0419921875,59.0419921875,9805.41796875,27688.0
151,5,optimized,shared_mesh,scalable,cpu,legacy_full_snapshot,selected_after_full_read,selected_only,append,128,40300,4096,37008,0.43833162635564804,72.87208456546068,32.287562265992165,54.2253153398633,11.522836051881313,1.073337160050869,0.0,0.0,171.98113538324833,106.03182204067707,145.03401052206755,0,0,0.0,0.0,0.0,0.0,1,1.3574548065662384,371.3167132809758,59.0419921875,52.76708984375,23258.34912109375,27688.0
151,55,optimized,shared_mesh,scalable,cpu,legacy_full_snapshot,selected_after_full_read,selected_only,append,128,40300,4096,36176,0.3765895962715149,67.4559511244297,33.49442593753338,54.183109663426876,11.64914295077324,1.0903794318437576,0.0,0.0,167.87300910800695,106.34694993495941,145.0233943760395,0,0,0.0,0.0,0.0,0.0,1,1.677333377301693,371.84192705899477,59.0419921875,52.76708984375,23258.34912109375,27688.0
152,5,optimized,shared_mesh,scalable,cpu,legacy_full_snapshot,selected_after_full_read,selected_only,append,128,40300,4096,37369,0.41179079562425613,73.41545727103949,34.614971838891506,57.20840860158205,13.356643728911877,1.211903989315033,0.0,0.0,179.80738542973995,106.25950712710619,145.9495024755597,0,0,0.0,0.0,0.0,0.0,1,1.5558069571852684,372.2025929018855,59.0419921875,52.76708984375,23258.34912109375,27688.0
152,55,optimized,shared_mesh,scalable,cpu,legacy_full_snapshot,selected_after_full_read,selected_only,append,128,40300,4096,36265,0.4148632287979126,67.62105878442526,33.116438426077366,52.10209358483553,11.872634291648865,1.078365370631218,0.0,0.0,165.79059045761824,105.99466599524021,145.23180294781923,0,0,0.0,0.0,0.0,0.0,1,1.426180824637413,375.9897230193019,59.0419921875,52.76708984375,23258.34912109375,27688.0
153,5,optimized,shared_mesh,scalable,cpu,legacy_full_snapshot,selected_after_full_read,selected_only,append,128,40300,4096,37154,0.5450490862131119,73.24783504009247,32.8459981828928,54.52172365039587,12.94541172683239,1.2538088485598564,0.0,0.0,174.81477744877338,106.19385540485382,146.2420029565692,0,0,0.0,0.0,0.0,0.0,1,1.376173458993435,379.2122472077608,59.0419921875,52.76708984375,23258.34912109375,27688.0
153,55,optimized,shared_mesh,scalable,cpu,legacy_full_snapshot,selected_after_full_read,selected_only,append,128,40300,4096,37308,0.4472704604268074,65.37129729986191,32.854110933840275,54.07360289245844,12.219330295920372,1.2155361473560333,0.0,0.0,165.73387756943703,106.10836837440729,144.64037865400314,0,0,0.0,0.0,0.0,0.0,1,1.422269269824028,384.5191476866603,59.0419921875,52.76708984375,23258.34912109375,27688.0
154,5,optimized,shared_mesh,scalable,cpu,legacy_full_snapshot,selected_after_full_read,selected_only,append,128,40300,4096,37243,0.4031304270029068,72.80810829252005,33.01194217056036,54.004873149096966,12.091117911040783,1.051824539899826,0.0,0.0,172.96786606311798,106.29442892968655,145.60532104223967,0,0,0.0,0.0,0.0,0.0,1,1.5675416216254234,373.3424190431833,59.0419921875,52.76708984375,23258.34912109375,27688.0
154,55,optimized,shared_mesh,scalable,cpu,legacy_full_snapshot,selected_after_full_read,selected_only,append,128,40300,4096,37861,0.4620766267180443,64.88547381013632,33.485773019492626,55.97023852169514,13.515039347112179,1.1618966236710548,0.0,0.0,169.01842132210732,106.98810312896967,145.53156774491072,0,0,0.0,0.0,0.0,0.0,1,1.766173169016838,373.2586083933711,59.0419921875,52.76708984375,23258.34912109375,27688.0
155,5,optimized,shared_mesh,scalable,cpu,legacy_full_snapshot,selected_after_full_read,selected_only,append,128,40300,4096,36442,0.47856010496616364,73.44534900039434,33.29159785062075,53.84116340428591,12.769140303134918,1.07668898999691,0.0,0.0,174.42393954843283,106.64420016109943,145.9643105044961,0,0,0.0,0.0,0.0,0.0,1,1.2990674003958702,375.2169879153371,59.0419921875,52.76708984375,23258.34912109375,27688.0
155,55,optimized,shared_mesh,scalable,cpu,legacy_full_snapshot,selected_after_full_read,selected_only,append,128,40300,4096,37648,0.4732515662908554,65.63781667500734,31.18096385151148,49.96213596314192,11.136488057672977,0.9805858135223389,0.0,0.0,158.89799036085606,106.06199316680431,145.28823550790548,0,0,0.0,0.0,0.0,0.0,1,1.3300767168402672,372.529455460608,59.0419921875,52.76708984375,23258.34912109375,27688.0
155,5,optimized,shared_mesh,scalable,cpu,legacy_full_snapshot,selected_after_full_read,selected_only,append,128,40300,4096,36357,0.17265044152736664,75.85630659013987,32.10846893489361,53.676893934607506,12.42802944034338,1.1602211743593216,0.0,0.0,175.22992007434368,105.7672593742609,0.0,0,0,0.0,0.0,0.0,0.0,1,0.0,107.42308106273413,59.0419921875,59.0419921875,9805.41796875,27688.0
156,5,optimized,shared_mesh,scalable,cpu,legacy_full_snapshot,selected_after_full_read,selected_only,append,128,40300,4096,38089,0.3690458834171295,73.33080656826496,31.770438887178898,53.2536506652832,12.890659272670746,1.1697197332978249,0.0,0.0,172.41527512669563,106.12932220101357,145.0731223449111,0,0,0.0,0.0,0.0,0.0,1,1.451323740184307,376.08303129673004,59.0419921875,52.76708984375,23258.34912109375,27688.0
156,55,optimized,shared_mesh,scalable,cpu,legacy_full_snapshot,selected_after_full_read,selected_only,append,128,40300,4096,35916,0.48833712935447693,66.4382092654705,30.78257665038109,49.577996134757996,11.106609366834164,1.1043474078178406,0.0,0.0,159.0097388252616,105.98432831466198,145.63521277159452,0,0,0.0,0.0,0.0,0.0,1,1.720077358186245,373.07617999613285,59.0419921875,52.76708984375,23258.34912109375,27688.0
157,5,optimized,shared_mesh,scalable,cpu,legacy_full_snapshot,selected_after_full_read,selected_only,append,128,40300,4096,36620,0.36848802119493484,73.82389344274998,34.17916316539049,54.76084444671869,12.221012264490128,1.3021407648921013,0.0,0.0,176.2870540842414,106.32879100739956,146.1562355980277,0,0,0.0,0.0,0.0,0.0,1,1.8463516607880592,374.0425184369087,59.0419921875,52.76708984375,23258.34912109375,27688.0
157,55,optimized,shared_mesh,scalable,cpu,legacy_full_snapshot,selected_after_full_read,selected_only,append,128,40300,4096,37116,0.41514355689287186,65.55819511413574,31.39636106789112,51.74115765839815,12.219601310789585,0.9710881859064102,0.0,0.0,161.886403337121,106.28884192556143,145.40166035294533,0,0,0.0,0.0,0.0,0.0,1,1.3057729229331017,376.30373425781727,59.0419921875,52.76708984375,23258.34912109375,27688.0
158,5,optimized,shared_mesh,scalable,cpu,legacy_full_snapshot,selected_after_full_read,selected_only,append,128,40300,4096,36408,0.43609458953142166,73.02378118038177,31.89000580459833,52.450465969741344,11.925996281206608,1.1482080444693565,0.0,0.0,170.43845728039742,105.99522478878498,145.45082859694958,0,0,0.0,0.0,0.0,0.0,1,1.2105070054531097,384.39035788178444,59.0419921875,52.76708984375,23258.34912109375,27688.0
158,55,optimized,shared_mesh,scalable,cpu,legacy_full_snapshot,selected_after_full_read,selected_only,append,128,40300,4096,36374,0.47548767179250717,65.72050880640745,31.28851391375065,51.60370096564293,11.793581768870354,1.2320196256041527,0.0,0.0,161.63832508027554,106.56318254768848,145.34662384539843,0,0,0.0,0.0,0.0,0.0,1,1.4334442093968391,383.0046867951751,59.0419921875,52.76708984375,23258.34912109375,27688.0
159,5,optimized,shared_mesh,scalable,cpu,legacy_full_snapshot,selected_after_full_read,selected_only,append,128,40300,4096,36217,0.43805036693811417,73.39422404766083,32.94769674539566,54.001519456505775,11.918180622160435,1.0062884539365768,0.0,0.0,173.26790932565928,106.32655676454306,145.5893972888589,0,0,0.0,0.0,0.0,0.0,1,1.354382373392582,377.4293130263686,59.0419921875,52.76708984375,23258.34912109375,27688.0
159,55,optimized,shared_mesh,scalable,cpu,legacy_full_snapshot,selected_after_full_read,selected_only,append,128,40300,4096,37032,0.357871875166893,67.09612347185612,32.08920080214739,51.357016898691654,11.730990372598171,1.1727921664714813,0.0,0.0,163.4461237117648,105.9399088844657,145.46870905905962,0,0,0.0,0.0,0.0,0.0,1,1.3571763411164284,377.0144497975707,59.0419921875,52.76708984375,23258.34912109375,27688.0
160,5,optimized,shared_mesh,scalable,cpu,legacy_full_snapshot,selected_after_full_read,selected_only,append,128,40300,4096,37989,0.4847059026360512,74.25356470048428,32.54596143960953,54.121654480695724,12.078255414962769,1.1716745793819427,0.0,0.0,174.17111061513424,105.81028275191784,144.99964751303196,0,0,0.0,0.0,0.0,0.0,1,1.3189027085900307,377.08457186818123,59.0419921875,52.76708984375,23258.34912109375,27688.0
160,55,optimized,shared_mesh,scalable,cpu,legacy_full_snapshot,selected_after_full_read,selected_only,append,128,40300,4096,37565,0.49811601638793945,67.21960473805666,31.382116489112377,50.870079547166824,11.747189797461033,1.1403849348425865,0.0,0.0,162.35937550663948,106.29331134259701,145.2357154339552,0,0,0.0,0.0,0.0,0.0,1,1.3384576886892319,374.71049185842276,59.0419921875,52.76708984375,23258.34912109375,27688.0
160,5,optimized,shared_mesh,scalable,cpu,legacy_full_snapshot,selected_after_full_read,selected_only,append,128,40300,4096,36174,0.15057995915412903,72.76564370840788,31.924919225275517,53.76099608838558,11.730995960533619,1.1725127696990967,0.0,0.0,171.3550677523017,105.54599948227406,0.0,0,0,0.0,0.0,0.0,0.0,1,0.0,107.15740080922842,59.0419921875,59.0419921875,9805.41796875,27688.0
161,5,optimized,shared_mesh,scalable,cpu,legacy_full_snapshot,selected_after_full_read,selected_only,append,128,40300,4096,36725,0.4810737445950508,74.3390517309308,32.635366544127464,53.06899640709162,12.024045921862125,0.9579574689269066,0.0,0.0,173.02541807293892,106.02511651813984,144.7937535122037,0,0,0.0,0.0,0.0,0.0,1,1.3828771188855171,375.7106326520443,59.0419921875,52.76708984375,23258.34912109375,27688.0
161,55,optimized,shared_mesh,scalable,cpu,legacy_full_snapshot,selected_after_full_read,selected_only,append,128,40300,4096,37094,0.46040117740631104,67.47299153357744,30.794608406722546,50.79771112650633,11.457491666078568,1.2661023065447807,0.0,0.0,161.78890503942966,106.5550809726119,145.64359467476606,0,0,0.0,0.0,0.0,0.0,1,1.5113875269889832,376.7915144562721,59.0419921875,52.76708984375,23258.34912109375,27688.0
162,5,optimized,shared_mesh,scalable,cpu,legacy_full_snapshot,selected_after_full_read,selected_only,append,128,40300,4096,36663,0.4400070756673813,69.29755304008722,32.03164879232645,51.61821749061346,9.02083981782198,1.2281080707907677,0.0,0.0,163.19636721163988,106.34415689855814,144.70854494720697,0,0,0.0,0.0,0.0,0.0,1,1.5683788806200027,372.75602389127016,59.0419921875,52.76708984375,23258.34912109375,27688.0
162,55,optimized,shared_mesh,scalable,cpu,legacy_full_snapshot,selected_after_full_read,selected_only,append,128,40300,4096,36665,0.3707222640514374,63.95014654844999,31.84362594038248,50.848557613790035,12.081893160939217,1.2105070054531097,0.0,0.0,159.93473026901484,106.26984387636185,146.0584569722414,0,0,0.0,0.0,0.0,0.0,1,1.4077415689826012,380.86332101374865,59.0419921875,52.76708984375,23258.34912109375,27688.0
163,5,optimized,shared_mesh,scalable,cpu,legacy_full_snapshot,selected_after_full_read,selected_only,append,128,40300,4096,36806,0.3494909033179283,72.72765040397644,31.920727342367172,52.89746355265379,11.764801107347012,1.1012740433216095,0.0,0.0,170.41191644966602,106.14887811243534,145.80423198640347,0,0,0.0,0.0,0.0,0.0,1,1.6516316682100296,377.5516767054796,59.0419921875,52.76708984375,23258.34912109375,27688.0
163,55,optimized,shared_mesh,scalable,cpu,legacy_full_snapshot,selected_after_full_read,selected_only,append,128,40300,4096,37823,0.3480939194560051,63.66351246833801,31.800614669919014,51.43495835363865,12.231341563165188,1.1775409802794456,0.0,0.0,160.3079680353403,106.0580825433135,145.36338672041893,0,0,0.0,0.0,0.0,0.0,1,1.841043122112751,376.7241854220629,59.0419921875,52.76708984375,23258.34912109375,27688.0
164,5,optimized,shared_mesh,scalable,cpu,legacy_full_snapshot,selected_after_full_read,selected_only,append,128,40300,4096,36098,0.3559160977602005,81.31629973649979,33.12258329242468,52.858891896903515,12.71690335124731,1.216653734445572,0.0,0.0,181.23133201152086,106.12457245588303,145.77182475477457,0,0,0.0,0.0,0.0,0.0,1,1.4666896313428879,375.44467486441135,59.0419921875,52.76708984375,23258.34912109375,27688.0
164,55,optimized,shared_mesh,scalable,cpu,legacy_full_snapshot,selected_after_full_read,selected_only,append,128,40300,4096,37540,0.4970170557498932,62.52218224108219,31.10421635210514,50.19120033830404,11.555146425962448,1.0652756318449974,0.0,0.0,156.43802098929882,106.12082201987505,145.1071836054325,0,0,0.0,0.0,0.0,0.0,1,1.2720171362161636,372.5063120946288,59.0419921875,52.76708984375,23258.34912109375,27688.0
165,5,optimized,shared_mesh,scalable,cpu,legacy_full_snapshot,selected_after_full_read,selected_only,append,128,40300,4096,36795,0.4042629152536392,74.22594167292118,33.74211397022009,53.40905301272869,12.617367319762707,1.1706016957759857,0.0,0.0,175.16507767140865,105.79418670386076,144.945926964283,0,0,0.0,0.0,0.0,0.0,1,1.4678621664643288,378.9523020386696,59.0419921875,52.76708984375,23258.34912109375,27688.0
165,55,optimized,shared_mesh,scalable,cpu,legacy_full_snapshot,selected_after_full_read,selected_only,append,128,40300,4096,37175,0.3550918772816658,66.23394973576069,32.02835097908974,52.872330881655216,12.460637837648392,1.1753495782613754,0.0,0.0,164.7706190124154,106.60514421761036,145.96052095294,0,0,0.0,0.0,0.0,0.0,1,1.2228451669216156,376.9991472363472,59.0419921875,52.76708984375,23258.34912109375,27688.0
165,5,optimized,shared_mesh,scalable,cpu,legacy_full_snapshot,selected_after_full_read,selected_only,append,128,40300,4096,36709,0.20953454077243805,74.14316199719906,31.996237114071846,53.670233115553856,11.930049397051334,1.1820541694760323,0.0,0.0,172.92173579335213,106.02372325956821,0.0,0,0,0.0,0.0,0.0,0.0,1,0.0,107.75084793567657,59.0419921875,59.0419921875,9805.41796875,27688.0
166,5,optimized,shared_mesh,scalable,cpu,legacy_full_snapshot,selected_after_full_read,selected_only,append,128,40300,4096,36939,0.43806713074445724,73.69586639106274,33.266556449234486,54.83998451381922,12.0096942409873,0.9560370817780495,0.0,0.0,174.7681386768818,106.44389595836401,144.7314703837037,0,0,0.0,0.0,0.0,0.0,1,1.3633714988827705,376.39915850013494,59.0419921875,52.76708984375,23258.34912109375,27688.0
166,55,optimized,shared_mesh,scalable,cpu,legacy_full_snapshot,selected_after_full_read,selected_only,append,128,40300,4096,37459,0.36598648875951767,69.49310842901468,32.33453445136547,53.46566624939442,12.071426026523113,1.1138850823044777,0.0,0.0,168.47862023860216,106.13733343780041,145.04202641546726,0,0,0.0,0.0,0.0,0.0,1,1.622355543076992,376.93945970386267,59.0419921875,52.76708984375,23258.34912109375,27688.0
167,5,optimized,shared_mesh,scalable,cpu,legacy_full_snapshot,selected_after_full_read,selected_only,append,128,40300,4096,36763,0.47494471073150635,73.81759397685528,33.51630549877882,54.269418120384216,12.264189310371876,1.0775662958621979,0.0,0.0,174.9450732022524,104.67223729938269,145.08109632879496,0,0,0.0,0.0,0.0,0.0,1,1.614253968000412,376.3562832027674,59.0419921875,52.76708984375,23258.34912109375,27688.0
167,55,optimized,shared_mesh,scalable,cpu,legacy_full_snapshot,selected_after_full_read,selected_only,append,128,40300,4096,37982,0.5199247971177101,64.87070675939322,30.289718881249428,50.39718933403492,11.613517068326473,1.0499060153961182,0.0,0.0,158.22103805840015,106.66859988123178,145.83921991288662,0,0,0.0,0.0,0.0,0.0,1,1.476239413022995,377.569898031652,59.0419921875,52.76708984375,23258.34912109375,27688.0
168,5,optimized,shared_mesh,scalable,cpu,legacy_full_snapshot,selected_after_full_read,selected_only,append,128,40300,4096,37033,0.43611135333776474,73.7211313098669,32.47641958296299,53.24042122811079,11.90041285008192,1.0501854121685028,0.0,0.0,172.3885703831911,105.84132745862007,145.24745289236307,0,0,0.0,0.0,0.0,0.0,1,1.371750608086586,376.5805084258318,59.0419921875,52.76708984375,23258.34912109375,27688.0
168,55,optimized,shared_mesh,scalable,cpu,legacy_full_snapshot,selected_after_full_read,selected_only,append,128,40300,4096,36679,0.5084695294499397,65.71212876588106,30.91438300907612,50.12725852429867,11.467385105788708,1.087341457605362,0.0,0.0,159.30849686264992,106.288256123662,145.09564358741045,0,0,0.0,0.0,0.0,0.0,1,1.318667083978653,369.90391556173563,59.0419921875,52.76708984375,23258.34912109375,27688.0
169,5,optimized,shared_mesh,scalable,cpu,legacy_full_snapshot,selected_after_full_read,selected_only,append,128,40300,4096,36267,0.36514829844236374,73.15363828092813,32.36630838364363,53.51973790675402,12.339316308498383,1.230941154062748,0.0,0.0,172.6099420338869,107.30069503188133,146.05163596570492,0,0,0.0,0.0,0.0,0.0,1,1.654759980738163,376.89526565372944,59.0419921875,52.76708984375,23258.34912109375,27688.0
169,55,optimized,shared_mesh,scalable,cpu,legacy_full_snapshot,selected_after_full_read,selected_only,append,128,40300,4096,36571,0.4126420244574547,65.17509836703539,30.484672635793686,49.184875562787056,11.420141905546188,0.9881611913442612,0.0,0.0,157.25294966250658,106.40660673379898,146.26246318221092,0,0,0.0,0.0,0.0,0.0,1,1.4418726786971092,385.1632038131356,59.0419921875,52.76708984375,23258.34912109375,27688.0
170,5,optimized,shared_mesh,scalable,cpu,legacy_full_snapshot,selected_after_full_read,selected_only,append,128,40300,4096,37497,0.40928926318883896,73.78356531262398,33.09210762381554,53.1045263633132,12.356341816484928,1.2421170249581337,0.0,0.0,173.57865814119577,106.82201385498047,145.10328322649002,0,0,0.0,0.0,0.0,0.0,1,1.6857702285051346,384.3392124399543,59.0419921875,52.76708984375,23258.34912109375,27688.0
170,55,optimized,shared_mesh,scalable,cpu,legacy_full_snapshot,selected_after_full_read,selected_only,append,128,40300,4096,37254,0.4414170980453491,65.90868253260851,30.911524780094624,49.528731033205986,11.01505383849144,1.0496238246560097,0.0,0.0,158.41361600905657,106.20060376822948,145.41524928063154,0,0,0.0,0.0,0.0,0.0,1,1.339060254395008,379.2087249457836,59.0419921875,52.76708984375,23258.34912109375,27688.0
170,5,optimized,shared_mesh,scalable,cpu,legacy_full_snapshot,selected_after_full_read,selected_only,append,128,40300,4096,35537,0.17628632485866547,74.0880174562335,31.543469056487083,52.74211801588535,12.602480128407478,1.0065985843539238,0.0,0.0,171.98268324136734,105.38982320576906,0.0,0,0,0.0,0.0,0.0,0.0,1,0.0,107.5793094933033,59.0419921875,59.0419921875,9805.41796875,27688.0
171,5,optimized,shared_mesh,scalable,cpu,legacy_full_snapshot,selected_after_full_read,selected_only,append,128,40300,4096,37426,0.42549334466457367,73.44264816492796,32.398646697402,53.99094521999359,12.40075845271349,1.171153038740158,0.0,0.0,173.4041515737772,105.89269082993269,145.18973790109158,0,0,0.0,0.0,0.0,0.0,1,1.3139164075255394,377.7189515531063,59.0419921875,52.76708984375,23258.34912109375,27688.0
171,55,optimized,shared_mesh,scalable,cpu,legacy_full_snapshot,selected_after_full_read,selected_only,append,128,40300,4096,37971,0.41068438440561295,65.67729357630014,32.86491334438324,53.052203729748726,11.877748183906078,1.1655651032924652,0.0,0.0,164.63772393763065,106.43741209059954,145.75483091175556,0,0,0.0,0.0,0.0,0.0,1,1.2463051825761795,377.19068862497807,59.0419921875,52.76708984375,23258.34912109375,27688.0
172,5,optimized,shared_mesh,scalable,cpu,legacy_full_snapshot,selected_after_full_read,selected_only,append,128,40300,4096,36620,0.37185195833444595,74.85791016370058,32.8716030344367,53.84449474513531,12.069971300661564,1.1652857065200806,0.0,0.0,174.80926495045424,105.11787980794907,145.45473456382751,0,0,0.0,0.0,0.0,0.0,1,1.2577585875988007,374.85721707344055,59.0419921875,52.76708984375,23258.34912109375,27688.0
172,55,optimized,shared_mesh,scalable,cpu,legacy_full_snapshot,selected_after_full_read,selected_only,append,128,40300,4096,36834,0.4464453086256981,65.56911487132311,30.63209354877472,48.8564558327198,10.915291495621204,1.0702954605221748,0.0,0.0,157.043251208961,106.1774967238307,145.60635201632977,0,0,0.0,0.0,0.0,0.0,1,1.4840532094240189,377.74659506976604,59.0419921875,52.76708984375,23258.34912109375,27688.0
173,5,optimized,shared_mesh,scalable,cpu,legacy_full_snapshot,selected_after_full_read,selected_only,append,128,40300,4096,36638,0.32575521618127823,72.8443693369627,32.35137276351452,54.307385347783566,12.047601863741875,1.2437887489795685,0.0,0.0,172.79451806098223,106.45963810384274,145.79209499061108,0,0,0.0,0.0,0.0,0.0,1,1.4667324721813202,376.5230933204293,59.0419921875,52.76708984375,23258.34912109375,27688.0
173,55,optimized,shared_mesh,scalable,cpu,legacy_full_snapshot,selected_after_full_read,selected_only,append,128,40300,4096,36525,0.35620667040348053,66.26610551029444,31.957706436514854,51.78038123995066,11.465380899608135,1.060517504811287,0.0,0.0,162.53009159117937,106.20171017944813,145.29751427471638,0,0,0.0,0.0,0.0,0.0,1,1.4186780899763107,378.28742526471615,59.0419921875,52.76708984375,23258.34912109375,27688.0
174,5,optimized,shared_mesh,scalable,cpu,legacy_full_snapshot,selected_after_full_read,selected_only,append,128,40300,4096,36808,0.4777349531650543,74.17470309883356,32.41533134132624,54.026843048632145,12.044509872794151,1.175619661808014,0.0,0.0,173.8370070233941,106.23464826494455,145.0239634141326,0,0,0.0,0.0,0.0,0.0,1,1.4075040817260742,377.82941944897175,59.0419921875,52.76708984375,23258.34912109375,27688.0
174,55,optimized,shared_mesh,scalable,cpu,legacy_full_snapshot,selected_after_full_read,selected_only,append,128,40300,4096,38353,0.4310784861445427,64.07014653086662,30.894659459590912,48.84268995374441,10.853799059987068,0.9733494371175766,0.0,0.0,155.6346444413066,106.86654131859541,145.25241311639547,0,0,0.0,0.0,0.0,0.0,1,1.551101915538311,371.155446395278,59.0419921875,52.76708984375,23258.34912109375,27688.0
175,5,optimized,shared_mesh,scalable,cpu,legacy_full_snapshot,selected_after_full_read,selected_only,append,128,40300,4096,37459,0.4386231303215027,74.08747542649508,33.832848072052,54.28410042077303,11.593327857553959,1.173943281173706,0.0,0.0,174.97169505804777,106.27060104161501,145.20739577710629,0,0,0.0,0.0,0.0,0.0,1,1.5935683622956276,377.75256112217903,59.0419921875,52.76708984375,23258.34912109375,27688.0
175,55,optimized,shared_mesh,scalable,cpu,legacy_full_snapshot,selected_after_full_read,selected_only,append,128,40300,4096,38402,0.3877747803926468,65.40383957326412,31.18770197033882,50.214109010994434,11.286269873380661,1.1147139593958855,0.0,0.0,159.20663438737392,106.29568900913,145.639231428504,0,0,0.0,0.0,0.0,0.0,1,1.300780102610588,376.4580013230443,59.0419921875,52.76708984375,23258.34912109375,27688.0
175,5,optimized,shared_mesh,scalable,cpu,legacy_full_snapshot,selected_after_full_read,selected_only,append,128,40300,4096,37007,0.31960755586624146,75.03143232315779,31.859856098890305,53.97255625575781,12.208502739667892,1.1624880135059357,0.0,0.0,174.23483543097973,106.17078375071287,0.0,0,0,0.0,0.0,0.0,0.0,1,0.0,108.00796747207642,59.0419921875,59.0419921875,9805.41796875,27688.0
176,5,optimized,shared_mesh,scalable,cpu,legacy_full_snapshot,selected_after_full_read,selected_only,append,128,40300,4096,36335,0.5031581968069077,73.35488498210907,33.32381043583155,53.551255725324154,12.6317348331213,1.0535307228565216,0.0,0.0,173.9152166992426,106.04980401694775,144.61304061114788,0,0,0.0,0.0,0.0,0.0,1,1.2278612703084946,376.24109629541636,59.0419921875,52.76708984375,23258.34912109375,27688.0
176,55,optimized,shared_mesh,scalable,cpu,legacy_full_snapshot,selected_after_full_read,selected_only,append,128,40300,4096,36371,0.4537077620625496,65.7736798748374,30.919475480914116,48.94319176673889,10.995694436132908,1.2144502252340317,0.0,0.0,157.84649178385735,106.62135109305382,145.42706217616796,0,0,0.0,0.0,0.0,0.0,1,1.408059149980545,373.9840826019645,59.0419921875,52.76708984375,23258.34912109375,27688.0
177,5,optimized,shared_mesh,scalable,cpu,legacy_full_snapshot,selected_after_full_read,selected_only,append,128,40300,4096,36423,0.37129130214452744,73.02907574921846,32.915886491537094,54.07978314906359,12.388129718601704,1.1689122766256332,0.0,0.0,173.58178738504648,106.61183018237352,146.64455689489841,0,0,0.0,0.0,0.0,0.0,1,1.812037080526352,383.2221534103155,59.0419921875,52.76708984375,23258.34912109375,27688.0
177,55,optimized,shared_mesh,scalable,cpu,legacy_full_snapshot,selected_after_full_read,selected_only,append,128,40300,4096,37299,0.4478413611650467,64.74664062261581,30.877264216542244,50.20005442202091,11.404991149902344,1.194334588944912,0.0,0.0,158.42328500002623,106.22511617839336,144.95955780148506,0,0,0.0,0.0,0.0,0.0,1,1.473710872232914,383.1476354971528,59.0419921875,52.76708984375,23258.34912109375,27688.0
178,5,optimized,shared_mesh,scalable,cpu,legacy_full_snapshot,selected_after_full_read,selected_only,append,128,40300,4096,36543,0.34950021654367447,73.80904071033001,34.324757754802704,54.8474732786417,13.165623880922794,1.2197578325867653,0.0,0.0,177.36665345728397,105.89570924639702,145.171576179564,0,0,0.0,0.0,0.0,0.0,1,1.711459830403328,387.2108096256852,59.0419921875,52.76708984375,23258.34912109375,27688.0
178,55,optimized,shared_mesh,scalable,cpu,legacy_full_snapshot,selected_after_full_read,selected_only,append,128,40300,4096,37264,0.3542499616742134,63.36675491183996,30.620754696428776,49.52728096395731,10.821664705872536,1.1711455881595612,0.0,0.0,155.50760086625814,106.46893456578255,145.29442694038153,0,0,0.0,0.0,0.0,0.0,1,1.9371947273612022,373.41556418687105,59.0419921875,52.76708984375,23258.34912109375,27688.0
179,5,optimized,shared_mesh,scalable,cpu,legacy_full_snapshot,selected_after_full_read,selected_only,append,128,40300,4096,37128,0.452590174973011,75.5011709406972,33.50476548075676,55.571856908500195,12.447893619537354,1.139296218752861,0.0,0.0,178.16498316824436,106.79941717535257,144.65406723320484,0,0,0.0,0.0,0.0,0.0,1,1.9936282187700272,370.2996065840125,59.0419921875,52.76708984375,23258.34912109375,27688.0
179,55,optimized,shared_mesh,scalable,cpu,legacy_full_snapshot,selected_after_full_read,selected_only,append,128,40300,4096,37265,0.3123432397842407,63.94110806286335,31.44937753677368,51.147363148629665,11.05937734246254,1.1890251189470291,0.0,0.0,158.78625120967627,107.38549381494522,145.94499301165342,0,0,0.0,0.0,0.0,0.0,1,1.4561079442501068,375.70786755532026,59.0419921875,52.76708984375,23258.34912109375,27688.0
180,5,optimized,shared_mesh,scalable,cpu,legacy_full_snapshot,selected_after_full_read,selected_only,append,128,40300,4096,36690,0.49114320427179337,68.71200073510408,32.64789283275604,49.2028808221221,9.235062636435032,1.064143143594265,0.0,0.0,160.86198017001152,106.46241530776024,145.5893199890852,0,0,0.0,0.0,0.0,0.0,1,1.4851642772555351,386.47383265197277,59.0419921875,52.76708984375,23258.34912109375,27688.0
180,55,optimized,shared_mesh,scalable,cpu,legacy_full_snapshot,selected_after_full_read,selected_only,append,128,40300,4096,37407,0.3671003505587578,66.29732344299555,31.60274401307106,51.045067608356476,11.356624774634838,1.2678075581789017,0.0,0.0,161.56956739723682,106.60847835242748,145.82308754324913,0,0,0.0,0.0,0.0,0.0,1,1.7433054745197296,385.83583291620016,59.0419921875,52.76708984375,23258.34912109375,27688.0
180,5,optimized,shared_mesh,scalable,cpu,legacy_full_snapshot,selected_after_full_read,selected_only,append,128,40300,4096,37202,0.15868525952100754,72.68104795366526,32.12683368474245,54.13663852959871,12.03634962439537,0.9926231577992439,0.0,0.0,171.97349295020103,105.6057782843709,0.0,0,0,0.0,0.0,0.0,0.0,1,0.0,107.0560198277235,59.0419921875,59.0419921875,9805.41796875,27688.0
181,5,optimized,shared_mesh,scalable,cpu,legacy_full_snapshot,selected_after_full_read,selected_only,append,128,40300,4096,36429,0.517403706908226,72.92214687913656,32.38385729491711,53.15099190920591,11.596336960792542,1.0107820853590965,0.0,0.0,171.06411512941122,106.37461394071579,146.53099048882723,0,0,0.0,0.0,0.0,0.0,1,1.8824338912963867,380.27922715991735,59.0419921875,52.76708984375,23258.34912109375,27688.0
181,55,optimized,shared_mesh,scalable,cpu,legacy_full_snapshot,selected_after_full_read,selected_only,append,128,40300,4096,37582,0.48974622040987015,66.76662806421518,32.30644762516022,52.5707034394145,11.374522000551224,1.2552347034215927,0.0,0.0,164.27353583276272,106.4452501013875,145.36117482930422,0,0,0.0,0.0,0.0,0.0,1,1.9628936424851418,376.44881661981344,59.0419921875,52.76708984375,23258.34912109375,27688.0
182,5,optimized,shared_mesh,scalable,cpu,legacy_full_snapshot,selected_after_full_read,selected_only,append,128,40300,4096,36650,0.3581605851650238,73.77168163657188,32.57326036691666,53.34120150655508,11.590465903282166,1.0688919574022293,0.0,0.0,172.34550137072802,104.8444053158164,145.71931026875973,0,0,0.0,0.0,0.0,0.0,1,1.4639273285865784,375.59804506599903,59.0419921875,52.76708984375,23258.34912109375,27688.0
182,55,optimized,shared_mesh,scalable,cpu,legacy_full_snapshot,selected_after_full_read,selected_only,append,128,40300,4096,35974,0.2994909882545471,66.66824594140053,31.95750154554844,51.72360874712467,12.209270149469376,1.119738444685936,0.0,0.0,163.67836482822895,106.36220872402191,145.73488850146532,0,0,0.0,0.0,0.0,0.0,1,1.4069359749555588,379.4275652617216,59.0419921875,52.76708984375,23258.34912109375,27688.0
183,5,optimized,shared_mesh,scalable,cpu,legacy_full_snapshot,selected_after_full_read,selected_only,append,128,40300,4096,37458,0.5009211599826813,73.05615302175283,32.688625156879425,53.20288706570864,12.086618691682816,1.1415285989642143,0.0,0.0,172.17581253498793,105.826904065907,145.00988647341728,0,0,0.0,0.0,0.0,0.0,1,1.3549719005823135,376.53511948883533,59.0419921875,52.76708984375,23258.34912109375,27688.0
183,55,optimized,shared_mesh,scalable,cpu,legacy_full_snapshot,selected_after_full_read,selected_only,append,128,40300,4096,37095,0.3511756658554077,69.04373597353697,32.01279230415821,52.862861193716526,11.934371665120125,1.163320615887642,0.0,0.0,167.01708175241947,106.40628449618816,145.79235296696424,0,0,0.0,0.0,0.0,0.0,1,1.86874158680439,374.7067293152213,59.0419921875,52.76708984375,23258.34912109375,27688.0
184,5,optimized,shared_mesh,scalable,cpu,legacy_full_snapshot,selected_after_full_read,selected_only,append,128,40300,4096,37399,0.36262907087802887,72.64207489788532,33.202086575329304,54.15188521146774,12.31571938842535,1.1515859514474869,0.0,0.0,173.4633520245552,106.40347190201283,145.89597843587399,0,0,0.0,0.0,0.0,0.0,1,1.3667037710547447,381.6365683451295,59.0419921875,52.76708984375,23258.34912109375,27688.0
184,55,optimized,shared_mesh,scalable,cpu,legacy_full_snapshot,selected_after_full_read,selected_only,append,128,40300,4096,36426,0.3654230386018753,73.80061969161034,32.589408569037914,52.698551677167416,11.834907345473766,1.1080019176006317,0.0,0.0,172.03148920089006,106.37493152171373,145.38186881691217,0,0,0.0,0.0,0.0,0.0,1,1.4482811093330383,373.71416855603456,59.0419921875,52.76708984375,23258.34912109375,27688.0
185,5,optimized,shared_mesh,scalable,cpu,legacy_full_snapshot,selected_after_full_read,selected_only,append,128,40300,4096,36965,0.5771899595856667,73.56006093323231,33.07495638728142,54.09459210932255,12.41180207580328,1.0767122730612755,0.0,0.0,174.21812377870083,106.04245774447918,145.8782935515046,0,0,0.0,0.0,0.0,0.0,1,1.3373689725995064,376.42097380012274,59.0419921875,52.76708984375,23258.34912109375,27688.0
185,55,optimized,shared_mesh,scalable,cpu,legacy_full_snapshot,selected_after_full_read,selected_only,append,128,40300,4096,35982,0.3131795674562454,66.2985173985362,32.51731675118208,51.736644469201565,12.06117682158947,1.152142882347107,0.0,0.0,163.76579832285643,105.83456140011549,145.09738143533468,0,0,0.0,0.0,0.0,0.0,1,1.2854048982262611,376.3811532407999,59.0419921875,52.76708984375,23258.34912109375,27688.0
185,5,optimized,shared_mesh,scalable,cpu,legacy_full_snapshot,selected_after_full_read,selected_only,append,128,40300,4096,37817,0.17432961612939835,83.19846075028181,31.698184087872505,53.4913819283247,12.317928485572338,1.051008701324463,0.0,0.0,181.75696395337582,106.1871200799942,0.0,0,0,0.0,0.0,0.0,0.0,1,0.0,107.76419192552567,59.0419921875,59.0419921875,9805.41796875,27688.0
186,5,optimized,shared_mesh,scalable,cpu,legacy_full_snapshot,selected_after_full_read,selected_only,append,128,40300,4096,37477,0.4430888220667839,74.09166730940342,33.16853102296591,53.16060408949852,12.606802396476269,1.118338666856289,0.0,0.0,174.1459434852004,105.88287375867367,145.04902437329292,0,0,0.0,0.0,0.0,0.0,1,1.882149837911129,372.385460883379,59.0419921875,52.76708984375,23258.34912109375,27688.0
186,55,optimized,shared_mesh,scalable,cpu,legacy_full_snapshot,selected_after_full_read,selected_only,append,128,40300,4096,36254,0.32575055956840515,64.78929333388805,30.88043350726366,50.08775182068348,11.680381372570992,1.249643974006176,0.0,0.0,158.68750400841236,106.1515910550952,145.58480866253376,0,0,0.0,0.0,0.0,0.0,1,1.3856999576091766,373.8391837105155,59.0419921875,52.76708984375,23258.34912109375,27688.0
187,5,optimized,shared_mesh,scalable,cpu,legacy_full_snapshot,selected_after_full_read,selected_only,append,128,40300,4096,37116,0.5084630101919174,74.35396313667297,33.48085284233093,54.11827564239502,12.369602918624878,1.177007332444191,0.0,0.0,175.499701872468,107.00953658670187,145.93149162828922,0,0,0.0,0.0,0.0,0.0,1,1.8352130427956581,373.1630425900221,59.0419921875,52.76708984375,23258.34912109375,27688.0
187,55,optimized,shared_mesh,scalable,cpu,legacy_full_snapshot,selected_after_full_read,selected_only,append,128,40300,4096,37883,0.31401775777339935,66.22105464339256,31.84621501713991,51.7558678984642,12.016191147267818,1.1574486270546913,0.0,0.0,162.9967773333192,106.456333771348,145.55511996150017,0,0,0.0,0.0,0.0,0.0,1,1.6622813418507576,379.91650961339474,59.0419921875,52.76708984375,23258.34912109375,27688.0
188,5,optimized,shared_mesh,scalable,cpu,legacy_full_snapshot,selected_after_full_read,selected_only,append,128,40300,4096,36323,0.6786007434129715,70.22029533982277,33.38612802326679,52.83564981073141,9.873650036752224,1.0037943720817566,0.0,0.0,167.31951758265495,106.35686106979847,145.9233146160841,0,0,0.0,0.0,0.0,0.0,1,1.5091830864548683,377.13611777871847,59.0419921875,52.76708984375,23258.34912109375,27688.0
188,55,optimized,shared_mesh,scalable,cpu,legacy_full_snapshot,selected_after_full_read,selected_only,append,128,40300,4096,36381,0.4844348877668381,66.52358546853065,31.463458202779293,51.103776320815086,12.190235778689384,1.074475236237049,0.0,0.0,162.35553100705147,106.26295302063227,146.0869750007987,0,0,0.0,0.0,0.0,0.0,1,1.5547201037406921,373.8726060837507,59.0419921875,52.76708984375,23258.34912109375,27688.0
189,5,optimized,shared_mesh,scalable,cpu,legacy_full_snapshot,selected_after_full_read,selected_only,append,128,40300,4096,35977,0.3693327307701111,73.2414172962308,34.11638829857111,54.25259564071894,11.935735121369362,1.2993719428777695,0.0,0.0,174.84550829976797,106.36127833276987,145.66789288073778,0,0,0.0,0.0,0.0,0.0,1,1.2990916147828102,377.45134346187115,59.0419921875,52.76708984375,23258.34912109375,27688.0
189,55,optimized,shared_mesh,scalable,cpu,legacy_full_snapshot,selected_after_full_read,selected_only,append,128,40300,4096,36576,0.31150225549936295,66.39057118445635,31.55116643756628,51.06017179787159,11.329753324389458,1.2365113943815231,0.0,0.0,161.5681741386652,105.93771003186703,146.08802367001772,0,0,0.0,0.0,0.0,0.0,1,1.2035463005304337,375.1684445887804,59.0419921875,52.76708984375,23258.34912109375,27688.0
190,5,optimized,shared_mesh,scalable,cpu,legacy_full_snapshot,selected_after_full_read,selected_only,append,128,40300,4096,37804,0.32826513051986694,73.74844700098038,32.58401341736317,53.87961212545633,12.729133479297161,1.1890176683664322,0.0,0.0,174.13022369146347,105.84187041968107,145.85667941719294,0,0,0.0,0.0,0.0,0.0,1,1.7416207119822502,380.1652854308486,59.0419921875,52.76708984375,23258.34912109375,27688.0
190,55,optimized,shared_mesh,scalable,cpu,legacy_full_snapshot,selected_after_full_read,selected_only,append,128,40300,4096,36635,0.2866387367248535,66.48245360702276,31.08293004333973,50.61342567205429,11.101213283836842,1.1649904772639275,0.0,0.0,160.44501308351755,105.97789101302624,145.22692188620567,0,0,0.0,0.0,0.0,0.0,1,1.9997619092464447,385.94290241599083,59.0419921875,52.76708984375,23258.34912109375,27688.0
190,5,optimized,shared_mesh,scalable,cpu,legacy_full_snapshot,selected_after_full_read,selected_only,append,128,40300,4096,37600,0.20757503807544708,73.32487963140011,32.24343899637461,53.58344316482544,11.887941509485245,1.0498873889446259,0.0,0.0,172.08959069103003,106.11030086874962,0.0,0,0,0.0,0.0,0.0,0.0,1,0.0,107.7516246587038,59.0419921875,59.0419921875,9805.41796875,27688.0
191,5,optimized,shared_mesh,scalable,cpu,legacy_full_snapshot,selected_after_full_read,selected_only,append,128,40300,4096,35919,0.40202029049396515,72.66527600586414,33.94454903900623,54.610708728432655,12.983639724552631,1.1658286675810814,0.0,0.0,175.37000216543674,105.79152870923281,145.61718329787254,0,0,0.0,0.0,0.0,0.0,1,1.3393210247159004,381.8555874750018,59.0419921875,52.76708984375,23258.34912109375,27688.0
191,55,optimized,shared_mesh,scalable,cpu,legacy_full_snapshot,selected_after_full_read,selected_only,append,128,40300,4096,37323,0.5615418776869774,65.17578940838575,31.31366241723299,50.06163939833641,11.755794286727905,1.1591240763664246,0.0,0.0,159.46600958704948,106.25944938510656,146.17951773107052,0,0,0.0,0.0,0.0,0.0,1,1.285959966480732,383.7828738614917,59.0419921875,52.76708984375,23258.34912109375,27688.0
192,5,optimized,shared_mesh,scalable,cpu,legacy_full_snapshot,selected_after_full_read,selected_only,append,128,40300,4096,37166,0.3506150096654892,72.88203667849302,33.44668634235859,55.51725532859564,13.214677572250366,1.23539287596941,0.0,0.0,176.29604879766703,105.63866421580315,144.8524696752429,0,0,0.0,0.0,0.0,0.0,1,1.1809151619672775,382.44322035461664,59.0419921875,52.76708984375,23258.34912109375,27688.0
192,55,optimized,shared_mesh,scalable,cpu,legacy_full_snapshot,selected_after_full_read,selected_only,append,128,40300,4096,37125,0.3249123692512512,66.3865664973855,32.9924076795578,52.87436116486788,12.400303967297077,1.1655492708086967,0.0,0.0,165.81918857991695,106.2582852318883,145.3499924391508,0,0,0.0,0.0,0.0,0.0,1,1.320880837738514,375.9465403854847,59.0419921875,52.76708984375,23258.34912109375,27688.0
193,5,optimized,shared_mesh,scalable,cpu,legacy_full_snapshot,selected_after_full_read,selected_only,append,128,40300,4096,35983,0.4380596801638603,75.23461617529392,34.37809459865093,53.62529307603836,11.850792914628983,1.1792387813329697,0.0,0.0,176.26803554594517,106.11355490982533,145.61817329376936,0,0,0.0,0.0,0.0,0.0,1,1.33596733212471,375.5609542131424,59.0419921875,52.76708984375,23258.34912109375,27688.0
193,55,optimized,shared_mesh,scalable,cpu,legacy_full_snapshot,selected_after_full_read,selected_only,append,128,40300,4096,36869,0.34642405807971954,66.0901227965951,31.920994631946087,51.77416559308767,11.64319273084402,1.0641366243362427,0.0,0.0,162.49261237680912,105.76598439365625,145.06440982222557,0,0,0.0,0.0,0.0,0.0,1,1.208852045238018,383.19474179297686,59.0419921875,52.76708984375,23258.34912109375,27688.0
194,5,optimized,shared_mesh,scalable,cpu,legacy_full_snapshot,selected_after_full_read,selected_only,append,128,40300,4096,36862,0.32519176602363586,74.48362652212381,32.390618696808815,53.03496588021517,11.811657808721066,1.1211279779672623,0.0,0.0,172.84199688583612,106.39316402375698,145.4231096431613,0,0,0.0,0.0,0.0,0.0,1,1.835486851632595,376.9381120800972,59.0419921875,52.76708984375,23258.34912109375,27688.0
194,55,optimized,shared_mesh,scalable,cpu,legacy_full_snapshot,selected_after_full_read,selected_only,append,128,40300,4096,36990,0.31429436057806015,66.45020842552185,32.53477439284325,52.96985246241093,12.5578623265028,1.2024259194731712,0.0,0.0,165.715123526752,106.92785680294037,145.43647691607475,0,0,0.0,0.0,0.0,0.0,1,1.3996642082929611,373.95093962550163,59.0419921875,52.76708984375,23258.34912109375,27688.0
195,5,optimized,shared_mesh,scalable,cpu,legacy_full_snapshot,selected_after_full_read,selected_only,append,128,40300,4096,36767,0.41263457387685776,74.62048903107643,32.294224947690964,53.30091621726751,11.69709861278534,1.1814730241894722,0.0,0.0,173.09420183300972,106.55851010233164,145.2031834051013,0,0,0.0,0.0,0.0,0.0,1,1.9134320318698883,376.69267132878304,59.0419921875,52.76708984375,23258.34912109375,27688.0
195,55,optimized,shared_mesh,scalable,cpu,legacy_full_snapshot,selected_after_full_read,selected_only,append,128,40300,4096,36689,0.315692275762558,65.71403332054615,31.754737719893456,51.38104036450386,12.016154825687408,0.979764387011528,0.0,0.0,161.8457306176424,106.20870534330606,145.1645903289318,0,0,0.0,0.0,0.0,0.0,1,1.321997493505478,377.35691852867603,59.0419921875,52.76708984375,23258.34912109375,27688.0
195,5,optimized,shared_mesh,scalable,cpu,legacy_full_snapshot,selected_after_full_read,selected_only,append,128,40300,4096,36950,0.3372039645910263,73.77507537603378,32.05730952322483,54.59242686629295,12.19466608017683,1.0398291051387787,0.0,0.0,173.65930695086718,105.73096666485071,0.0,0,0,0.0,0.0,0.0,0.0,1,0.0,107.46951028704643,59.0419921875,59.0419921875,9805.41796875,27688.0
196,5,optimized,shared_mesh,scalable,cpu,legacy_full_snapshot,selected_after_full_read,selected_only,append,128,40300,4096,36567,0.4361029714345932,74.59084410220385,32.965270802378654,53.400336764752865,11.844335123896599,1.0688835754990578,0.0,0.0,173.86967036873102,105.95529992133379,145.29811218380928,0,0,0.0,0.0,0.0,0.0,1,1.7642462626099586,372.7768138051033,59.0419921875,52.76708984375,23258.34912109375,27688.0
196,55,optimized,shared_mesh,scalable,cpu,legacy_full_snapshot,selected_after_full_read,selected_only,append,128,40300,4096,37256,0.379110686480999,65.24270214140415,30.93589935451746,50.27106776833534,11.830346658825874,1.0219486430287361,0.0,0.0,159.30196456611156,106.98448400944471,145.98281774669886,0,0,0.0,0.0,0.0,0.0,1,1.7865952104330063,375.5844198167324,59.0419921875,52.76708984375,23258.34912109375,27688.0
197,5,optimized,shared_mesh,scalable,cpu,legacy_full_snapshot,selected_after_full_read,selected_only,append,128,40300,4096,37408,0.396152026951313,73.54400400072336,32.400913536548615,53.52016817778349,11.878982186317444,1.158841885626316,0.0,0.0,172.50290978699923,106.79617524147034,145.976098254323,0,0,0.0,0.0,0.0,0.0,1,1.4125145971775055,375.9785769507289,59.0419921875,52.76708984375,23258.34912109375,27688.0
197,55,optimized,shared_mesh,scalable,cpu,legacy_full_snapshot,selected_after_full_read,selected_only,append,128,40300,4096,36560,0.42744167149066925,67.51091312617064,32.11232088506222,51.86878331005573,12.087100185453892,1.1018486693501472,0.0,0.0,164.68096617609262,106.34551756083965,146.79602067917585,0,0,0.0,0.0,0.0,0.0,1,1.2406976893544197,372.11585976183414,59.0419921875,52.76708984375,23258.34912109375,27688.0
198,5,optimized,shared_mesh,scalable,cpu,legacy_full_snapshot,selected_after_full_read,selected_only,append,128,40300,4096,36160,0.3785518929362297,73.16151447594166,32.56098087877035,53.3176064491272,11.912781745195389,1.139843836426735,0.0,0.0,172.09272738546133,105.90102430433035,145.2619656920433,0,0,0.0,0.0,0.0,0.0,1,1.3532862067222595,384.3853520229459,59.0419921875,52.76708984375,23258.34912109375,27688.0
198,55,optimized,shared_mesh,scalable,cpu,legacy_full_snapshot,selected_after_full_read,selected_only,append,128,40300,4096,36976,0.3486583009362221,66.98790192604065,31.83713462203741,51.47317424416542,11.254552751779556,1.1700158938765526,0.0,0.0,162.7227794378996,105.97782395780087,146.1919629946351,0,0,0.0,0.0,0.0,0.0,1,1.4220112934708595,385.5812530964613,59.0419921875,52.76708984375,23258.34912109375,27688.0
199,5,optimized,shared_mesh,scalable,cpu,legacy_full_snapshot,selected_after_full_read,selected_only,append,128,40300,4096,36716,0.40090084075927734,74.40637797117233,32.95489773154259,53.18182613700628,12.52234447747469,1.147945411503315,0.0,0.0,174.2133917286992,106.4192233607173,145.90810611844063,0,0,0.0,0.0,0.0,0.0,1,1.3463003560900688,378.6812489852309,59.0419921875,52.76708984375,23258.34912109375,27688.0
199,55,optimized,shared_mesh,scalable,cpu,legacy_full_snapshot,selected_after_full_read,selected_only,append,128,40300,4096,35954,0.4539806395769119,66.52719341218472,32.26120304316282,51.643298007547855,11.563261970877647,1.1831456795334816,0.0,0.0,163.17810211330652,106.19206819683313,146.18967939168215,0,0,0.0,0.0,0.0,0.0,1,1.4938097447156906,385.54172962903976,59.0419921875,52.76708984375,23258.34912109375,27688.0
200,5,optimized,shared_mesh,scalable,cpu,legacy_full_snapshot,selected_after_full_read,selected_only,append,128,40300,4096,37519,0.3218380734324455,73.97360354661942,33.63990131765604,54.61916886270046,12.1452109888196,0.9962460026144981,0.0,0.0,175.37413071841002,106.45830072462559,145.26298455893993,0,0,0.0,0.0,0.0,0.0,1,1.4971625059843063,375.1073768362403,59.0419921875,52.76708984375,23258.34912109375,27688.0
200,55,optimized,shared_mesh,scalable,cpu,legacy_full_snapshot,selected_after_full_read,selected_only,append,128,40300,4096,37303,0.3740806132555008,64.69364278018475,32.56906010210514,52.40288469940424,11.846279725432396,1.1607958003878593,0.0,0.0,162.67266310751438,105.70899676531553,145.1520398259163,0,0,0.0,0.0,0.0,0.0,1,1.2242132797837257,372.2920445725322,59.0419921875,52.76708984375,23258.34912109375,27688.0
200,5,optimized,shared_mesh,scalable,cpu,legacy_full_snapshot,selected_after_full_read,selected_only,append,128,40300,4096,37233,0.16678590327501297,74.6608367189765,32.13576506823301,53.625150583684444,12.657827697694302,0.9588096290826797,0.0,0.0,174.03838969767094,106.13139998167753,0.0,0,0,0.0,0.0,0.0,0.0,1,0.0,107.64113254845142,59.0419921875,59.0419921875,9805.41796875,27688.0
