epoch,step,data_path_mode,coord_batch_mode,index_sampling_mode,sampling_device,field_read_mode,field_normalization_mode,gpu_transfer_mode,data_path_diag_storage_mode,batch_size,N_full,N_query,N_obs_total,loader_wait_ms,index_sampling_ms,hdf5_read_ms,cpu_normalization_ms,cpu_materialization_ms,h2d_ms,sparse_condition_materialization_ms,query_materialization_ms,pre_model_total_ms,model_forward_ms,backward_ms,query_microbatch_active,train_query_microbatch_size,rf_bridge_ms,condition_context_ms,query_chunk_forward_ms,query_chunk_backward_ms,query_microbatches,optimizer_ms,total_training_step_ms,allocated_after_materialization_mb,allocated_before_model_mb,gpu_peak_allocated_mb,gpu_peak_reserved_mb
1,5,optimized,shared_mesh,scalable,cpu,legacy_full_snapshot,selected_after_full_read,selected_only,append,128,40300,4096,36831,0.8476059883832932,90.1584792882204,33.98047108203173,55.45164458453655,12.168475426733494,1.139267347753048,0.0,0.0,192.89833772927523,102.01657097786665,138.793527148664,0,0,0.0,0.0,0.0,0.0,1,1.2792311608791351,362.62749694287777,59.0419921875,52.76708984375,23258.34912109375,27688.0
1,55,optimized,shared_mesh,scalable,cpu,legacy_full_snapshot,selected_after_full_read,selected_only,append,128,40300,4096,36120,0.400615856051445,66.13303907215595,32.11764805018902,51.28094647079706,11.838255450129509,1.1498825624585152,0.0,0.0,162.51977160573006,103.034314699471,140.0350471958518,0,0,0.0,0.0,0.0,0.0,1,1.524236984550953,362.4375397339463,59.0419921875,52.76708984375,23258.34912109375,27688.0
1,5,optimized,shared_mesh,scalable,cpu,legacy_full_snapshot,selected_after_full_read,selected_only,append,128,40300,4096,36453,0.18130987882614136,73.18123709410429,33.419220708310604,54.4721819460392,11.73517294228077,1.104065217077732,0.0,0.0,173.9118779078126,101.82101838290691,0.0,0,0,0.0,0.0,0.0,0.0,1,0.0,103.44610642641783,59.0419921875,59.0419921875,9805.41796875,27688.0
2,5,optimized,shared_mesh,scalable,cpu,legacy_full_snapshot,selected_after_full_read,selected_only,append,128,40300,4096,37233,0.4947623237967491,84.97228100895882,36.842609755694866,55.99110946059227,13.073627837002277,1.0995958000421524,0.0,0.0,191.97922386229038,102.29091718792915,139.91967029869556,0,0,0.0,0.0,0.0,0.0,1,1.4191940426826477,366.2252286449075,59.0419921875,52.76708984375,23258.34912109375,27688.0
2,55,optimized,shared_mesh,scalable,cpu,legacy_full_snapshot,selected_after_full_read,selected_only,append,128,40300,4096,37541,0.39698369801044464,66.36436004191637,31.676508486270905,51.99137981981039,11.411122046411037,1.18228979408741,0.0,0.0,162.6256601884961,104.54486776143312,142.15099532157183,0,0,0.0,0.0,0.0,0.0,1,1.3236496597528458,376.8591396510601,59.0419921875,52.76708984375,23258.34912109375,27688.0
3,5,optimized,shared_mesh,scalable,cpu,legacy_full_snapshot,selected_after_full_read,selected_only,append,128,40300,4096,37282,0.3715604543685913,73.97045753896236,34.12741422653198,55.12702465057373,11.809215880930424,1.0311510413885117,0.0,0.0,176.065263338387,104.26242742687464,142.3490708693862,0,0,0.0,0.0,0.0,0.0,1,1.371980644762516,376.1632377281785,59.0419921875,52.76708984375,23258.34912109375,27688.0
3,55,optimized,shared_mesh,scalable,cpu,legacy_full_snapshot,selected_after_full_read,selected_only,append,128,40300,4096,37273,0.3249058499932289,67.43881665170193,33.78911316394806,52.866093814373016,12.386098504066467,0.9836582466959953,0.0,0.0,167.46378038078547,105.29134795069695,143.3131769299507,0,0,0.0,0.0,0.0,0.0,1,1.8703751266002655,379.4874595478177,59.0419921875,52.76708984375,23258.34912109375,27688.0
4,5,optimized,shared_mesh,scalable,cpu,legacy_full_snapshot,selected_after_full_read,selected_only,append,128,40300,4096,36101,0.37826504558324814,73.0812307447195,34.12937745451927,54.67585101723671,11.704162694513798,1.191229559481144,0.0,0.0,174.78185147047043,105.54501600563526,144.46641318500042,0,0,0.0,0.0,0.0,0.0,1,1.3337070122361183,380.745742470026,59.0419921875,52.76708984375,23258.34912109375,27688.0
4,55,optimized,shared_mesh,scalable,cpu,legacy_full_snapshot,selected_after_full_read,selected_only,append,128,40300,4096,37352,0.4799552261829376,65.84557797759771,31.618976034224033,52.466049790382385,11.567540466785431,1.1996105313301086,0.0,0.0,162.69775480031967,106.86308145523071,145.52047662436962,0,0,0.0,0.0,0.0,0.0,1,1.3538217172026634,373.3212472870946,59.0419921875,52.76708984375,23258.34912109375,27688.0
5,5,optimized,shared_mesh,scalable,cpu,legacy_full_snapshot,selected_after_full_read,selected_only,append,128,40300,4096,37628,0.4154220223426819,76.07942260801792,36.16654407233,57.978540658950806,12.919981963932514,0.9708069264888763,0.0,0.0,184.11529622972012,106.68288916349411,146.41864970326424,0,0,0.0,0.0,0.0,0.0,1,1.7100172117352486,388.45969550311565,59.0419921875,52.76708984375,23258.34912109375,27688.0
5,55,optimized,shared_mesh,scalable,cpu,legacy_full_snapshot,selected_after_full_read,selected_only,append,128,40300,4096,36399,0.38999877870082855,66.05231389403343,32.28192962706089,51.78382433950901,11.627603322267532,0.9417524561285973,0.0,0.0,162.68742363899946,107.22263529896736,147.76493422687054,0,0,0.0,0.0,0.0,0.0,1,1.189553178846836,382.9703889787197,59.0419921875,52.76708984375,23258.34912109375,27688.0
5,5,optimized,shared_mesh,scalable,cpu,legacy_full_snapshot,selected_after_full_read,selected_only,append,128,40300,4096,37547,0.15197694301605225,73.82938824594021,34.075191244482994,50.48672389239073,10.073194280266762,1.1423397809267044,0.0,0.0,169.6068374440074,106.17332719266415,0.0,0,0,0.0,0.0,0.0,0.0,1,0.0,107.72745590656996,59.0419921875,59.0419921875,9805.41796875,27688.0
6,5,optimized,shared_mesh,scalable,cpu,legacy_full_snapshot,selected_after_full_read,selected_only,append,128,40300,4096,36901,0.5377847701311111,75.55253617465496,35.09936388581991,54.794023744761944,12.12236937135458,1.2582773342728615,0.0,0.0,178.82657051086426,107.5559239834547,147.73867558687925,0,0,0.0,0.0,0.0,0.0,1,1.5105484053492546,390.1730850338936,59.0419921875,52.76708984375,23258.34912109375,27688.0
6,55,optimized,shared_mesh,scalable,cpu,legacy_full_snapshot,selected_after_full_read,selected_only,append,128,40300,4096,36668,0.350048765540123,64.60490636527538,32.290018163621426,52.27719619870186,11.585152707993984,1.247103326022625,0.0,0.0,162.00437676161528,108.26552379876375,150.04822425544262,0,0,0.0,0.0,0.0,0.0,1,1.2742020189762115,388.56924045830965,59.0419921875,52.76708984375,23258.34912109375,27688.0
7,5,optimized,shared_mesh,scalable,cpu,legacy_full_snapshot,selected_after_full_read,selected_only,append,128,40300,4096,37737,0.34055113792419434,75.5081195384264,32.67360478639603,53.64666320383549,11.979887261986732,1.2487787753343582,0.0,0.0,175.057053565979,108.56249555945396,149.10870790481567,0,0,0.0,0.0,0.0,0.0,1,1.5530120581388474,385.96189580857754,59.0419921875,52.76708984375,23258.34912109375,27688.0
7,55,optimized,shared_mesh,scalable,cpu,legacy_full_snapshot,selected_after_full_read,selected_only,append,128,40300,4096,37853,0.43330155313014984,67.54415016621351,33.39044563472271,53.643034771084785,11.958396062254906,1.0585291311144829,0.0,0.0,167.5945557653904,107.86882508546114,150.7262596860528,0,0,0.0,0.0,0.0,0.0,1,1.450205221772194,387.4839097261429,59.0419921875,52.76708984375,23258.34912109375,27688.0
8,5,optimized,shared_mesh,scalable,cpu,legacy_full_snapshot,selected_after_full_read,selected_only,append,128,40300,4096,36717,0.4785582423210144,75.66177658736706,32.73058868944645,53.16949635744095,12.307602912187576,1.25129334628582,0.0,0.0,175.12075789272785,108.78012888133526,150.2284249290824,0,0,0.0,0.0,0.0,0.0,1,1.3121962547302246,399.57304764539003,59.0419921875,52.76708984375,23258.34912109375,27688.0
8,55,optimized,shared_mesh,scalable,cpu,legacy_full_snapshot,selected_after_full_read,selected_only,append,128,40300,4096,35274,0.4673842340707779,65.94616267830133,31.863708049058914,50.785088911652565,11.242085136473179,1.0426053777337074,0.0,0.0,160.8796501532197,108.61083399504423,151.26824099570513,0,0,0.0,0.0,0.0,0.0,1,1.613076776266098,385.6076840311289,59.0419921875,52.76708984375,23258.34912109375,27688.0
9,5,optimized,shared_mesh,scalable,cpu,legacy_full_snapshot,selected_after_full_read,selected_only,append,128,40300,4096,37289,0.36262068897485733,75.62657725065947,32.669128850102425,53.4293157979846,11.43932156264782,1.1266954243183136,0.0,0.0,174.29103888571262,108.61893836408854,150.88271349668503,0,0,0.0,0.0,0.0,0.0,1,1.687668263912201,389.6099282428622,59.0419921875,52.76708984375,23258.34912109375,27688.0
9,55,optimized,shared_mesh,scalable,cpu,legacy_full_snapshot,selected_after_full_read,selected_only,append,128,40300,4096,37198,0.3422265872359276,65.26925507932901,30.508484691381454,49.435184337198734,11.055747978389263,1.147647388279438,0.0,0.0,157.4163194745779,107.5813639909029,149.59147479385138,0,0,0.0,0.0,0.0,0.0,1,1.3300757855176926,396.51510305702686,59.0419921875,52.76708984375,23258.34912109375,27688.0
10,5,optimized,shared_mesh,scalable,cpu,legacy_full_snapshot,selected_after_full_read,selected_only,append,128,40300,4096,36971,0.487777404487133,73.69222957640886,32.73366671055555,53.08820866048336,11.81227806955576,1.1850837618112564,0.0,0.0,172.5114667788148,107.3707202449441,148.22117146104574,0,0,0.0,0.0,0.0,0.0,1,1.2233564630150795,395.43953724205494,59.0419921875,52.76708984375,23258.34912109375,27688.0
10,55,optimized,shared_mesh,scalable,cpu,legacy_full_snapshot,selected_after_full_read,selected_only,append,128,40300,4096,36848,0.36066584289073944,65.11420663446188,32.71410893648863,52.24032886326313,11.421440169215202,1.2415163218975067,0.0,0.0,162.73160092532635,107.31931962072849,148.83606601506472,0,0,0.0,0.0,0.0,0.0,1,1.4555128291249275,394.2245729267597,59.0419921875,52.76708984375,23258.34912109375,27688.0
10,5,optimized,shared_mesh,scalable,cpu,legacy_full_snapshot,selected_after_full_read,selected_only,append,128,40300,4096,36338,0.15337299555540085,70.0475862249732,31.625964678823948,49.19242113828659,9.450205601751804,1.117754727602005,0.0,0.0,161.43393237143755,106.5382044762373,0.0,0,0,0.0,0.0,0.0,0.0,1,0.0,108.11105370521545,59.0419921875,59.0419921875,9805.41796875,27688.0
11,5,optimized,shared_mesh,scalable,cpu,legacy_full_snapshot,selected_after_full_read,selected_only,append,128,40300,4096,36039,0.34446269273757935,74.31969605386257,33.02420862019062,52.71692480891943,12.095286510884762,0.9828200563788414,0.0,0.0,173.13893605023623,106.33929539471865,146.64106722921133,0,0,0.0,0.0,0.0,0.0,1,1.260233111679554,381.5755881369114,59.0419921875,52.76708984375,23258.34912109375,27688.0
11,55,optimized,shared_mesh,scalable,cpu,legacy_full_snapshot,selected_after_full_read,selected_only,append,128,40300,4096,36412,0.45760627835989,67.14438460767269,31.393809244036674,52.01347824186087,11.689082719385624,1.0487521067261696,0.0,0.0,163.28950691968203,106.50999192148447,146.10077068209648,0,0,0.0,0.0,0.0,0.0,1,1.407461240887642,375.0777542591095,59.0419921875,52.76708984375,23258.34912109375,27688.0
12,5,optimized,shared_mesh,scalable,cpu,legacy_full_snapshot,selected_after_full_read,selected_only,append,128,40300,4096,37551,0.5542682483792305,74.54990036785603,33.43377076089382,53.99169120937586,12.454823590815067,1.1861994862556458,0.0,0.0,175.61638541519642,106.00182041525841,145.25623992085457,0,0,0.0,0.0,0.0,0.0,1,1.1529559269547462,375.35796593874693,59.0419921875,52.76708984375,23258.34912109375,27688.0
12,55,optimized,shared_mesh,scalable,cpu,legacy_full_snapshot,selected_after_full_read,selected_only,append,128,40300,4096,37375,0.41905418038368225,64.84126951545477,31.114433892071247,49.40054751932621,8.884779177606106,1.2272680178284645,0.0,0.0,155.4682981222868,106.56335577368736,145.66440228372812,0,0,0.0,0.0,0.0,0.0,1,1.3711433857679367,379.2551727965474,59.0419921875,52.76708984375,23258.34912109375,27688.0
13,5,optimized,shared_mesh,scalable,cpu,legacy_full_snapshot,selected_after_full_read,selected_only,append,128,40300,4096,37832,0.38217753171920776,74.22639336436987,32.892901450395584,53.396918810904026,11.988847516477108,1.0898178443312645,0.0,0.0,173.59487898647785,106.49910196661949,144.9221195653081,0,0,0.0,0.0,0.0,0.0,1,1.2655407190322876,387.27362640202045,59.0419921875,52.76708984375,23258.34912109375,27688.0
13,55,optimized,shared_mesh,scalable,cpu,legacy_full_snapshot,selected_after_full_read,selected_only,append,128,40300,4096,37451,0.38720574229955673,66.37360993772745,30.7392543181777,49.712048843503,10.9627116471529,1.1786576360464096,0.0,0.0,158.96628238260746,105.73670733720064,144.6343744173646,0,0,0.0,0.0,0.0,0.0,1,1.30381528288126,386.0011100769043,59.0419921875,52.76708984375,23258.34912109375,27688.0
14,5,optimized,shared_mesh,scalable,cpu,legacy_full_snapshot,selected_after_full_read,selected_only,append,128,40300,4096,37360,0.3117760643362999,69.40504536032677,31.970144249498844,52.357954904437065,9.20688547194004,1.0020975023508072,0.0,0.0,163.94212748855352,106.10966477543116,145.2406058087945,0,0,0.0,0.0,0.0,0.0,1,1.2526912614703178,385.8762364834547,59.0419921875,52.76708984375,23258.34912109375,27688.0
14,55,optimized,shared_mesh,scalable,cpu,legacy_full_snapshot,selected_after_full_read,selected_only,append,128,40300,4096,37474,0.45146048069000244,67.2175856307149,30.415186658501625,50.50908215343952,11.262763291597366,0.9713666513562202,0.0,0.0,160.37598438560963,106.24599922448397,146.56817074865103,0,0,0.0,0.0,0.0,0.0,1,1.3661151751875877,373.23116417974234,59.0419921875,52.76708984375,23258.34912109375,27688.0
15,5,optimized,shared_mesh,scalable,cpu,legacy_full_snapshot,selected_after_full_read,selected_only,append,128,40300,4096,37769,0.3274204209446907,74.2484675720334,33.99865422397852,54.233625531196594,11.971249245107174,0.9562801569700241,0.0,0.0,175.40827672928572,105.99680431187153,145.2475944533944,0,0,0.0,0.0,0.0,0.0,1,1.2093894183635712,386.08773052692413,59.0419921875,52.76708984375,23258.34912109375,27688.0
15,55,optimized,shared_mesh,scalable,cpu,legacy_full_snapshot,selected_after_full_read,selected_only,append,128,40300,4096,37923,0.44112466275691986,66.79713819175959,31.470357440412045,50.97310710698366,11.227578856050968,1.065792515873909,0.0,0.0,161.53397411108017,105.61658442020416,144.54219117760658,0,0,0.0,0.0,0.0,0.0,1,1.1649690568447113,371.31330743432045,59.0419921875,52.76708984375,23258.34912109375,27688.0
15,5,optimized,shared_mesh,scalable,cpu,legacy_full_snapshot,selected_after_full_read,selected_only,append,128,40300,4096,37196,0.16873888671398163,68.98264307528734,31.679063104093075,50.674193538725376,9.39321331679821,1.181173138320446,0.0,0.0,161.91028617322445,104.89385761320591,0.0,0,0,0.0,0.0,0.0,0.0,1,0.0,106.55777901411057,59.0419921875,59.0419921875,9805.41796875,27688.0
16,5,optimized,shared_mesh,scalable,cpu,legacy_full_snapshot,selected_after_full_read,selected_only,append,128,40300,4096,36821,0.348932109773159,73.6869378015399,32.979799434542656,52.641792222857475,12.100025080144405,1.0230494663119316,0.0,0.0,172.43160400539637,105.48137128353119,144.00943648070097,0,0,0.0,0.0,0.0,0.0,1,1.4759069308638573,384.536687284708,59.0419921875,52.76708984375,23258.34912109375,27688.0
16,55,optimized,shared_mesh,scalable,cpu,legacy_full_snapshot,selected_after_full_read,selected_only,append,128,40300,4096,36999,0.4383297637104988,66.87731947749853,32.47832506895065,52.03082226216793,11.698849499225616,1.0733352974057198,0.0,0.0,164.15865160524845,106.17225244641304,146.12873177975416,0,0,0.0,0.0,0.0,0.0,1,1.1998899281024933,375.1367647200823,59.0419921875,52.76708984375,23258.34912109375,27688.0
17,5,optimized,shared_mesh,scalable,cpu,legacy_full_snapshot,selected_after_full_read,selected_only,append,128,40300,4096,36418,0.4900135099887848,75.93278866261244,33.38851034641266,52.566349506378174,12.293649837374687,0.962146557867527,0.0,0.0,175.14344491064548,105.79873714596033,145.52697259932756,0,0,0.0,0.0,0.0,0.0,1,1.4029908925294876,372.5936720147729,59.0419921875,52.76708984375,23258.34912109375,27688.0
17,55,optimized,shared_mesh,scalable,cpu,legacy_full_snapshot,selected_after_full_read,selected_only,append,128,40300,4096,36400,0.41514355689287186,62.74265889078379,31.210544519126415,50.63957069069147,11.252698488533497,1.031709834933281,0.0,0.0,156.87718242406845,105.79287260770798,145.50769980996847,0,0,0.0,0.0,0.0,0.0,1,1.8823882564902306,372.37633112818,59.0419921875,52.76708984375,23258.34912109375,27688.0
18,5,optimized,shared_mesh,scalable,cpu,legacy_full_snapshot,selected_after_full_read,selected_only,append,128,40300,4096,36567,0.5104076117277145,73.223190382123,33.593020401895046,53.5162054002285,12.167923152446747,0.9666169062256813,0.0,0.0,173.46695624291897,106.41921870410442,145.3744424507022,0,0,0.0,0.0,0.0,0.0,1,1.3792449608445168,382.1754837408662,59.0419921875,52.76708984375,23258.34912109375,27688.0
18,55,optimized,shared_mesh,scalable,cpu,legacy_full_snapshot,selected_after_full_read,selected_only,append,128,40300,4096,36799,0.3285380080342293,66.19761884212494,32.18359686434269,52.701312117278576,12.191371992230415,1.1845249682664871,0.0,0.0,164.4584247842431,106.23064823448658,146.54611889272928,0,0,0.0,0.0,0.0,0.0,1,1.1783791705965996,379.16864082217216,59.0419921875,52.76708984375,23258.34912109375,27688.0
19,5,optimized,shared_mesh,scalable,cpu,legacy_full_snapshot,selected_after_full_read,selected_only,append,128,40300,4096,35627,0.45537110418081284,73.41400254517794,34.11318361759186,53.035980090498924,12.242808006703854,1.0968036949634552,0.0,0.0,173.90277795493603,106.30216728895903,147.39205036312342,0,0,0.0,0.0,0.0,0.0,1,1.2015672400593758,379.64524794369936,59.0419921875,52.76708984375,23258.34912109375,27688.0
19,55,optimized,shared_mesh,scalable,cpu,legacy_full_snapshot,selected_after_full_read,selected_only,append,128,40300,4096,36574,0.309821218252182,67.39415787160397,32.43028186261654,53.42822801321745,11.973467655479908,1.0264012962579727,0.0,0.0,166.25253669917583,106.21612332761288,145.60185465961695,0,0,0.0,0.0,0.0,0.0,1,1.8726112321019173,380.5012432858348,59.0419921875,52.76708984375,23258.34912109375,27688.0
20,5,optimized,shared_mesh,scalable,cpu,legacy_full_snapshot,selected_after_full_read,selected_only,append,128,40300,4096,35880,0.3078645095229149,74.70468897372484,33.53099711239338,53.17371524870396,11.627057567238808,1.1652493849396706,0.0,0.0,174.20170828700066,106.33010603487492,146.285193040967,0,0,0.0,0.0,0.0,0.0,1,1.3211360201239586,379.5133959501982,59.0419921875,52.76708984375,23258.34912109375,27688.0
20,55,optimized,shared_mesh,scalable,cpu,legacy_full_snapshot,selected_after_full_read,selected_only,append,128,40300,4096,38293,0.49364566802978516,66.9005149975419,30.63253778964281,50.16630329191685,11.466709896922112,1.13786943256855,0.0,0.0,160.30393540859222,106.75335209816694,146.06253895908594,0,0,0.0,0.0,0.0,0.0,1,1.199052669107914,377.85087898373604,59.0419921875,52.76708984375,23258.34912109375,27688.0
20,5,optimized,shared_mesh,scalable,cpu,legacy_full_snapshot,selected_after_full_read,selected_only,append,128,40300,4096,36276,0.15393272042274475,68.36860068142414,31.960378400981426,49.41285029053688,9.582639671862125,1.0264022275805473,0.0,0.0,160.35087127238512,106.90812394022942,0.0,0,0,0.0,0.0,0.0,0.0,1,0.0,108.38654637336731,59.0419921875,59.0419921875,9805.41796875,27688.0
21,5,optimized,shared_mesh,scalable,cpu,legacy_full_snapshot,selected_after_full_read,selected_only,append,128,40300,4096,36851,0.41067227721214294,74.02582373470068,34.10453908145428,53.71429864317179,11.9762709364295,1.1297697201371193,0.0,0.0,174.95070211589336,106.7854817956686,146.24692406505346,0,0,0.0,0.0,0.0,0.0,1,1.365835778415203,376.4425814151764,59.0419921875,52.76708984375,23258.34912109375,27688.0
21,55,optimized,shared_mesh,scalable,cpu,legacy_full_snapshot,selected_after_full_read,selected_only,append,128,40300,4096,36322,0.48386771231889725,67.11758580058813,31.371754594147205,52.040581591427326,11.588800698518753,1.0171830654144287,0.0,0.0,163.13590575009584,106.86789825558662,148.21424428373575,0,0,0.0,0.0,0.0,0.0,1,1.3306345790624619,378.38699854910374,59.0419921875,52.76708984375,23258.34912109375,27688.0
22,5,optimized,shared_mesh,scalable,cpu,legacy_full_snapshot,selected_after_full_read,selected_only,append,128,40300,4096,36461,0.4919692873954773,75.61348006129265,33.62681716680527,53.24775259941816,12.041366659104824,1.107419840991497,0.0,0.0,175.6368363276124,106.62289056926966,148.58357049524784,0,0,0.0,0.0,0.0,0.0,1,1.3828771188855171,377.96040531247854,59.0419921875,52.76708984375,23258.34912109375,27688.0
22,55,optimized,shared_mesh,scalable,cpu,legacy_full_snapshot,selected_after_full_read,selected_only,append,128,40300,4096,37451,0.3402717411518097,66.84436555951834,31.757568940520287,51.391067914664745,12.467112392187119,1.242075115442276,0.0,0.0,163.70218992233276,107.00060147792101,148.00025057047606,0,0,0.0,0.0,0.0,0.0,1,1.2959940358996391,377.89643555879593,59.0419921875,52.76708984375,23258.34912109375,27688.0
23,5,optimized,shared_mesh,scalable,cpu,legacy_full_snapshot,selected_after_full_read,selected_only,append,128,40300,4096,36401,0.33859629184007645,75.42937807738781,33.354148268699646,52.64346860349178,12.296166270971298,1.1850837618112564,0.0,0.0,174.9082449823618,107.27130994200706,147.33367692679167,0,0,0.0,0.0,0.0,0.0,1,1.3155490159988403,392.7113823592663,59.0419921875,52.76708984375,23258.34912109375,27688.0
23,55,optimized,shared_mesh,scalable,cpu,legacy_full_snapshot,selected_after_full_read,selected_only,append,128,40300,4096,37585,0.5190661177039146,66.21578522026539,31.682421453297138,50.34203082323074,11.203533969819546,1.0780850425362587,0.0,0.0,160.52185650914907,107.05591831356287,148.77298939973116,0,0,0.0,0.0,0.0,0.0,1,1.4426624402403831,380.50379510968924,59.0419921875,52.76708984375,23258.34912109375,27688.0
24,5,optimized,shared_mesh,scalable,cpu,legacy_full_snapshot,selected_after_full_read,selected_only,append,128,40300,4096,35863,0.4330230876803398,74.89187363535166,32.526105642318726,52.22693830728531,11.686848476529121,1.1546332389116287,0.0,0.0,172.48639930039644,106.91818874329329,147.36497029662132,0,0,0.0,0.0,0.0,0.0,1,1.3306345790624619,381.1829462647438,59.0419921875,52.76708984375,23258.34912109375,27688.0
24,55,optimized,shared_mesh,scalable,cpu,legacy_full_snapshot,selected_after_full_read,selected_only,append,128,40300,4096,36352,0.4246402531862259,66.6502071544528,31.161103397607803,51.04827042669058,11.535446159541607,1.0445611551404,0.0,0.0,161.4395882934332,106.9525545462966,147.4825870245695,0,0,0.0,0.0,0.0,0.0,1,1.3432065024971962,379.91852685809135,59.0419921875,52.76708984375,23258.34912109375,27688.0
25,5,optimized,shared_mesh,scalable,cpu,legacy_full_snapshot,selected_after_full_read,selected_only,append,128,40300,4096,37055,0.43777190148830414,73.57772253453732,32.966396771371365,53.085995838046074,12.035221792757511,1.1537941172719002,0.0,0.0,172.81913105398417,107.95800387859344,147.0003966242075,0,0,0.0,0.0,0.0,0.0,1,1.3622036203742027,380.3669176995754,59.0419921875,52.76708984375,23258.34912109375,27688.0
25,55,optimized,shared_mesh,scalable,cpu,legacy_full_snapshot,selected_after_full_read,selected_only,append,128,40300,4096,36694,0.2980874851346016,68.87147203087807,32.51156769692898,53.33491787314415,12.319911271333694,1.0333862155675888,0.0,0.0,168.07125508785248,106.8810373544693,147.20657374709845,0,0,0.0,0.0,0.0,0.0,1,1.4806557446718216,378.3906660974026,59.0419921875,52.76708984375,23258.34912109375,27688.0
25,5,optimized,shared_mesh,scalable,cpu,legacy_full_snapshot,selected_after_full_read,selected_only,append,128,40300,4096,36562,0.17795711755752563,68.91617178916931,31.5734650939703,48.60324878245592,9.40383318811655,1.163572072982788,0.0,0.0,159.66029092669487,107.21181146800518,0.0,0,0,0.0,0.0,0.0,0.0,1,0.0,108.8491939008236,59.0419921875,59.0419921875,9805.41796875,27688.0
26,5,optimized,shared_mesh,scalable,cpu,legacy_full_snapshot,selected_after_full_read,selected_only,append,128,40300,4096,37447,0.3480929881334305,72.46360089629889,33.48294459283352,53.85090410709381,11.61115150898695,1.169160008430481,0.0,0.0,172.57776111364365,106.66117630898952,147.23339397460222,0,0,0.0,0.0,0.0,0.0,1,1.5594381839036942,377.67213210463524,59.0419921875,52.76708984375,23258.34912109375,27688.0
26,55,optimized,shared_mesh,scalable,cpu,legacy_full_snapshot,selected_after_full_read,selected_only,append,128,40300,4096,36505,0.3765886649489403,66.45381450653076,31.163345091044903,50.428363494575024,11.81759312748909,1.1836867779493332,0.0,0.0,161.0468029975891,107.2310907766223,147.96087238937616,0,0,0.0,0.0,0.0,0.0,1,1.4365166425704956,378.1160553917289,59.0419921875,52.76708984375,23258.34912109375,27688.0
27,5,optimized,shared_mesh,scalable,cpu,legacy_full_snapshot,selected_after_full_read,selected_only,append,128,40300,4096,36294,0.4928065463900566,74.9343428760767,34.51103251427412,54.23951335251331,12.151436880230904,1.0398123413324356,0.0,0.0,176.87613796442747,106.70140665024519,147.44767267256975,0,0,0.0,0.0,0.0,0.0,1,1.384831964969635,376.1127023026347,59.0419921875,52.76708984375,23258.34912109375,27688.0
27,55,optimized,shared_mesh,scalable,cpu,legacy_full_snapshot,selected_after_full_read,selected_only,append,128,40300,4096,36654,0.36988500505685806,66.09706021845341,30.9021370485425,50.24287197738886,12.143049389123917,1.0509863495826721,0.0,0.0,160.43610498309135,107.067103497684,146.77411690354347,0,0,0.0,0.0,0.0,0.0,1,1.4239456504583359,380.85583690553904,59.0419921875,52.76708984375,23258.34912109375,27688.0
28,5,optimized,shared_mesh,scalable,cpu,legacy_full_snapshot,selected_after_full_read,selected_only,append,128,40300,4096,36876,0.44894590973854065,75.59980172663927,33.39606523513794,53.12986392527819,11.808093637228012,1.180334948003292,0.0,0.0,175.1141594722867,106.67905956506729,145.85415553301573,0,0,0.0,0.0,0.0,0.0,1,1.3962872326374054,382.3775630444288,59.0419921875,52.76708984375,23258.34912109375,27688.0
28,55,optimized,shared_mesh,scalable,cpu,legacy_full_snapshot,selected_after_full_read,selected_only,append,128,40300,4096,36451,0.27378275990486145,66.34206883609295,32.843753695487976,53.08935604989529,11.940235272049904,1.0051699355244637,0.0,0.0,165.22058378905058,106.66788648813963,146.1829748004675,0,0,0.0,0.0,0.0,0.0,1,1.4102552086114883,375.46597607433796,59.0419921875,52.76708984375,23258.34912109375,27688.0
29,5,optimized,shared_mesh,scalable,cpu,legacy_full_snapshot,selected_after_full_read,selected_only,append,128,40300,4096,37292,0.42184721678495407,73.6048286780715,32.8756058588624,52.46693082153797,11.685159057378769,1.2236367911100388,0.0,0.0,171.85616120696068,106.614806689322,146.50704432278872,0,0,0.0,0.0,0.0,0.0,1,1.3736598193645477,383.7596084922552,59.0419921875,52.76708984375,23258.34912109375,27688.0
29,55,optimized,shared_mesh,scalable,cpu,legacy_full_snapshot,selected_after_full_read,selected_only,append,128,40300,4096,37588,0.3383159637451172,67.43021309375763,32.523591071367264,52.4451257660985,12.2665511444211,1.1778203770518303,0.0,0.0,165.84330145269632,106.63352627307177,146.87162265181541,0,0,0.0,0.0,0.0,0.0,1,1.7871251329779625,375.6221504881978,59.0419921875,52.76708984375,23258.34912109375,27688.0
30,5,optimized,shared_mesh,scalable,cpu,legacy_full_snapshot,selected_after_full_read,selected_only,append,128,40300,4096,37541,0.33803656697273254,72.5485347211361,33.482665196061134,53.90622839331627,12.248949147760868,1.023608259856701,0.0,0.0,173.20998571813107,106.6787838935852,146.71238232403994,0,0,0.0,0.0,0.0,0.0,1,1.9189873710274696,383.13606567680836,59.0419921875,52.76708984375,23258.34912109375,27688.0
30,55,optimized,shared_mesh,scalable,cpu,legacy_full_snapshot,selected_after_full_read,selected_only,append,128,40300,4096,36857,0.36513619124889374,66.71949848532677,30.804636888206005,50.89352373033762,11.70891523361206,1.1652475222945213,0.0,0.0,161.29182185977697,106.98832664638758,146.68109640479088,0,0,0.0,0.0,0.0,0.0,1,1.7890799790620804,376.0308753699064,59.0419921875,52.76708984375,23258.34912109375,27688.0
30,5,optimized,shared_mesh,scalable,cpu,legacy_full_snapshot,selected_after_full_read,selected_only,append,128,40300,4096,36531,0.31792186200618744,70.63178531825542,31.726273708045483,52.76948492974043,11.79692056030035,1.0090824216604233,0.0,0.0,167.9335469380021,105.90800642967224,0.0,0,0,0.0,0.0,0.0,0.0,1,0.0,107.71720111370087,59.0419921875,59.0419921875,9805.41796875,27688.0
31,5,optimized,shared_mesh,scalable,cpu,legacy_full_snapshot,selected_after_full_read,selected_only,append,128,40300,4096,37751,0.34334417432546616,74.00963641703129,33.02785661071539,53.61904576420784,11.851117946207523,1.0062884539365768,0.0,0.0,173.51394519209862,106.4538937062025,146.39641996473074,0,0,0.0,0.0,0.0,0.0,1,1.3851113617420197,381.5598711371422,59.0419921875,52.76708984375,23258.34912109375,27688.0
31,55,optimized,shared_mesh,scalable,cpu,legacy_full_snapshot,selected_after_full_read,selected_only,append,128,40300,4096,36544,0.4771631211042404,66.10237341374159,32.37078618258238,51.765150390565395,11.584595777094364,1.0898187756538391,0.0,0.0,162.91272453963757,106.24883882701397,146.81798871606588,0,0,0.0,0.0,0.0,0.0,1,1.92289799451828,386.82766258716583,59.0419921875,52.76708984375,23258.34912109375,27688.0
32,5,optimized,shared_mesh,scalable,cpu,legacy_full_snapshot,selected_after_full_read,selected_only,append,128,40300,4096,37387,0.38133934140205383,73.3559150248766,32.76665136218071,53.50115057080984,12.057848274707794,1.0817181318998337,0.0,0.0,172.76328336447477,106.70672543346882,145.87065018713474,0,0,0.0,0.0,0.0,0.0,1,1.714489422738552,377.77442671358585,59.0419921875,52.76708984375,23258.34912109375,27688.0
32,55,optimized,shared_mesh,scalable,cpu,legacy_full_snapshot,selected_after_full_read,selected_only,append,128,40300,4096,36975,0.4835883155465126,63.80847375839949,30.21964617073536,50.208503380417824,11.808652430772781,1.0973615571856499,0.0,0.0,157.1426372975111,106.35136906057596,145.3870628029108,0,0,0.0,0.0,0.0,0.0,1,1.801932230591774,385.4744043201208,59.0419921875,52.76708984375,23258.34912109375,27688.0
33,5,optimized,shared_mesh,scalable,cpu,legacy_full_snapshot,selected_after_full_read,selected_only,append,128,40300,4096,36931,0.3469754010438919,75.25506801903248,33.55670068413019,53.189379163086414,11.592982336878777,1.1778203770518303,0.0,0.0,174.7719505801797,106.56033642590046,145.52227780222893,0,0,0.0,0.0,0.0,0.0,1,1.4868034049868584,374.97068382799625,59.0419921875,52.76708984375,23258.34912109375,27688.0
33,55,optimized,shared_mesh,scalable,cpu,legacy_full_snapshot,selected_after_full_read,selected_only,append,128,40300,4096,36181,0.3735153004527092,63.926090486347675,31.64722491055727,50.70104170590639,11.591850779950619,1.0948479175567627,0.0,0.0,158.96105580031872,106.58380575478077,145.60189936310053,0,0,0.0,0.0,0.0,0.0,1,1.3770097866654396,377.5341799482703,59.0419921875,52.76708984375,23258.34912109375,27688.0
34,5,optimized,shared_mesh,scalable,cpu,legacy_full_snapshot,selected_after_full_read,selected_only,append,128,40300,4096,37451,0.3486527130007744,74.3856718763709,31.975767575204372,53.56233660131693,11.63571048527956,1.1982135474681854,0.0,0.0,172.75770008563995,106.5175961703062,145.1040655374527,0,0,0.0,0.0,0.0,0.0,1,1.4854054898023605,385.5545921251178,59.0419921875,52.76708984375,23258.34912109375,27688.0
34,55,optimized,shared_mesh,scalable,cpu,legacy_full_snapshot,selected_after_full_read,selected_only,append,128,40300,4096,37595,0.45229867100715637,66.44907407462597,32.09924977272749,50.94631947577,12.089130468666553,1.1618956923484802,0.0,0.0,162.7456694841385,106.3279053196311,145.9525115787983,0,0,0.0,0.0,0.0,0.0,1,1.2219613417983055,384.9698770791292,59.0419921875,52.76708984375,23258.34912109375,27688.0
35,5,optimized,shared_mesh,scalable,cpu,legacy_full_snapshot,selected_after_full_read,selected_only,append,128,40300,4096,37269,0.3883223980665207,72.42450211197138,33.56619831174612,53.752584382891655,11.874035000801086,1.1970959603786469,0.0,0.0,172.8144157677889,106.65085725486279,146.20198775082827,0,0,0.0,0.0,0.0,0.0,1,1.7139296978712082,388.86568043380976,59.0419921875,52.76708984375,23258.34912109375,27688.0
35,55,optimized,shared_mesh,scalable,cpu,legacy_full_snapshot,selected_after_full_read,selected_only,append,128,40300,4096,36181,0.37882570177316666,65.84787275642157,30.989574268460274,49.63579308241606,11.57288532704115,1.2526912614703178,0.0,0.0,159.29881669580936,106.06418363749981,146.13270666450262,0,0,0.0,0.0,0.0,0.0,1,1.4088591560721397,374.8840969055891,59.0419921875,52.76708984375,23258.34912109375,27688.0
35,5,optimized,shared_mesh,scalable,cpu,legacy_full_snapshot,selected_after_full_read,selected_only,append,128,40300,4096,35875,0.15672575682401657,69.34697180986404,31.990286894142628,49.30977988988161,9.344055317342281,1.1428985744714737,0.0,0.0,161.13399248570204,105.63199874013662,0.0,0,0,0.0,0.0,0.0,0.0,1,0.0,107.2464743629098,59.0419921875,59.0419921875,9805.41796875,27688.0
36,5,optimized,shared_mesh,scalable,cpu,legacy_full_snapshot,selected_after_full_read,selected_only,append,128,40300,4096,35925,0.4500634968280792,75.57886000722647,33.647503703832626,53.079307079315186,11.61169819533825,1.1694403365254402,0.0,0.0,175.08680932223797,106.60727694630623,145.56419104337692,0,0,0.0,0.0,0.0,0.0,1,1.7312513664364815,384.8248915746808,59.0419921875,52.76708984375,23258.34912109375,27688.0
36,55,optimized,shared_mesh,scalable,cpu,legacy_full_snapshot,selected_after_full_read,selected_only,append,128,40300,4096,37252,0.35368092358112335,64.60524071007967,30.676142312586308,49.6385945007205,11.0177518799901,1.1618956923484802,0.0,0.0,157.09962509572506,106.03038035333157,144.76491790264845,0,0,0.0,0.0,0.0,0.0,1,1.2739235535264015,373.87390341609716,59.0419921875,52.76708984375,23258.34912109375,27688.0
37,5,optimized,shared_mesh,scalable,cpu,legacy_full_snapshot,selected_after_full_read,selected_only,append,128,40300,4096,36885,0.38916151970624924,72.68124353140593,33.35332963615656,53.16674895584583,12.417119927704334,1.050707884132862,0.0,0.0,172.6691499352455,106.22817371040583,145.97542490810156,0,0,0.0,0.0,0.0,0.0,1,1.7044320702552795,374.0471135824919,59.0419921875,52.76708984375,23258.34912109375,27688.0
37,55,optimized,shared_mesh,scalable,cpu,legacy_full_snapshot,selected_after_full_read,selected_only,append,128,40300,4096,38305,0.4279930144548416,66.55635498464108,31.282084994018078,51.23574752360582,11.685455217957497,1.1616172268986702,0.0,0.0,161.92125994712114,106.39663506299257,145.25912329554558,0,0,0.0,0.0,0.0,0.0,1,1.211903989315033,377.8669321909547,59.0419921875,52.76708984375,23258.34912109375,27688.0
38,5,optimized,shared_mesh,scalable,cpu,legacy_full_snapshot,selected_after_full_read,selected_only,append,128,40300,4096,37264,0.24472828954458237,74.54435806721449,32.903820276260376,53.24664991348982,12.174631468951702,1.1873189359903336,0.0,0.0,174.05677866190672,106.56425729393959,146.4592944830656,0,0,0.0,0.0,0.0,0.0,1,1.3244887813925743,376.1340072378516,59.0419921875,52.76708984375,23258.34912109375,27688.0
38,55,optimized,shared_mesh,scalable,cpu,legacy_full_snapshot,selected_after_full_read,selected_only,append,128,40300,4096,36844,0.4120701923966408,66.28900021314621,30.857994221150875,49.576856195926666,11.487668380141258,1.046517863869667,0.0,0.0,159.25803687423468,106.58102110028267,146.24557830393314,0,0,0.0,0.0,0.0,0.0,1,1.47339329123497,386.2801408395171,59.0419921875,52.76708984375,23258.34912109375,27688.0
39,5,optimized,shared_mesh,scalable,cpu,legacy_full_snapshot,selected_after_full_read,selected_only,append,128,40300,4096,37673,0.36010704934597015,74.06663801521063,32.70686976611614,53.7777291610837,12.177702970802784,1.0831141844391823,0.0,0.0,173.81205409765244,106.63130693137646,146.78560011088848,0,0,0.0,0.0,0.0,0.0,1,1.447412185370922,386.357806622982,59.0419921875,52.76708984375,23258.34912109375,27688.0
39,55,optimized,shared_mesh,scalable,cpu,legacy_full_snapshot,selected_after_full_read,selected_only,append,128,40300,4096,36656,0.34977030009031296,65.86379930377007,30.79319093376398,50.901067443192005,11.539063416421413,1.2177694588899612,0.0,0.0,160.31489055603743,106.04714695364237,146.14165481179953,0,0,0.0,0.0,0.0,0.0,1,1.415284350514412,376.89976673573256,59.0419921875,52.76708984375,23258.34912109375,27688.0
40,5,optimized,shared_mesh,scalable,cpu,legacy_full_snapshot,selected_after_full_read,selected_only,append,128,40300,4096,37425,0.4207296296954155,73.23076669126749,33.10301061719656,53.65257803350687,12.131605297327042,1.2001711875200272,0.0,0.0,173.318131826818,106.13347310572863,146.6867048293352,0,0,0.0,0.0,0.0,0.0,1,1.5351343899965286,374.5863130316138,59.0419921875,52.76708984375,23258.34912109375,27688.0
40,55,optimized,shared_mesh,scalable,cpu,legacy_full_snapshot,selected_after_full_read,selected_only,append,128,40300,4096,36334,0.3802226856350899,64.35800157487392,30.547344125807285,49.81823917478323,11.572862043976784,1.1389879509806633,0.0,0.0,157.4354348704219,107.52026177942753,147.14710600674152,0,0,0.0,0.0,0.0,0.0,1,1.845233142375946,377.3375442251563,59.0419921875,52.76708984375,23258.34912109375,27688.0
40,5,optimized,shared_mesh,scalable,cpu,legacy_full_snapshot,selected_after_full_read,selected_only,append,128,40300,4096,36831,0.1737680286169052,69.30926162749529,32.56606962531805,49.117288552224636,9.493248537182808,1.0479139164090157,0.0,0.0,161.5337822586298,106.72294348478317,0.0,0,0,0.0,0.0,0.0,0.0,1,0.0,108.22595003992319,59.0419921875,59.0419921875,9805.41796875,27688.0
41,5,optimized,shared_mesh,scalable,cpu,legacy_full_snapshot,selected_after_full_read,selected_only,append,128,40300,4096,36732,0.4433589056134224,70.49602270126343,33.06557331234217,52.150968462228775,9.719256311655045,1.0942891240119934,0.0,0.0,166.5261099115014,105.88958486914635,146.1198665201664,0,0,0.0,0.0,0.0,0.0,1,1.1968184262514114,384.75228287279606,59.0419921875,52.76708984375,23258.34912109375,27688.0
41,55,optimized,shared_mesh,scalable,cpu,legacy_full_snapshot,selected_after_full_read,selected_only,append,128,40300,4096,37695,0.3883223980665207,66.55691657215357,32.94656611979008,53.86685114353895,11.625672690570354,1.1071395128965378,0.0,0.0,166.1031460389495,106.90174158662558,146.55205234885216,0,0,0.0,0.0,0.0,0.0,1,1.1401064693927765,378.5885637626052,59.0419921875,52.76708984375,23258.34912109375,27688.0
42,5,optimized,shared_mesh,scalable,cpu,legacy_full_snapshot,selected_after_full_read,selected_only,append,128,40300,4096,36756,0.2961326390504837,70.63822355121374,33.35779905319214,51.27290450036526,9.73909255117178,1.0384153574705124,0.0,0.0,166.04643501341343,105.99351208657026,145.11330146342516,0,0,0.0,0.0,0.0,0.0,1,1.1459728702902794,384.1871256008744,59.0419921875,52.76708984375,23258.34912109375,27688.0
42,55,optimized,shared_mesh,scalable,cpu,legacy_full_snapshot,selected_after_full_read,selected_only,append,128,40300,4096,37391,0.44503528624773026,64.12473041564226,31.717893667519093,51.251684315502644,11.396588757634163,1.059926114976406,0.0,0.0,159.55082327127457,106.47123400121927,146.46852295845747,0,0,0.0,0.0,0.0,0.0,1,1.4893170446157455,385.5982217937708,59.0419921875,52.76708984375,23258.34912109375,27688.0
43,5,optimized,shared_mesh,scalable,cpu,legacy_full_snapshot,selected_after_full_read,selected_only,append,128,40300,4096,36459,0.42547937482595444,73.16819112747908,34.42918509244919,53.82494628429413,12.562950141727924,1.1775409802794456,0.0,0.0,175.16281362622976,106.52850475162268,146.0815966129303,0,0,0.0,0.0,0.0,0.0,1,1.538206823170185,374.2929892614484,59.0419921875,52.76708984375,23258.34912109375,27688.0
43,55,optimized,shared_mesh,scalable,cpu,legacy_full_snapshot,selected_after_full_read,selected_only,append,128,40300,4096,36556,0.530521385371685,64.16076980531216,32.2202118113637,52.78960149735212,12.004494667053223,1.1535165831446648,0.0,0.0,162.32859436422586,106.59527499228716,147.36082963645458,0,0,0.0,0.0,0.0,0.0,1,1.2954343110322952,388.32878042012453,59.0419921875,52.76708984375,23258.34912109375,27688.0
44,5,optimized,shared_mesh,scalable,cpu,legacy_full_snapshot,selected_after_full_read,selected_only,append,128,40300,4096,37442,0.3028362989425659,75.18188562244177,32.6470909640193,53.01841162145138,11.7960749194026,1.252131536602974,0.0,0.0,173.89559466391802,106.32037650793791,147.23148196935654,0,0,0.0,0.0,0.0,0.0,1,1.681801863014698,386.8257747963071,59.0419921875,52.76708984375,23258.34912109375,27688.0
44,55,optimized,shared_mesh,scalable,cpu,legacy_full_snapshot,selected_after_full_read,selected_only,append,128,40300,4096,36139,0.5123643204569817,63.71322087943554,29.975207522511482,48.528945073485374,10.478570125997066,1.1448543518781662,0.0,0.0,153.84079795330763,106.5684575587511,146.38750907033682,0,0,0.0,0.0,0.0,0.0,1,1.2085521593689919,375.5113258957863,59.0419921875,52.76708984375,23258.34912109375,27688.0
45,5,optimized,shared_mesh,scalable,cpu,legacy_full_snapshot,selected_after_full_read,selected_only,append,128,40300,4096,36213,0.44810865074396133,87.87642233073711,33.93748961389065,54.139796644449234,12.05366663634777,1.130049116909504,0.0,0.0,189.13742434233427,106.61203879863024,146.74929156899452,0,0,0.0,0.0,0.0,0.0,1,1.453278586268425,376.5874579548836,59.0419921875,52.76708984375,23258.34912109375,27688.0
45,55,optimized,shared_mesh,scalable,cpu,legacy_full_snapshot,selected_after_full_read,selected_only,append,128,40300,4096,36251,0.3416687250137329,64.13115747272968,31.082333996891975,50.704400055110455,11.417260393500328,1.1610575020313263,0.0,0.0,158.49620942026377,106.25277180224657,146.4081835001707,0,0,0.0,0.0,0.0,0.0,1,1.4937873929738998,386.4614861086011,59.0419921875,52.76708984375,23258.34912109375,27688.0
45,5,optimized,shared_mesh,scalable,cpu,legacy_full_snapshot,selected_after_full_read,selected_only,append,128,40300,4096,36687,0.2757366746664047,69.64814104139805,30.933714471757412,48.69964253157377,9.068882092833519,1.1848043650388718,0.0,0.0,159.53518450260162,106.94700479507446,0.0,0,0,0.0,0.0,0.0,0.0,1,0.0,108.74418541789055,59.0419921875,59.0419921875,9805.41796875,27688.0
46,5,optimized,shared_mesh,scalable,cpu,legacy_full_snapshot,selected_after_full_read,selected_only,append,128,40300,4096,36461,0.36792829632759094,80.98186925053596,33.53519178926945,56.13840837031603,12.87864800542593,1.2124618515372276,0.0,0.0,184.7465792670846,106.11141100525856,145.7768101245165,0,0,0.0,0.0,0.0,0.0,1,1.3451622799038887,385.6884725391865,59.0419921875,52.76708984375,23258.34912109375,27688.0
46,55,optimized,shared_mesh,scalable,cpu,legacy_full_snapshot,selected_after_full_read,selected_only,append,128,40300,4096,36659,0.4400070756673813,64.78935200721025,31.321189366281033,49.751452170312405,11.614800430834293,1.215815544128418,0.0,0.0,158.6926095187664,106.81039281189442,147.29462377727032,0,0,0.0,0.0,0.0,0.0,1,1.6946541145443916,377.2059874609113,59.0419921875,52.76708984375,23258.34912109375,27688.0
47,5,optimized,shared_mesh,scalable,cpu,legacy_full_snapshot,selected_after_full_read,selected_only,append,128,40300,4096,35655,0.3883223980665207,79.6925825998187,34.54400319606066,56.61780387163162,13.818996958434582,1.016903668642044,0.0,0.0,185.6902902945876,106.13627638667822,147.09934499114752,0,0,0.0,0.0,0.0,0.0,1,1.8055625259876251,382.71710462868214,59.0419921875,52.76708984375,23258.34912109375,27688.0
47,55,optimized,shared_mesh,scalable,cpu,legacy_full_snapshot,selected_after_full_read,selected_only,append,128,40300,4096,37028,0.4433589056134224,62.704979442059994,31.040703877806664,50.48845708370209,11.612535454332829,0.9993026033043861,0.0,0.0,156.84597846120596,106.63998033851385,145.86034417152405,0,0,0.0,0.0,0.0,0.0,1,1.4468533918261528,377.25963070988655,59.0419921875,52.76708984375,23258.34912109375,27688.0
48,5,optimized,shared_mesh,scalable,cpu,legacy_full_snapshot,selected_after_full_read,selected_only,append,128,40300,4096,36554,0.3293752670288086,73.19389656186104,33.00020191818476,53.50172519683838,11.565886437892914,1.0113166645169258,0.0,0.0,172.273026779294,106.92325886338949,146.05925604701042,0,0,0.0,0.0,0.0,0.0,1,1.7703613266348839,389.74408246576786,59.0419921875,52.76708984375,23258.34912109375,27688.0
48,55,optimized,shared_mesh,scalable,cpu,legacy_full_snapshot,selected_after_full_read,selected_only,append,128,40300,4096,36107,0.5207434296607971,66.72929413616657,31.61816857755184,51.35282035917044,11.173643171787262,1.000700518488884,0.0,0.0,161.874626763165,106.87967948615551,145.57287469506264,0,0,0.0,0.0,0.0,0.0,1,1.3803625479340553,373.81892278790474,59.0419921875,52.76708984375,23258.34912109375,27688.0
49,5,optimized,shared_mesh,scalable,cpu,legacy_full_snapshot,selected_after_full_read,selected_only,append,128,40300,4096,36998,0.45732781291007996,73.7179946154356,33.303880132734776,53.359526209533215,12.104786932468414,1.2211231514811516,0.0,0.0,173.70731104165316,107.04730078577995,146.65487222373486,0,0,0.0,0.0,0.0,0.0,1,1.389581710100174,379.56918124109507,59.0419921875,52.76708984375,23258.34912109375,27688.0
49,55,optimized,shared_mesh,scalable,cpu,legacy_full_snapshot,selected_after_full_read,selected_only,append,128,40300,4096,36847,0.3832941874861717,66.69912301003933,31.536041758954525,52.26271506398916,11.810609139502048,1.1049052700400352,0.0,0.0,163.4133942425251,106.97047505527735,145.87180130183697,0,0,0.0,0.0,0.0,0.0,1,1.9083702936768532,375.0805575400591,59.0419921875,52.76708984375,23258.34912109375,27688.0
50,5,optimized,shared_mesh,scalable,cpu,legacy_full_snapshot,selected_after_full_read,selected_only,append,128,40300,4096,36781,0.5196277052164078,80.97852114588022,33.23347680270672,55.21649681031704,12.307609431445599,1.1929059401154518,0.0,0.0,182.92901013046503,106.88945930451155,146.20061870664358,0,0,0.0,0.0,0.0,0.0,1,1.5454702079296112,376.2173131108284,59.0419921875,52.76708984375,23258.34912109375,27688.0
50,55,optimized,shared_mesh,scalable,cpu,legacy_full_snapshot,selected_after_full_read,selected_only,append,128,40300,4096,37503,0.4531377926468849,67.1874601393938,30.354867689311504,48.61778859049082,10.696204379200935,1.1758655309677124,0.0,0.0,158.03218632936478,106.7874887958169,145.8078259602189,0,0,0.0,0.0,0.0,0.0,1,1.387626864016056,377.3599350824952,59.0419921875,52.76708984375,23258.34912109375,27688.0
50,5,optimized,shared_mesh,scalable,cpu,legacy_full_snapshot,selected_after_full_read,selected_only,append,128,40300,4096,36375,0.3441832959651947,68.76421999186277,31.21392708271742,48.733447678387165,9.286787360906601,1.1744685471057892,0.0,0.0,159.17285066097975,106.35893698781729,0.0,0,0,0.0,0.0,0.0,0.0,1,0.0,108.8428096845746,59.0419921875,59.0419921875,9805.41796875,27688.0
51,5,optimized,shared_mesh,scalable,cpu,legacy_full_snapshot,selected_after_full_read,selected_only,append,128,40300,4096,37512,0.36401860415935516,80.46559989452362,33.92380382865667,57.02847521752119,12.673030607402325,1.1677630245685577,0.0,0.0,185.25867257267237,106.31619393825531,145.63992526382208,0,0,0.0,0.0,0.0,0.0,1,1.7256634309887886,374.6511731296778,59.0419921875,52.76708984375,23258.34912109375,27688.0
51,55,optimized,shared_mesh,scalable,cpu,legacy_full_snapshot,selected_after_full_read,selected_only,append,128,40300,4096,36299,0.49951206892728806,63.578011468052864,30.696257017552853,49.58776198327541,11.245999485254288,1.1811722069978714,0.0,0.0,156.2892021611333,106.41956143081188,146.5012226253748,0,0,0.0,0.0,0.0,0.0,1,1.276157796382904,387.38622050732374,59.0419921875,52.76708984375,23258.34912109375,27688.0
52,5,optimized,shared_mesh,scalable,cpu,legacy_full_snapshot,selected_after_full_read,selected_only,append,128,40300,4096,38565,0.6324928253889084,80.09515795856714,33.58213696628809,56.519463658332825,13.15466221421957,1.2088315561413765,0.0,0.0,184.560252353549,106.88275471329689,146.23135142028332,0,0,0.0,0.0,0.0,0.0,1,1.9184285774827003,374.7891839593649,59.0419921875,52.76708984375,23258.34912109375,27688.0
52,55,optimized,shared_mesh,scalable,cpu,legacy_full_snapshot,selected_after_full_read,selected_only,append,128,40300,4096,36933,0.35172607749700546,65.28942752629519,30.225231312215328,49.15808420628309,10.616878047585487,1.1839671060442924,0.0,0.0,156.47358819842339,105.96055909991264,145.9536598995328,0,0,0.0,0.0,0.0,0.0,1,1.4750706031918526,376.15222949534655,59.0419921875,52.76708984375,23258.34912109375,27688.0
53,5,optimized,shared_mesh,scalable,cpu,legacy_full_snapshot,selected_after_full_read,selected_only,append,128,40300,4096,36309,0.4640324041247368,76.77094452083111,32.690390944480896,51.45617667585611,9.75948665291071,1.1415034532546997,0.0,0.0,171.81850224733353,106.50560818612576,146.26571629196405,0,0,0.0,0.0,0.0,0.0,1,1.52619369328022,380.91491628438234,59.0419921875,52.76708984375,23258.34912109375,27688.0
53,55,optimized,shared_mesh,scalable,cpu,legacy_full_snapshot,selected_after_full_read,selected_only,append,128,40300,4096,35965,0.5405796691775322,63.66769038140774,31.28991648554802,50.95974635332823,11.30578201264143,1.1415034532546997,0.0,0.0,158.36463868618011,106.62043001502752,147.75782823562622,0,0,0.0,0.0,0.0,0.0,1,1.4557931572198868,377.7192132547498,59.0419921875,52.76708984375,23258.34912109375,27688.0
54,5,optimized,shared_mesh,scalable,cpu,legacy_full_snapshot,selected_after_full_read,selected_only,append,128,40300,4096,36790,0.4143044352531433,80.20942099392414,35.01809388399124,55.10640051215887,12.790381908416748,0.9945537894964218,0.0,0.0,184.11885108798742,106.82241339236498,146.1075944826007,0,0,0.0,0.0,0.0,0.0,1,1.2515755370259285,377.76866275817156,59.0419921875,52.76708984375,23258.34912109375,27688.0
54,55,optimized,shared_mesh,scalable,cpu,legacy_full_snapshot,selected_after_full_read,selected_only,append,128,40300,4096,36298,0.47688279300928116,65.18270913511515,30.658254399895668,49.301132559776306,11.341830715537071,0.9587947279214859,0.0,0.0,157.44272153824568,106.51845950633287,146.51463646441698,0,0,0.0,0.0,0.0,0.0,1,1.8636714667081833,381.8851709365845,59.0419921875,52.76708984375,23258.34912109375,27688.0
55,5,optimized,shared_mesh,scalable,cpu,legacy_full_snapshot,selected_after_full_read,selected_only,append,128,40300,4096,36389,0.4595620557665825,75.2883329987526,33.14101882278919,53.16759739071131,12.10115198045969,1.2311795726418495,0.0,0.0,174.92928076535463,106.16785194724798,145.48236690461636,0,0,0.0,0.0,0.0,0.0,1,1.4197556301951408,374.72465820610523,59.0419921875,52.76708984375,23258.34912109375,27688.0
55,55,optimized,shared_mesh,scalable,cpu,legacy_full_snapshot,selected_after_full_read,selected_only,append,128,40300,4096,36777,0.38413237780332565,64.34851326048374,31.252481043338776,51.780522800982,11.28456462174654,1.0099196806550026,0.0,0.0,159.67600140720606,106.36005830019712,145.2672528102994,0,0,0.0,0.0,0.0,0.0,1,1.3971244916319847,379.41080052405596,59.0419921875,52.76708984375,23258.34912109375,27688.0
55,5,optimized,shared_mesh,scalable,cpu,legacy_full_snapshot,selected_after_full_read,selected_only,append,128,40300,4096,37976,0.19052904099225998,69.19864285737276,31.19883593171835,49.39667135477066,9.199352003633976,1.1104922741651535,0.0,0.0,160.1039944216609,106.39302525669336,0.0,0,0,0.0,0.0,0.0,0.0,1,0.0,108.05136058479548,59.0419921875,59.0419921875,9805.41796875,27688.0
56,5,optimized,shared_mesh,scalable,cpu,legacy_full_snapshot,selected_after_full_read,selected_only,append,128,40300,4096,36873,0.40676165372133255,83.74679554253817,33.67292694747448,53.12403291463852,12.058681808412075,1.1088168248534203,0.0,0.0,183.71125403791666,105.96335493028164,145.43739054352045,0,0,0.0,0.0,0.0,0.0,1,1.5924032777547836,375.8021891117096,59.0419921875,52.76708984375,23258.34912109375,27688.0
56,55,optimized,shared_mesh,scalable,cpu,legacy_full_snapshot,selected_after_full_read,selected_only,append,128,40300,4096,36829,0.4880577325820923,65.72943646460772,32.865836285054684,53.251978009939194,12.215966358780861,1.008802093565464,0.0,0.0,165.07201921194792,106.47571831941605,147.08455186337233,0,0,0.0,0.0,0.0,0.0,1,1.9019460305571556,376.0013822466135,59.0419921875,52.76708984375,23258.34912109375,27688.0
57,5,optimized,shared_mesh,scalable,cpu,legacy_full_snapshot,selected_after_full_read,selected_only,append,128,40300,4096,37555,0.3810590133070946,73.35984706878662,33.42932369560003,54.12863474339247,12.195578776299953,1.0470757260918617,0.0,0.0,174.16046001017094,106.53662122786045,146.20789140462875,0,0,0.0,0.0,0.0,0.0,1,1.678171567618847,373.8569440320134,59.0419921875,52.76708984375,23258.34912109375,27688.0
57,55,optimized,shared_mesh,scalable,cpu,legacy_full_snapshot,selected_after_full_read,selected_only,append,128,40300,4096,37828,0.4221256822347641,68.68935283273458,32.36269764602184,53.598654456436634,11.866213753819466,1.0579722002148628,0.0,0.0,167.5748908892274,106.14243149757385,145.7726350054145,0,0,0.0,0.0,0.0,0.0,1,1.255486160516739,376.19861774146557,59.0419921875,52.76708984375,23258.34912109375,27688.0
58,5,optimized,shared_mesh,scalable,cpu,legacy_full_snapshot,selected_after_full_read,selected_only,append,128,40300,4096,35671,0.35954825580120087,72.11330346763134,32.279156148433685,53.485230542719364,12.163471430540085,1.2060366570949554,0.0,0.0,171.24719824641943,106.15137033164501,146.55933901667595,0,0,0.0,0.0,0.0,0.0,1,1.306888647377491,389.42814990878105,59.0419921875,52.76708984375,23258.34912109375,27688.0
58,55,optimized,shared_mesh,scalable,cpu,legacy_full_snapshot,selected_after_full_read,selected_only,append,128,40300,4096,37761,0.430508516728878,67.82526522874832,33.77518802881241,53.933367133140564,11.73851266503334,1.1669257655739784,0.0,0.0,168.4392588213086,107.07384906709194,147.3365444689989,0,0,0.0,0.0,0.0,0.0,1,1.3292385265231133,380.96075039356947,59.0419921875,52.76708984375,23258.34912109375,27688.0
59,5,optimized,shared_mesh,scalable,cpu,legacy_full_snapshot,selected_after_full_read,selected_only,append,128,40300,4096,36916,0.44168252497911453,74.00463335216045,33.65310188382864,53.558156825602055,12.03103270381689,1.2060366570949554,0.0,0.0,174.452961422503,106.62657860666513,146.6364460065961,0,0,0.0,0.0,0.0,0.0,1,1.2068748474121094,379.35102451592684,59.0419921875,52.76708984375,23258.34912109375,27688.0
59,55,optimized,shared_mesh,scalable,cpu,legacy_full_snapshot,selected_after_full_read,selected_only,append,128,40300,4096,37392,0.4659881815314293,68.42590868473053,32.792639918625355,54.02219947427511,12.376608327031136,1.1607790365815163,0.0,0.0,168.77813544124365,107.14201536029577,146.88508491963148,0,0,0.0,0.0,0.0,0.0,1,1.4990950003266335,387.8988865762949,59.0419921875,52.76708984375,23258.34912109375,27688.0
60,5,optimized,shared_mesh,scalable,cpu,legacy_full_snapshot,selected_after_full_read,selected_only,append,128,40300,4096,36458,0.3774277865886688,75.32130088657141,32.85522758960724,53.89367137104273,11.322836391627789,1.0157860815525055,0.0,0.0,174.40882232040167,106.65591433644295,146.49173337966204,0,0,0.0,0.0,0.0,0.0,1,1.4974195510149002,373.5200334340334,59.0419921875,52.76708984375,23258.34912109375,27688.0
60,55,optimized,shared_mesh,scalable,cpu,legacy_full_snapshot,selected_after_full_read,selected_only,append,128,40300,4096,35924,0.47939736396074295,68.70611570775509,32.7376052737236,53.17988619208336,12.332483194768429,1.0702647268772125,0.0,0.0,168.0263550952077,106.84532765299082,146.35568019002676,0,0,0.0,0.0,0.0,0.0,1,1.6331924125552177,373.69882967323065,59.0419921875,52.76708984375,23258.34912109375,27688.0
60,5,optimized,shared_mesh,scalable,cpu,legacy_full_snapshot,selected_after_full_read,selected_only,append,128,40300,4096,36826,0.2229372039437294,69.12125833332539,31.004678457975388,48.422228544950485,9.046540595591068,1.150442287325859,0.0,0.0,158.7451482191682,106.4366102218628,0.0,0,0,0.0,0.0,0.0,0.0,1,0.0,108.12902916222811,59.0419921875,59.0419921875,9805.41796875,27688.0
61,5,optimized,shared_mesh,scalable,cpu,legacy_full_snapshot,selected_after_full_read,selected_only,append,128,40300,4096,37344,0.45090168714523315,74.03257116675377,33.127330243587494,53.726889193058014,11.447437107563019,1.0976409539580345,0.0,0.0,173.43186866492033,106.37458972632885,146.63281571120024,0,0,0.0,0.0,0.0,0.0,1,1.687389798462391,386.37576904147863,59.0419921875,52.76708984375,23258.34912109375,27688.0
61,55,optimized,shared_mesh,scalable,cpu,legacy_full_snapshot,selected_after_full_read,selected_only,append,128,40300,4096,37849,0.4240823909640312,68.73489171266556,32.57724829018116,54.002920165658,12.21485435962677,1.3040946796536446,0.0,0.0,168.83400920778513,107.30824340134859,147.13568054139614,0,0,0.0,0.0,0.0,0.0,1,1.4792606234550476,388.800417073071,59.0419921875,52.76708984375,23258.34912109375,27688.0
62,5,optimized,shared_mesh,scalable,cpu,legacy_full_snapshot,selected_after_full_read,selected_only,append,128,40300,4096,36885,0.5556652322411537,72.92571105062962,33.36953837424517,54.416099563241005,11.963429860770702,1.0808790102601051,0.0,0.0,173.7556578591466,106.32905270904303,145.48963773995638,0,0,0.0,0.0,0.0,0.0,1,1.5063593164086342,374.0212256088853,59.0419921875,52.76708984375,23258.34912109375,27688.0
62,55,optimized,shared_mesh,scalable,cpu,legacy_full_snapshot,selected_after_full_read,selected_only,append,128,40300,4096,36213,0.4576072096824646,68.02138313651085,32.72111713886261,53.170681931078434,12.576920911669731,1.0671913623809814,0.0,0.0,167.5572944805026,106.40811547636986,147.0339922234416,0,0,0.0,0.0,0.0,0.0,1,1.54211837798357,374.944263137877,59.0419921875,52.76708984375,23258.34912109375,27688.0
63,5,optimized,shared_mesh,scalable,cpu,legacy_full_snapshot,selected_after_full_read,selected_only,append,128,40300,4096,38090,0.4400070756673813,74.90029279142618,34.946294501423836,55.48106413334608,12.693976983428001,1.1191526427865028,0.0,0.0,179.1407810524106,106.55925422906876,146.82083297520876,0,0,0.0,0.0,0.0,0.0,1,1.5127845108509064,379.3253330513835,59.0419921875,52.76708984375,23258.34912109375,27688.0
63,55,optimized,shared_mesh,scalable,cpu,legacy_full_snapshot,selected_after_full_read,selected_only,append,128,40300,4096,37304,0.27657486498355865,84.67402588576078,32.054560258984566,52.09370143711567,11.898049153387547,1.1884374544024467,0.0,0.0,181.908774189651,106.6327290609479,146.61773201078176,0,0,0.0,0.0,0.0,0.0,1,1.3024182990193367,391.1401377990842,59.0419921875,52.76708984375,23258.34912109375,27688.0
64,5,optimized,shared_mesh,scalable,cpu,legacy_full_snapshot,selected_after_full_read,selected_only,append,128,40300,4096,36426,0.4548141732811928,74.13593865931034,33.594715408980846,54.562496952712536,11.574257165193558,1.2892894446849823,0.0,0.0,175.15669763088226,106.42795171588659,146.58867847174406,0,0,0.0,0.0,0.0,0.0,1,1.4493679627776146,377.9857587069273,59.0419921875,52.76708984375,23258.34912109375,27688.0
64,55,optimized,shared_mesh,scalable,cpu,legacy_full_snapshot,selected_after_full_read,selected_only,append,128,40300,4096,38148,0.3888821229338646,68.19040328264236,32.241170294582844,52.86839324980974,12.45567761361599,1.0160654783248901,0.0,0.0,166.77170991897583,106.95065185427666,146.42077777534723,0,0,0.0,0.0,0.0,0.0,1,1.4923904091119766,386.76885049790144,59.0419921875,52.76708984375,23258.34912109375,27688.0
65,5,optimized,shared_mesh,scalable,cpu,legacy_full_snapshot,selected_after_full_read,selected_only,append,128,40300,4096,35928,0.4458734765648842,72.65695929527283,33.25026296079159,53.73248923569918,12.26345356553793,1.1498834937810898,0.0,0.0,173.0530485510826,106.49975016713142,146.1307927966118,0,0,0.0,0.0,0.0,0.0,1,1.7508072778582573,386.06875110417604,59.0419921875,52.76708984375,23258.34912109375,27688.0
65,55,optimized,shared_mesh,scalable,cpu,legacy_full_snapshot,selected_after_full_read,selected_only,append,128,40300,4096,36516,0.3802226856350899,65.98897371441126,31.066985800862312,51.550330594182014,11.678466573357582,1.147090457379818,0.0,0.0,161.43184714019299,106.51790909469128,145.91484051197767,0,0,0.0,0.0,0.0,0.0,1,1.7734365537762642,380.4280096665025,59.0419921875,52.76708984375,23258.34912109375,27688.0
65,5,optimized,shared_mesh,scalable,cpu,legacy_full_snapshot,selected_after_full_read,selected_only,append,128,40300,4096,35124,0.1581227406859398,69.91914007812738,31.37399908155203,48.596558161079884,9.250763803720474,1.0495902970433235,0.0,0.0,160.1900514215231,105.82200065255165,0.0,0,0,0.0,0.0,0.0,0.0,1,0.0,107.2976291179657,59.0419921875,59.0419921875,9805.41796875,27688.0
66,5,optimized,shared_mesh,scalable,cpu,legacy_full_snapshot,selected_after_full_read,selected_only,append,128,40300,4096,37832,0.3696056082844734,72.96286802738905,33.11502933502197,53.78779489547014,11.956178583204746,1.1630132794380188,0.0,0.0,172.98488412052393,106.09606187790632,145.44689748436213,0,0,0.0,0.0,0.0,0.0,1,1.4158440753817558,372.97359947115183,59.0419921875,52.76708984375,23258.34912109375,27688.0
66,55,optimized,shared_mesh,scalable,cpu,legacy_full_snapshot,selected_after_full_read,selected_only,append,128,40300,4096,37291,0.4914095625281334,68.27589124441147,31.886929646134377,52.1205198019743,12.480543926358223,1.1993329972028732,0.0,0.0,165.96321761608124,107.10961371660233,146.31433971226215,0,0,0.0,0.0,0.0,0.0,1,1.4130501076579094,382.51880928874016,59.0419921875,52.76708984375,23258.34912109375,27688.0
67,5,optimized,shared_mesh,scalable,cpu,legacy_full_snapshot,selected_after_full_read,selected_only,append,128,40300,4096,36716,0.530521385371685,71.02823723107576,33.012242056429386,49.31202903389931,9.545469656586647,1.1915108188986778,0.0,0.0,164.08948879688978,106.49975016713142,147.3689591512084,0,0,0.0,0.0,0.0,0.0,1,1.478981226682663,375.9525157511234,59.0419921875,52.76708984375,23258.34912109375,27688.0
67,55,optimized,shared_mesh,scalable,cpu,legacy_full_snapshot,selected_after_full_read,selected_only,append,128,40300,4096,36564,0.33747777342796326,66.27644505351782,31.027876771986485,50.74519384652376,11.438482441008091,1.1280933395028114,0.0,0.0,160.61609145253897,106.24357033520937,146.7526713386178,0,0,0.0,0.0,0.0,0.0,1,1.212742179632187,376.33804604411125,59.0419921875,52.76708984375,23258.34912109375,27688.0
68,5,optimized,shared_mesh,scalable,cpu,legacy_full_snapshot,selected_after_full_read,selected_only,append,128,40300,4096,36143,0.3441823646426201,73.1371957808733,34.163784235715866,53.94675396382809,11.994728818535805,1.2529706582427025,0.0,0.0,174.49543345719576,106.48215096443892,145.67570202052593,0,0,0.0,0.0,0.0,0.0,1,1.3610869646072388,376.92444398999214,59.0419921875,52.76708984375,23258.34912109375,27688.0
68,55,optimized,shared_mesh,scalable,cpu,legacy_full_snapshot,selected_after_full_read,selected_only,append,128,40300,4096,36235,0.3092624247074127,66.63264147937298,31.914868392050266,51.55033152550459,12.271851301193237,1.004890538752079,0.0,0.0,163.37458323687315,106.21703043580055,145.68268693983555,0,0,0.0,0.0,0.0,0.0,1,1.290685497224331,376.6609989106655,59.0419921875,52.76708984375,23258.34912109375,27688.0
69,5,optimized,shared_mesh,scalable,cpu,legacy_full_snapshot,selected_after_full_read,selected_only,append,128,40300,4096,36837,0.47856010496616364,73.93730897456408,33.23041275143623,54.24038041383028,11.678474955260754,1.1694394052028656,0.0,0.0,174.2560165002942,106.60898499190807,145.83969302475452,0,0,0.0,0.0,0.0,0.0,1,1.4177989214658737,386.17687579244375,59.0419921875,52.76708984375,23258.34912109375,27688.0
69,55,optimized,shared_mesh,scalable,cpu,legacy_full_snapshot,selected_after_full_read,selected_only,append,128,40300,4096,37049,0.4115104675292969,66.22057128697634,31.556992791593075,51.42238177359104,11.735743843019009,1.2574410066008568,0.0,0.0,162.19313070178032,107.13224485516548,147.26419746875763,0,0,0.0,0.0,0.0,0.0,1,1.2378860265016556,379.4485479593277,59.0419921875,52.76708984375,23258.34912109375,27688.0
70,5,optimized,shared_mesh,scalable,cpu,legacy_full_snapshot,selected_after_full_read,selected_only,append,128,40300,4096,36828,0.34781359136104584,73.03746044635773,32.498741522431374,53.22654079645872,11.538523249328136,1.1828504502773285,0.0,0.0,171.4841164648533,106.86153545975685,145.65949980169535,0,0,0.0,0.0,0.0,0.0,1,1.6429712995886803,379.33344673365355,59.0419921875,52.76708984375,23258.34912109375,27688.0
70,55,optimized,shared_mesh,scalable,cpu,legacy_full_snapshot,selected_after_full_read,selected_only,append,128,40300,4096,36376,0.331890769302845,62.400197610259056,31.569008715450764,51.56402010470629,11.619246564805508,1.172233372926712,0.0,0.0,158.32470636814833,106.24413006007671,146.28472924232483,0,0,0.0,0.0,0.0,0.0,1,1.3216957449913025,387.47231382876635,59.0419921875,52.76708984375,23258.34912109375,27688.0
70,5,optimized,shared_mesh,scalable,cpu,legacy_full_snapshot,selected_after_full_read,selected_only,append,128,40300,4096,37418,0.17935410141944885,70.51140535622835,32.980103977024555,49.5925135910511,9.818147867918015,1.1007143184542656,0.0,0.0,164.0028851106763,106.27737548202276,0.0,0,0,0.0,0.0,0.0,0.0,1,0.0,107.86894056946039,59.0419921875,59.0419921875,9805.41796875,27688.0
71,5,optimized,shared_mesh,scalable,cpu,legacy_full_snapshot,selected_after_full_read,selected_only,append,128,40300,4096,37953,0.34977030009031296,74.04961623251438,35.04434507340193,56.459118612110615,13.791090808808804,1.093451865017414,0.0,0.0,180.43762259185314,106.89701605588198,144.89151537418365,0,0,0.0,0.0,0.0,0.0,1,1.5574842691421509,384.0003125369549,59.0419921875,52.76708984375,23258.34912109375,27688.0
71,55,optimized,shared_mesh,scalable,cpu,legacy_full_snapshot,selected_after_full_read,selected_only,append,128,40300,4096,36201,0.48135314136743546,67.19221826642752,31.855642795562744,51.528263837099075,11.135095730423927,1.0138312354683876,0.0,0.0,162.72505186498165,106.303078122437,145.43237444013357,0,0,0.0,0.0,0.0,0.0,1,1.3292385265231133,386.5160346031189,59.0419921875,52.76708984375,23258.34912109375,27688.0
72,5,optimized,shared_mesh,scalable,cpu,legacy_full_snapshot,selected_after_full_read,selected_only,append,128,40300,4096,37182,0.4014531150460243,73.04975390434265,33.25919900089502,53.98754868656397,11.94638293236494,0.982542522251606,0.0,0.0,173.2254270464182,106.70955944806337,145.06947342306376,0,0,0.0,0.0,0.0,0.0,1,1.3851132243871689,375.8052969351411,59.0419921875,52.76708984375,23258.34912109375,27688.0
72,55,optimized,shared_mesh,scalable,cpu,legacy_full_snapshot,selected_after_full_read,selected_only,append,128,40300,4096,35582,0.38608815521001816,66.21889676898718,32.691516913473606,52.350169979035854,11.97599433362484,1.154632307589054,0.0,0.0,164.39121030271053,106.14635143429041,145.894730463624,0,0,0.0,0.0,0.0,0.0,1,1.195979304611683,377.4206107482314,59.0419921875,52.76708984375,23258.34912109375,27688.0
73,5,optimized,shared_mesh,scalable,cpu,legacy_full_snapshot,selected_after_full_read,selected_only,append,128,40300,4096,37213,0.3947494551539421,75.30817575752735,32.62781538069248,53.70957963168621,12.029360979795456,1.0940097272396088,0.0,0.0,174.7689414769411,106.4852261915803,146.1808057501912,0,0,0.0,0.0,0.0,0.0,1,1.339576207101345,377.96649895608425,59.0419921875,52.76708984375,23258.34912109375,27688.0
73,55,optimized,shared_mesh,scalable,cpu,legacy_full_snapshot,selected_after_full_read,selected_only,append,128,40300,4096,37046,0.32714102417230606,66.65527168661356,31.534927897155285,51.308395341038704,11.695235036313534,1.0959645733237267,0.0,0.0,162.2897945344448,106.57965298742056,146.22829761356115,0,0,0.0,0.0,0.0,0.0,1,1.734045334160328,380.23106660693884,59.0419921875,52.76708984375,23258.34912109375,27688.0
74,5,optimized,shared_mesh,scalable,cpu,legacy_full_snapshot,selected_after_full_read,selected_only,append,128,40300,4096,36792,0.4296703264117241,71.97362463921309,32.56942704319954,53.408145904541016,11.607508175075054,1.1834083124995232,0.0,0.0,170.74211407452822,106.3312953338027,146.1774529889226,0,0,0.0,0.0,0.0,0.0,1,1.4261798933148384,386.26823853701353,59.0419921875,52.76708984375,23258.34912109375,27688.0
74,55,optimized,shared_mesh,scalable,cpu,legacy_full_snapshot,selected_after_full_read,selected_only,append,128,40300,4096,37114,0.3031166270375252,66.18704833090305,33.007754012942314,52.766427397727966,11.877111159265041,1.249060034751892,0.0,0.0,165.08740093559027,106.69196024537086,145.87797038257122,0,0,0.0,0.0,0.0,0.0,1,1.4284150674939156,386.4942491054535,59.0419921875,52.76708984375,23258.34912109375,27688.0
75,5,optimized,shared_mesh,scalable,cpu,legacy_full_snapshot,selected_after_full_read,selected_only,append,128,40300,4096,37007,0.40871743112802505,73.99011123925447,33.186279237270355,53.32404654473066,11.656682938337326,1.1297687888145447,0.0,0.0,173.28688874840736,106.64027743041515,146.84346970170736,0,0,0.0,0.0,0.0,0.0,1,1.5250761061906815,383.194618858397,59.0419921875,52.76708984375,23258.34912109375,27688.0
75,55,optimized,shared_mesh,scalable,cpu,legacy_full_snapshot,selected_after_full_read,selected_only,append,128,40300,4096,35667,0.3609452396631241,67.47913174331188,32.089478336274624,53.1581062823534,11.264998465776443,1.1468110606074333,0.0,0.0,165.13852588832378,106.01253435015678,145.5318322405219,0,0,0.0,0.0,0.0,0.0,1,1.339854672551155,383.431245572865,59.0419921875,52.76708984375,23258.34912109375,27688.0
75,5,optimized,shared_mesh,scalable,cpu,legacy_full_snapshot,selected_after_full_read,selected_only,append,128,40300,4096,36742,0.15644729137420654,68.61001905053854,32.729788683354855,50.141758285462856,9.846082888543606,0.9925989434123039,0.0,0.0,162.32024785131216,105.84239941090345,0.0,0,0,0.0,0.0,0.0,0.0,1,0.0,107.35881607979536,59.0419921875,59.0419921875,9805.41796875,27688.0
76,5,optimized,shared_mesh,scalable,cpu,legacy_full_snapshot,selected_after_full_read,selected_only,append,128,40300,4096,37443,0.46123750507831573,73.1338458135724,33.35473965853453,53.24554909020662,11.456926353275776,1.1261366307735443,0.0,0.0,172.31719754636288,106.36481922119856,145.23318596184254,0,0,0.0,0.0,0.0,0.0,1,1.4337226748466492,385.77543292194605,59.0419921875,52.76708984375,23258.34912109375,27688.0
76,55,optimized,shared_mesh,scalable,cpu,legacy_full_snapshot,selected_after_full_read,selected_only,append,128,40300,4096,37321,0.43665431439876556,66.97515118867159,31.21895994991064,51.53357703238726,11.699138209223747,1.2141382321715355,0.0,0.0,162.64096461236477,106.44946899265051,146.7037871479988,0,0,0.0,0.0,0.0,0.0,1,2.589474432170391,376.9085332751274,59.0419921875,52.76708984375,23258.34912109375,27688.0
77,5,optimized,shared_mesh,scalable,cpu,legacy_full_snapshot,selected_after_full_read,selected_only,append,128,40300,4096,36347,0.4726927727460861,72.41838052868843,33.48716255277395,53.06256376206875,11.615048162639141,1.0708235204219818,0.0,0.0,171.65397852659225,106.42041359096766,145.61508409678936,0,0,0.0,0.0,0.0,0.0,1,1.3711443170905113,376.47327687591314,59.0419921875,52.76708984375,23258.34912109375,27688.0
77,55,optimized,shared_mesh,scalable,cpu,legacy_full_snapshot,selected_after_full_read,selected_only,append,128,40300,4096,36136,0.4866616800427437,67.04694963991642,32.79516566544771,52.65132524073124,12.127416208386421,1.2121833860874176,0.0,0.0,165.8330401405692,106.58915340900421,147.38433063030243,0,0,0.0,0.0,0.0,0.0,1,1.1758655309677124,380.9373192489147,59.0419921875,52.76708984375,23258.34912109375,27688.0
78,5,optimized,shared_mesh,scalable,cpu,legacy_full_snapshot,selected_after_full_read,selected_only,append,128,40300,4096,35889,0.3126142546534538,71.62609044462442,33.38212613016367,53.826927207410336,12.372680939733982,1.016903668642044,0.0,0.0,172.22472839057446,106.24078009277582,145.56060917675495,0,0,0.0,0.0,0.0,0.0,1,1.1769821867346764,380.3006364032626,59.0419921875,52.76708984375,23258.34912109375,27688.0
78,55,optimized,shared_mesh,scalable,cpu,legacy_full_snapshot,selected_after_full_read,selected_only,append,128,40300,4096,38194,0.409834086894989,66.39573909342289,31.8919625133276,52.351562306284904,11.659475043416023,1.2099472805857658,0.0,0.0,163.50868623703718,106.95149656385183,146.2942324578762,0,0,0.0,0.0,0.0,0.0,1,1.4071827754378319,385.39633248001337,59.0419921875,52.76708984375,23258.34912109375,27688.0
79,5,optimized,shared_mesh,scalable,cpu,legacy_full_snapshot,selected_after_full_read,selected_only,append,128,40300,4096,35687,0.3953073173761368,73.31124413758516,32.7817490324378,52.99606826156378,11.383185163140297,1.2124627828598022,0.0,0.0,171.68470937758684,106.62714764475822,146.45458944141865,0,0,0.0,0.0,0.0,0.0,1,1.5044035390019417,387.04544957727194,59.0419921875,52.76708984375,23258.34912109375,27688.0
79,55,optimized,shared_mesh,scalable,cpu,legacy_full_snapshot,selected_after_full_read,selected_only,append,128,40300,4096,37250,0.3852499648928642,66.15911331027746,31.76763467490673,51.107256673276424,11.721499264240265,1.0129930451512337,0.0,0.0,161.76849696785212,106.3385596498847,146.1497973650694,0,0,0.0,0.0,0.0,0.0,1,1.428135670721531,377.62400042265654,59.0419921875,52.76708984375,23258.34912109375,27688.0
80,5,optimized,shared_mesh,scalable,cpu,legacy_full_snapshot,selected_after_full_read,selected_only,append,128,40300,4096,36378,0.31652580946683884,72.87626806646585,33.08208379894495,53.294431418180466,11.714226566255093,1.1630142107605934,0.0,0.0,172.13002406060696,106.57965671271086,146.28389663994312,0,0,0.0,0.0,0.0,0.0,1,1.80109404027462,376.6182726249099,59.0419921875,52.76708984375,23258.34912109375,27688.0
80,55,optimized,shared_mesh,scalable,cpu,legacy_full_snapshot,selected_after_full_read,selected_only,append,128,40300,4096,36630,0.5570622161030769,68.16861592233181,32.83344209194183,53.12011297792196,12.063433416187763,1.1758645996451378,0.0,0.0,167.3614690080285,106.83723445981741,145.6108968704939,0,0,0.0,0.0,0.0,0.0,1,1.8653487786650658,376.7515327781439,59.0419921875,52.76708984375,23258.34912109375,27688.0
80,5,optimized,shared_mesh,scalable,cpu,legacy_full_snapshot,selected_after_full_read,selected_only,append,128,40300,4096,36337,0.20394008606672287,69.03410330414772,31.318132765591145,48.68374764919281,9.059366770088673,1.107698306441307,0.0,0.0,159.20304879546165,106.00918531417847,0.0,0,0,0.0,0.0,0.0,0.0,1,0.0,107.63567127287388,59.0419921875,59.0419921875,9805.41796875,27688.0
81,5,optimized,shared_mesh,scalable,cpu,legacy_full_snapshot,selected_after_full_read,selected_only,append,128,40300,4096,37882,0.3411099314689636,75.04920195788145,33.45418628305197,54.757499136030674,12.086632661521435,1.163293607532978,0.0,0.0,176.5108136460185,106.55842442065477,146.9879075884819,0,0,0.0,0.0,0.0,0.0,1,1.5753628686070442,379.2136134579778,59.0419921875,52.76708984375,23258.34912109375,27688.0
81,55,optimized,shared_mesh,scalable,cpu,legacy_full_snapshot,selected_after_full_read,selected_only,append,128,40300,4096,37221,0.4752064123749733,64.51614294201136,32.929809764027596,53.42517700046301,12.229121290147305,1.0800417512655258,0.0,0.0,164.1802927479148,106.37655574828386,145.84249444305897,0,0,0.0,0.0,0.0,0.0,1,1.3219760730862617,377.04263627529144,59.0419921875,52.76708984375,23258.34912109375,27688.0
82,5,optimized,shared_mesh,scalable,cpu,legacy_full_snapshot,selected_after_full_read,selected_only,append,128,40300,4096,35705,0.3774277865886688,75.03272034227848,32.416053116321564,52.51333303749561,11.852789670228958,1.1750264093279839,0.0,0.0,172.9899225756526,106.93501494824886,145.15831787139177,0,0,0.0,0.0,0.0,0.0,1,1.350749284029007,378.7764012813568,59.0419921875,52.76708984375,23258.34912109375,27688.0
82,55,optimized,shared_mesh,scalable,cpu,legacy_full_snapshot,selected_after_full_read,selected_only,append,128,40300,4096,36943,0.41067320853471756,68.39993502944708,33.22118893265724,52.996622398495674,12.766632251441479,1.2049200013279915,0.0,0.0,168.58929861336946,107.02050197869539,146.47470600903034,0,0,0.0,0.0,0.0,0.0,1,1.4650123193860054,381.877682171762,59.0419921875,52.76708984375,23258.34912109375,27688.0
83,5,optimized,shared_mesh,scalable,cpu,legacy_full_snapshot,selected_after_full_read,selected_only,append,128,40300,4096,37492,0.4025707021355629,74.99752007424831,33.824361860752106,53.945363499224186,12.250899337232113,1.1415034532546997,0.0,0.0,176.15964822471142,106.6589979454875,146.3448004797101,0,0,0.0,0.0,0.0,0.0,1,1.38846505433321,379.62792068719864,59.0419921875,52.76708984375,23258.34912109375,27688.0
83,55,optimized,shared_mesh,scalable,cpu,legacy_full_snapshot,selected_after_full_read,selected_only,append,128,40300,4096,35710,0.4726918414235115,66.95755291730165,31.282641924917698,49.26928412169218,8.882836438715458,1.0261228308081627,0.0,0.0,157.41843823343515,106.40728659927845,145.593018271029,0,0,0.0,0.0,0.0,0.0,1,1.8782000988721848,385.58267802000046,59.0419921875,52.76708984375,23258.34912109375,27688.0
84,5,optimized,shared_mesh,scalable,cpu,legacy_full_snapshot,selected_after_full_read,selected_only,append,128,40300,4096,36349,0.28551556169986725,73.02936259657145,32.7571602538228,53.28717455267906,11.475657112896442,1.207713969051838,0.0,0.0,171.7570684850216,106.31705075502396,145.70728037506342,0,0,0.0,0.0,0.0,0.0,1,1.3968460261821747,379.88270726054907,59.0419921875,52.76708984375,23258.34912109375,27688.0
84,55,optimized,shared_mesh,scalable,cpu,legacy_full_snapshot,selected_after_full_read,selected_only,append,128,40300,4096,36993,0.4302291199564934,67.12740752846003,31.813740730285645,52.144269458949566,11.68881170451641,1.026403158903122,0.0,0.0,163.80063258111477,106.60871211439371,147.4689831957221,0,0,0.0,0.0,0.0,0.0,1,1.4622174203395844,382.12995417416096,59.0419921875,52.76708984375,23258.34912109375,27688.0
85,5,optimized,shared_mesh,scalable,cpu,legacy_full_snapshot,selected_after_full_read,selected_only,append,128,40300,4096,37137,0.34641847014427185,70.1901325955987,33.33629481494427,53.94704081118107,9.347704239189625,1.014668494462967,0.0,0.0,167.83584095537663,106.51624109596014,146.40989433974028,0,0,0.0,0.0,0.0,0.0,1,1.8212087452411652,374.3375074118376,59.0419921875,52.76708984375,23258.34912109375,27688.0
85,55,optimized,shared_mesh,scalable,cpu,legacy_full_snapshot,selected_after_full_read,selected_only,append,128,40300,4096,36968,0.41374657303094864,66.8480396270752,32.81835000962019,52.56584659218788,11.986052617430687,1.133400946855545,0.0,0.0,165.3516897931695,106.93361889570951,145.6424668431282,0,0,0.0,0.0,0.0,0.0,1,1.3401340693235397,379.44270204752684,59.0419921875,52.76708984375,23258.34912109375,27688.0
85,5,optimized,shared_mesh,scalable,cpu,legacy_full_snapshot,selected_after_full_read,selected_only,append,128,40300,4096,37231,0.2679144963622093,67.76716466993093,32.0425471290946,49.54139515757561,9.720920585095882,1.1532362550497055,0.0,0.0,160.22526379674673,106.57909885048866,0.0,0,0,0.0,0.0,0.0,0.0,1,0.0,108.37739985436201,59.0419921875,59.0419921875,9805.41796875,27688.0
86,5,optimized,shared_mesh,scalable,cpu,legacy_full_snapshot,selected_after_full_read,selected_only,append,128,40300,4096,37083,0.37575140595436096,73.45931325107813,33.407533541321754,54.203229025006294,12.795671820640564,1.070263795554638,0.0,0.0,174.93601143360138,106.45338334143162,145.84137871861458,0,0,0.0,0.0,0.0,0.0,1,1.5315031632781029,384.7504397854209,59.0419921875,52.76708984375,23258.34912109375,27688.0
86,55,optimized,shared_mesh,scalable,cpu,legacy_full_snapshot,selected_after_full_read,selected_only,append,128,40300,4096,37080,0.4344191402196884,67.88952741771936,32.20177721232176,53.68611589074135,11.569520458579063,1.2954361736774445,0.0,0.0,166.64237715303898,107.47811011970043,146.51130605489016,0,0,0.0,0.0,0.0,0.0,1,1.928764395415783,379.78576868772507,59.0419921875,52.76708984375,23258.34912109375,27688.0
87,5,optimized,shared_mesh,scalable,cpu,legacy_full_snapshot,selected_after_full_read,selected_only,append,128,40300,4096,36431,0.3941897302865982,73.8043338060379,32.932888716459274,53.304487839341164,12.917205691337585,1.0792035609483719,0.0,0.0,174.0381196141243,106.66682198643684,146.03246562182903,0,0,0.0,0.0,0.0,0.0,1,1.6924189403653145,380.94906229525805,59.0419921875,52.76708984375,23258.34912109375,27688.0
87,55,optimized,shared_mesh,scalable,cpu,legacy_full_snapshot,selected_after_full_read,selected_only,append,128,40300,4096,35897,0.4724133759737015,68.83295811712742,33.44553802162409,52.833481691777706,12.2352484613657,1.1649690568447113,0.0,0.0,168.51219534873962,106.10389336943626,146.88091073185205,0,0,0.0,0.0,0.0,0.0,1,1.2040827423334122,374.4847374036908,59.0419921875,52.76708984375,23258.34912109375,27688.0
88,5,optimized,shared_mesh,scalable,cpu,legacy_full_snapshot,selected_after_full_read,selected_only,append,128,40300,4096,37248,0.5104076117277145,73.4425513073802,33.52990001440048,54.60216850042343,12.214861810207367,1.1487659066915512,0.0,0.0,174.93824753910303,106.42041824758053,146.89124934375286,0,0,0.0,0.0,0.0,0.0,1,1.3423683121800423,375.5041565746069,59.0419921875,52.76708984375,23258.34912109375,27688.0
88,55,optimized,shared_mesh,scalable,cpu,legacy_full_snapshot,selected_after_full_read,selected_only,append,128,40300,4096,37215,0.47436822205781937,66.951684653759,31.90453164279461,52.370003424584866,11.7131182923913,1.2286659330129623,0.0,0.0,164.16800394654274,106.79840575903654,146.06459438800812,0,0,0.0,0.0,0.0,0.0,1,1.3532647863030434,380.17604872584343,59.0419921875,52.76708984375,23258.34912109375,27688.0
89,5,optimized,shared_mesh,scalable,cpu,legacy_full_snapshot,selected_after_full_read,selected_only,append,128,40300,4096,36871,0.5006296560168266,80.68799413740635,33.226228319108486,53.34446486085653,11.932119727134705,1.2074336409568787,0.0,0.0,180.39824068546295,106.87215812504292,145.73633577674627,0,0,0.0,0.0,0.0,0.0,1,1.397404819726944,374.44869987666607,59.0419921875,52.76708984375,23258.34912109375,27688.0
89,55,optimized,shared_mesh,scalable,cpu,legacy_full_snapshot,selected_after_full_read,selected_only,append,128,40300,4096,36864,0.5148779600858688,67.63642001897097,31.797247007489204,52.82174423336983,11.294906958937645,1.268615946173668,0.0,0.0,164.8189341649413,107.1459399536252,145.96430119127035,0,0,0.0,0.0,0.0,0.0,1,1.3993596658110619,376.00003834813833,59.0419921875,52.76708984375,23258.34912109375,27688.0
90,5,optimized,shared_mesh,scalable,cpu,legacy_full_snapshot,selected_after_full_read,selected_only,append,128,40300,4096,36940,0.4179375246167183,73.77416267991066,33.39970950037241,53.897869773209095,11.883542872965336,1.187039539217949,0.0,0.0,174.14232436567545,106.05137143284082,145.52373625338078,0,0,0.0,0.0,0.0,0.0,1,1.4147264882922173,379.07701171934605,59.0419921875,52.76708984375,23258.34912109375,27688.0
90,55,optimized,shared_mesh,scalable,cpu,legacy_full_snapshot,selected_after_full_read,selected_only,append,128,40300,4096,36269,0.3271419554948807,67.61099677532911,31.99421614408493,53.198336623609066,12.055055238306522,0.99986232817173,0.0,0.0,165.85846710950136,106.61821346729994,146.33167255669832,0,0,0.0,0.0,0.0,0.0,1,1.2552058324217796,377.5075161829591,59.0419921875,52.76708984375,23258.34912109375,27688.0
90,5,optimized,shared_mesh,scalable,cpu,legacy_full_snapshot,selected_after_full_read,selected_only,append,128,40300,4096,37189,0.1575639471411705,70.86481060832739,31.03652410209179,48.8091642037034,9.331220760941505,1.1211074888706207,0.0,0.0,161.1628271639347,106.31062556058168,0.0,0,0,0.0,0.0,0.0,0.0,1,0.0,107.90023766458035,59.0419921875,59.0419921875,9805.41796875,27688.0
91,5,optimized,shared_mesh,scalable,cpu,legacy_full_snapshot,selected_after_full_read,selected_only,append,128,40300,4096,37046,0.3858087584376335,75.05898177623749,32.52081573009491,52.94382106512785,12.194202281534672,1.1739088222384453,0.0,0.0,173.89172967523336,106.77912831306458,146.14393655210733,0,0,0.0,0.0,0.0,0.0,1,1.6762157902121544,378.9320196956396,59.0419921875,52.76708984375,23258.34912109375,27688.0
91,55,optimized,shared_mesh,scalable,cpu,legacy_full_snapshot,selected_after_full_read,selected_only,append,128,40300,4096,36396,0.5489606410264969,66.7410409078002,32.02187642455101,51.57939065247774,12.052539736032486,1.2180507183074951,0.0,0.0,163.61289843916893,106.26117791980505,145.40081471204758,0,0,0.0,0.0,0.0,0.0,1,1.4697611331939697,378.641196526587,59.0419921875,52.76708984375,23258.34912109375,27688.0
92,5,optimized,shared_mesh,scalable,cpu,legacy_full_snapshot,selected_after_full_read,selected_only,append,128,40300,4096,37488,0.3461390733718872,73.48669227212667,33.37373770773411,53.800092078745365,12.298117391765118,0.9861737489700317,0.0,0.0,173.9448131993413,106.91574029624462,145.78187465667725,0,0,0.0,0.0,0.0,0.0,1,1.6323551535606384,377.8972364962101,59.0419921875,52.76708984375,23258.34912109375,27688.0
92,55,optimized,shared_mesh,scalable,cpu,legacy_full_snapshot,selected_after_full_read,selected_only,append,128,40300,4096,37279,0.422685407102108,66.37478899210691,32.048964872956276,52.186744287610054,11.560855433344841,1.215255819261074,0.0,0.0,163.38660940527916,106.93445894867182,146.75910770893097,0,0,0.0,0.0,0.0,0.0,1,1.4946246519684792,388.6113287881017,59.0419921875,52.76708984375,23258.34912109375,27688.0
93,5,optimized,shared_mesh,scalable,cpu,legacy_full_snapshot,selected_after_full_read,selected_only,append,128,40300,4096,35470,0.3919564187526703,74.38989356160164,33.053298480808735,53.68053261190653,11.987170204520226,1.1381497606635094,0.0,0.0,174.24904461950064,106.07875138521194,145.9184866398573,0,0,0.0,0.0,0.0,0.0,1,1.387348398566246,373.67792427539825,59.0419921875,52.76708984375,23258.34912109375,27688.0
93,55,optimized,shared_mesh,scalable,cpu,legacy_full_snapshot,selected_after_full_read,selected_only,append,128,40300,4096,37539,0.3480939194560051,67.01621972024441,33.482410944998264,52.67145298421383,12.167640961706638,1.195979304611683,0.0,0.0,166.53370391577482,107.2710994631052,146.93511091172695,0,0,0.0,0.0,0.0,0.0,1,1.8385294824838638,377.57568433880806,59.0419921875,52.76708984375,23258.34912109375,27688.0
94,5,optimized,shared_mesh,scalable,cpu,legacy_full_snapshot,selected_after_full_read,selected_only,append,128,40300,4096,36624,0.5400208756327629,73.83897714316845,32.57640264928341,52.686527371406555,11.954785324633121,1.2133009731769562,0.0,0.0,172.2699934616685,106.64419364184141,145.71510534733534,0,0,0.0,0.0,0.0,0.0,1,1.3778507709503174,374.1914052516222,59.0419921875,52.76708984375,23258.34912109375,27688.0
94,55,optimized,shared_mesh,scalable,cpu,legacy_full_snapshot,selected_after_full_read,selected_only,append,128,40300,4096,37409,0.4738112911581993,67.08662025630474,32.01292082667351,51.88586562871933,12.049476616084576,1.2010075151920319,0.0,0.0,164.2358908429742,107.73876309394836,146.1690803989768,0,0,0.0,0.0,0.0,0.0,1,1.7667310312390327,375.51561649888754,59.0419921875,52.76708984375,23258.34912109375,27688.0
95,5,optimized,shared_mesh,scalable,cpu,legacy_full_snapshot,selected_after_full_read,selected_only,append,128,40300,4096,35915,0.5034226924180984,75.62554348260164,34.003160893917084,55.03518972545862,12.724983505904675,1.0381359606981277,0.0,0.0,178.42701356858015,106.56345635652542,146.59651461988688,0,0,0.0,0.0,0.0,0.0,1,1.4088591560721397,389.9344224482775,59.0419921875,52.76708984375,23258.34912109375,27688.0
95,55,optimized,shared_mesh,scalable,cpu,legacy_full_snapshot,selected_after_full_read,selected_only,append,128,40300,4096,36912,0.4428010433912277,67.0371726155281,32.019903883337975,51.430778577923775,11.291821487247944,1.1853640899062157,0.0,0.0,162.96504065394402,107.23980981856585,146.24283462762833,0,0,0.0,0.0,0.0,0.0,1,1.4868034049868584,380.25316037237644,59.0419921875,52.76708984375,23258.34912109375,27688.0
95,5,optimized,shared_mesh,scalable,cpu,legacy_full_snapshot,selected_after_full_read,selected_only,append,128,40300,4096,37917,0.18075201660394669,70.23176085203886,32.342031598091125,49.75567199289799,9.885470382869244,0.9386809542775154,0.0,0.0,163.15361578017473,107.10794664919376,0.0,0,0,0.0,0.0,0.0,0.0,1,0.0,108.56150556355715,59.0419921875,59.0419921875,9805.41796875,27688.0
96,5,optimized,shared_mesh,scalable,cpu,legacy_full_snapshot,selected_after_full_read,selected_only,append,128,40300,4096,36201,0.4251999780535698,73.67722131311893,33.87715667486191,54.0942819789052,12.070981785655022,1.278952695429325,0.0,0.0,174.9985944479704,106.49892315268517,146.13667502999306,0,0,0.0,0.0,0.0,0.0,1,1.4594243839383125,385.5175953358412,59.0419921875,52.76708984375,23258.34912109375,27688.0
96,55,optimized,shared_mesh,scalable,cpu,legacy_full_snapshot,selected_after_full_read,selected_only,append,128,40300,4096,36573,0.4693400114774704,67.97082535922527,32.11797121912241,52.10375413298607,11.687705293297768,1.2085512280464172,0.0,0.0,165.08880723267794,106.92859254777431,145.91932483017445,0,0,0.0,0.0,0.0,0.0,1,1.8136650323867798,384.8130274564028,59.0419921875,52.76708984375,23258.34912109375,27688.0
97,5,optimized,shared_mesh,scalable,cpu,legacy_full_snapshot,selected_after_full_read,selected_only,append,128,40300,4096,37747,0.39698462933301926,72.45609909296036,33.52544270455837,54.439011961221695,11.960350908339024,1.1588232591748238,0.0,0.0,173.53972792625427,106.36482574045658,145.57793643325567,0,0,0.0,0.0,0.0,0.0,1,1.4278562739491463,385.72712428867817,59.0419921875,52.76708984375,23258.34912109375,27688.0
97,55,optimized,shared_mesh,scalable,cpu,legacy_full_snapshot,selected_after_full_read,selected_only,append,128,40300,4096,37849,0.45984238386154175,66.68041925877333,31.556159257888794,51.5246344730258,11.473136954009533,1.162176951766014,0.0,0.0,162.39652689546347,106.98809754103422,146.0268823429942,0,0,0.0,0.0,0.0,0.0,1,1.7784647643566132,375.5002524703741,59.0419921875,52.76708984375,23258.34912109375,27688.0
98,5,optimized,shared_mesh,scalable,cpu,legacy_full_snapshot,selected_after_full_read,selected_only,append,128,40300,4096,37262,0.45676901936531067,73.58782459050417,33.88637490570545,54.03113830834627,12.48222030699253,1.2166528031229973,0.0,0.0,175.20421091467142,106.1005424708128,146.86890225857496,0,0,0.0,0.0,0.0,0.0,1,1.9150758162140846,374.51072596013546,59.0419921875,52.76708984375,23258.34912109375,27688.0
98,55,optimized,shared_mesh,scalable,cpu,legacy_full_snapshot,selected_after_full_read,selected_only,append,128,40300,4096,36736,0.38413330912590027,66.54073484241962,31.813464127480984,52.057672291994095,11.474247090518475,1.0278001427650452,0.0,0.0,162.91391849517822,106.46623652428389,146.33921720087528,0,0,0.0,0.0,0.0,0.0,1,1.4753490686416626,378.0344119295478,59.0419921875,52.76708984375,23258.34912109375,27688.0
99,5,optimized,shared_mesh,scalable,cpu,legacy_full_snapshot,selected_after_full_read,selected_only,append,128,40300,4096,37360,0.44252071529626846,75.3660099580884,33.177063800394535,52.9365548864007,13.078122399747372,1.1828504502773285,0.0,0.0,175.74060149490833,106.2899548560381,145.79891879111528,0,0,0.0,0.0,0.0,0.0,1,1.3303570449352264,375.90254470705986,59.0419921875,52.76708984375,23258.34912109375,27688.0
99,55,optimized,shared_mesh,scalable,cpu,legacy_full_snapshot,selected_after_full_read,selected_only,append,128,40300,4096,37186,0.5118036642670631,66.41529779881239,31.937780790030956,51.68946273624897,11.705847457051277,1.059647649526596,0.0,0.0,162.8080364316702,106.41427524387836,145.8698781207204,0,0,0.0,0.0,0.0,0.0,1,1.3094041496515274,374.0427838638425,59.0419921875,52.76708984375,23258.34912109375,27688.0
100,5,optimized,shared_mesh,scalable,cpu,legacy_full_snapshot,selected_after_full_read,selected_only,append,128,40300,4096,37523,0.495322048664093,73.26934393495321,33.230697736144066,53.56262717396021,12.027413584291935,1.1853640899062157,0.0,0.0,173.27544651925564,106.29274882376194,145.84808703511953,0,0,0.0,0.0,0.0,0.0,1,1.4013154432177544,379.0624924004078,59.0419921875,52.76708984375,23258.34912109375,27688.0
100,55,optimized,shared_mesh,scalable,cpu,legacy_full_snapshot,selected_after_full_read,selected_only,append,128,40300,4096,36609,0.45928265899419785,65.78755471855402,32.63257257640362,53.165082819759846,11.42844371497631,1.2859366834163666,0.0,0.0,164.29959051311016,107.4325768277049,147.0555206760764,0,0,0.0,0.0,0.0,0.0,1,1.5342961996793747,377.66536604613066,59.0419921875,52.76708984375,23258.34912109375,27688.0
100,5,optimized,shared_mesh,scalable,cpu,legacy_full_snapshot,selected_after_full_read,selected_only,append,128,40300,4096,36317,0.2494771033525467,75.0732310116291,32.16378018260002,53.227948024868965,12.458761222660542,1.0183006525039673,0.0,0.0,173.9420210942626,106.37488309293985,0.0,0,0,0.0,0.0,0.0,0.0,1,0.0,108.03014691919088,59.0419921875,59.0419921875,9805.41796875,27688.0
101,5,optimized,shared_mesh,scalable,cpu,legacy_full_snapshot,selected_after_full_read,selected_only,append,128,40300,4096,36286,0.31401123851537704,70.49492746591568,32.41326380521059,52.774532698094845,9.065533056855202,1.082276925444603,0.0,0.0,165.83053395152092,106.69140890240669,144.97058931738138,0,0,0.0,0.0,0.0,0.0,1,1.8516601994633675,378.01709212362766,59.0419921875,52.76708984375,23258.34912109375,27688.0
101,55,optimized,shared_mesh,scalable,cpu,legacy_full_snapshot,selected_after_full_read,selected_only,append,128,40300,4096,36186,0.3740750253200531,64.47619665414095,32.51746855676174,52.90025286376476,12.024607509374619,1.1716736480593681,0.0,0.0,163.09019923210144,106.30727745592594,146.67390286922455,0,0,0.0,0.0,0.0,0.0,1,1.306610181927681,386.414653621614,59.0419921875,52.76708984375,23258.34912109375,27688.0
102,5,optimized,shared_mesh,scalable,cpu,legacy_full_snapshot,selected_after_full_read,selected_only,append,128,40300,4096,36726,0.5000708624720573,74.24657791852951,33.68549980223179,52.91170906275511,12.660462409257889,0.9646620601415634,0.0,0.0,174.46891125291586,106.29665944725275,146.0900204256177,0,0,0.0,0.0,0.0,0.0,1,1.4767451211810112,383.9810695499182,59.0419921875,52.76708984375,23258.34912109375,27688.0
102,55,optimized,shared_mesh,scalable,cpu,legacy_full_snapshot,selected_after_full_read,selected_only,append,128,40300,4096,36774,0.3338465467095375,65.164003521204,31.657282263040543,52.458289079368114,11.678759008646011,1.073615625500679,0.0,0.0,162.03194949775934,105.9566680341959,146.5789182111621,0,0,0.0,0.0,0.0,0.0,1,1.384275034070015,378.5017989575863,59.0419921875,52.76708984375,23258.34912109375,27688.0
103,5,optimized,shared_mesh,scalable,cpu,legacy_full_snapshot,selected_after_full_read,selected_only,append,128,40300,4096,36901,0.3751935437321663,73.91468714922667,34.1221634298563,53.792829625308514,12.129663489758968,1.228107139468193,0.0,0.0,175.18745083361864,106.33800737559795,145.37176210433245,0,0,0.0,0.0,0.0,0.0,1,1.5605567023158073,374.8655281960964,59.0419921875,52.76708984375,23258.34912109375,27688.0
103,55,optimized,shared_mesh,scalable,cpu,legacy_full_snapshot,selected_after_full_read,selected_only,append,128,40300,4096,37162,0.3492124378681183,66.2585711106658,32.15483948588371,52.57254187017679,11.762021109461784,1.1937441304326057,0.0,0.0,163.9417177066207,106.52881674468517,146.11376728862524,0,0,0.0,0.0,0.0,0.0,1,1.7971834167838097,379.92323096841574,59.0419921875,52.76708984375,23258.34912109375,27688.0
104,5,optimized,shared_mesh,scalable,cpu,legacy_full_snapshot,selected_after_full_read,selected_only,append,128,40300,4096,37392,0.34390389919281006,76.57819427549839,34.14731007069349,54.69660181552172,12.127690948545933,1.1571478098630905,0.0,0.0,178.70694492012262,106.67520575225353,145.58240678161383,0,0,0.0,0.0,0.0,0.0,1,1.5784362331032753,386.7708509787917,59.0419921875,52.76708984375,23258.34912109375,27688.0
104,55,optimized,shared_mesh,scalable,cpu,legacy_full_snapshot,selected_after_full_read,selected_only,append,128,40300,4096,37167,0.2924986183643341,65.37772063165903,32.44371432811022,52.182276733219624,12.106182053685188,1.0987604036927223,0.0,0.0,163.20865415036678,106.33661039173603,146.33558690547943,0,0,0.0,0.0,0.0,0.0,1,1.3557793572545052,385.33796556293964,59.0419921875,52.76708984375,23258.34912109375,27688.0
105,5,optimized,shared_mesh,scalable,cpu,legacy_full_snapshot,selected_after_full_read,selected_only,append,128,40300,4096,35549,0.3330083563923836,74.90588910877705,32.946289516985416,53.14330570399761,12.336674146354198,1.1750264093279839,0.0,0.0,174.50718488544226,106.00499901920557,145.70728596299887,0,0,0.0,0.0,0.0,0.0,1,1.25883799046278,384.4160484150052,59.0419921875,52.76708984375,23258.34912109375,27688.0
105,55,optimized,shared_mesh,scalable,cpu,legacy_full_snapshot,selected_after_full_read,selected_only,append,128,40300,4096,36742,0.4369346424937248,67.51349847763777,31.77266474813223,51.82467866688967,11.717031709849834,0.961589626967907,0.0,0.0,163.7894632294774,106.4341114833951,146.56131714582443,0,0,0.0,0.0,0.0,0.0,1,1.3015810400247574,373.54020215570927,59.0419921875,52.76708984375,23258.34912109375,27688.0
105,5,optimized,shared_mesh,scalable,cpu,legacy_full_snapshot,selected_after_full_read,selected_only,append,128,40300,4096,36869,0.16119517385959625,70.91957051306963,32.008735463023186,49.5469830930233,9.679864160716534,1.1666463688015938,0.0,0.0,163.32179959863424,105.96923995763063,0.0,0,0,0.0,0.0,0.0,0.0,1,0.0,107.57421609014273,59.0419921875,59.0419921875,9805.41796875,27688.0
106,5,optimized,shared_mesh,scalable,cpu,legacy_full_snapshot,selected_after_full_read,selected_only,append,128,40300,4096,36449,0.46710483729839325,74.32005368173122,33.86401943862438,54.0009830147028,11.938835494220257,1.1658081784844398,0.0,0.0,175.2896998077631,106.04886058717966,144.7848090901971,0,0,0.0,0.0,0.0,0.0,1,1.3820398598909378,378.0690571293235,59.0419921875,52.76708984375,23258.34912109375,27688.0
106,55,optimized,shared_mesh,scalable,cpu,legacy_full_snapshot,selected_after_full_read,selected_only,append,128,40300,4096,37381,0.36737043410539627,67.32185184955597,31.579342670738697,52.171376533806324,11.393520049750805,0.982542522251606,0.0,0.0,163.4486336261034,106.07931204140186,145.5234605818987,0,0,0.0,0.0,0.0,0.0,1,1.3817595317959785,377.2868234664202,59.0419921875,52.76708984375,23258.34912109375,27688.0
107,5,optimized,shared_mesh,scalable,cpu,legacy_full_snapshot,selected_after_full_read,selected_only,append,128,40300,4096,37071,0.47548580914735794,69.92166209965944,33.189077861607075,53.108387626707554,9.985484182834625,1.2582791969180107,0.0,0.0,167.4628909677267,106.80483374744654,145.54832503199577,0,0,0.0,0.0,0.0,0.0,1,1.3820398598909378,373.5036049038172,59.0419921875,52.76708984375,23258.34912109375,27688.0
107,55,optimized,shared_mesh,scalable,cpu,legacy_full_snapshot,selected_after_full_read,selected_only,append,128,40300,4096,36705,0.4374925047159195,68.30187886953354,32.088072039186954,52.29597166180611,12.117371894419193,1.1272551491856575,0.0,0.0,165.93054961413145,106.4824415370822,145.92407643795013,0,0,0.0,0.0,0.0,0.0,1,1.3088462874293327,378.9024166762829,59.0419921875,52.76708984375,23258.34912109375,27688.0
108,5,optimized,shared_mesh,scalable,cpu,legacy_full_snapshot,selected_after_full_read,selected_only,append,128,40300,4096,37345,0.4296703264117241,72.27953895926476,33.053575083613396,53.39249409735203,12.320192530751228,1.1571478098630905,0.0,0.0,172.2029484808445,106.54222685843706,146.14757150411606,0,0,0.0,0.0,0.0,0.0,1,1.4719963073730469,376.4881072565913,59.0419921875,52.76708984375,23258.34912109375,27688.0
108,55,optimized,shared_mesh,scalable,cpu,legacy_full_snapshot,selected_after_full_read,selected_only,append,128,40300,4096,36957,0.3047911450266838,66.8293246999383,31.582131050527096,51.701766438782215,11.292941868305206,1.1604996398091316,0.0,0.0,162.56666369736195,106.08098842203617,146.4096214622259,0,0,0.0,0.0,0.0,0.0,1,1.2437514960765839,376.91610120236874,59.0419921875,52.76708984375,23258.34912109375,27688.0
109,5,optimized,shared_mesh,scalable,cpu,legacy_full_snapshot,selected_after_full_read,selected_only,append,128,40300,4096,37277,0.4559298977255821,74.44157730787992,32.84153714776039,53.62410098314285,11.600245721638203,1.1688806116580963,0.0,0.0,173.67634177207947,107.10152331739664,146.36715780943632,0,0,0.0,0.0,0.0,0.0,1,1.4298120513558388,374.5029103010893,59.0419921875,52.76708984375,23258.34912109375,27688.0
109,55,optimized,shared_mesh,scalable,cpu,legacy_full_snapshot,selected_after_full_read,selected_only,append,128,40300,4096,37687,0.44000614434480667,67.48640071600676,32.34286140650511,52.28368751704693,12.106182985007763,1.1350763961672783,0.0,0.0,165.35420902073383,107.11633134633303,146.62166219204664,0,0,0.0,0.0,0.0,0.0,1,1.4440584927797318,373.9564632996917,59.0419921875,52.76708984375,23258.34912109375,27688.0
110,5,optimized,shared_mesh,scalable,cpu,legacy_full_snapshot,selected_after_full_read,selected_only,append,128,40300,4096,36447,0.4679430276155472,73.37438687682152,32.84265100955963,52.726193331182,11.639376170933247,1.0548988357186317,0.0,0.0,171.63750622421503,106.74169659614563,146.0961690172553,0,0,0.0,0.0,0.0,0.0,1,1.478143036365509,377.434890717268,59.0419921875,52.76708984375,23258.34912109375,27688.0
110,55,optimized,shared_mesh,scalable,cpu,legacy_full_snapshot,selected_after_full_read,selected_only,append,128,40300,4096,37933,0.35563670098781586,67.10813567042351,31.408085487782955,52.76306625455618,11.826558969914913,0.9392397478222847,0.0,0.0,164.04508613049984,105.9770630672574,146.00481558591127,0,0,0.0,0.0,0.0,0.0,1,1.259954646229744,377.5184229016304,59.0419921875,52.76708984375,23258.34912109375,27688.0
110,5,optimized,shared_mesh,scalable,cpu,legacy_full_snapshot,selected_after_full_read,selected_only,append,128,40300,4096,36418,0.27210451662540436,75.27661323547363,32.054572366178036,49.379365518689156,9.930994361639023,1.1733509600162506,0.0,0.0,167.8148964419961,105.73317389935255,0.0,0,0,0.0,0.0,0.0,0.0,1,0.0,107.56220389157534,59.0419921875,59.0419921875,9805.41796875,27688.0
111,5,optimized,shared_mesh,scalable,cpu,legacy_full_snapshot,selected_after_full_read,selected_only,append,128,40300,4096,36596,0.6391974166035652,73.13552685081959,33.41368772089481,53.30420657992363,12.543130666017532,1.164969988167286,0.0,0.0,173.56152180582285,106.33521433919668,145.19492350518703,0,0,0.0,0.0,0.0,0.0,1,1.3049328699707985,386.675869114697,59.0419921875,52.76708984375,23258.34912109375,27688.0
111,55,optimized,shared_mesh,scalable,cpu,legacy_full_snapshot,selected_after_full_read,selected_only,append,128,40300,4096,36102,0.3349641337990761,65.45957643538713,31.834131106734276,52.55885887891054,11.510294862091541,1.2012878432869911,0.0,0.0,162.56414912641048,106.12820088863373,146.13835327327251,0,0,0.0,0.0,0.0,0.0,1,1.385391689836979,374.06514026224613,59.0419921875,52.76708984375,23258.34912109375,27688.0
112,5,optimized,shared_mesh,scalable,cpu,legacy_full_snapshot,selected_after_full_read,selected_only,append,128,40300,4096,37325,0.35563670098781586,74.22897778451443,33.05273596197367,53.44054475426674,12.051722034811974,1.1199917644262314,0.0,0.0,173.89397229999304,107.09230601787567,146.19841799139977,0,0,0.0,0.0,0.0,0.0,1,1.5694964677095413,383.77517834305763,59.0419921875,52.76708984375,23258.34912109375,27688.0
112,55,optimized,shared_mesh,scalable,cpu,legacy_full_snapshot,selected_after_full_read,selected_only,append,128,40300,4096,37286,0.38217660039663315,67.08215363323689,31.848100945353508,53.126816637814045,11.685458943247795,1.1828495189547539,0.0,0.0,164.925379678607,106.6249217838049,146.3526301085949,0,0,0.0,0.0,0.0,0.0,1,1.4446191489696503,379.65196650475264,59.0419921875,52.76708984375,23258.34912109375,27688.0
113,5,optimized,shared_mesh,scalable,cpu,legacy_full_snapshot,selected_after_full_read,selected_only,append,128,40300,4096,36883,0.38217753171920776,74.7114485129714,33.387696370482445,53.25783882290125,12.301480397582054,1.1758655309677124,0.0,0.0,174.83432963490486,106.39555752277374,145.58995235711336,0,0,0.0,0.0,0.0,0.0,1,1.436237245798111,372.3847344517708,59.0419921875,52.76708984375,23258.34912109375,27688.0
113,55,optimized,shared_mesh,scalable,cpu,legacy_full_snapshot,selected_after_full_read,selected_only,append,128,40300,4096,36136,0.40285009890794754,66.83323532342911,32.121323980391026,51.850372925400734,11.734913103282452,1.2440318241715431,0.0,0.0,163.78387715667486,106.35141842067242,145.6712493672967,0,0,0.0,0.0,0.0,0.0,1,1.302698627114296,380.7387137785554,59.0419921875,52.76708984375,23258.34912109375,27688.0
114,5,optimized,shared_mesh,scalable,cpu,legacy_full_snapshot,selected_after_full_read,selected_only,append,128,40300,4096,35871,0.500350259244442,72.85783439874649,33.20609871298075,53.5098547115922,11.94750051945448,1.039254479110241,0.0,0.0,172.56054282188416,106.43550753593445,145.71762457489967,0,0,0.0,0.0,0.0,0.0,1,1.4099767431616783,385.3935645893216,59.0419921875,52.76708984375,23258.34912109375,27688.0
114,55,optimized,shared_mesh,scalable,cpu,legacy_full_snapshot,selected_after_full_read,selected_only,append,128,40300,4096,37413,0.3131730481982231,68.28930787742138,31.740827485919,52.396271377801895,11.448823846876621,1.1747470125555992,0.0,0.0,165.0499776005745,106.19050171226263,145.50809655338526,0,0,0.0,0.0,0.0,0.0,1,1.310521736741066,376.1045355349779,59.0419921875,52.76708984375,23258.34912109375,27688.0
115,5,optimized,shared_mesh,scalable,cpu,legacy_full_snapshot,selected_after_full_read,selected_only,append,128,40300,4096,37941,0.4978356882929802,75.08384808897972,33.68161804974079,54.238978773355484,12.063437141478062,1.1993329972028732,0.0,0.0,176.26721505075693,106.85568023473024,146.20428625494242,0,0,0.0,0.0,0.0,0.0,1,1.8443958833813667,376.98901910334826,59.0419921875,52.76708984375,23258.34912109375,27688.0
115,55,optimized,shared_mesh,scalable,cpu,legacy_full_snapshot,selected_after_full_read,selected_only,append,128,40300,4096,36994,0.47353096306324005,67.77638755738735,31.78384341299534,50.72704050689936,11.36669423431158,1.109096221625805,0.0,0.0,162.76306193321943,106.65481258183718,145.5050241202116,0,0,0.0,0.0,0.0,0.0,1,1.4429427683353424,384.9443392828107,59.0419921875,52.76708984375,23258.34912109375,27688.0
115,5,optimized,shared_mesh,scalable,cpu,legacy_full_snapshot,selected_after_full_read,selected_only,append,128,40300,4096,36681,0.1620342954993248,70.46866789460182,31.237690709531307,49.01393596082926,8.9113162830472,1.159941777586937,0.0,0.0,160.79155262559652,105.9684045612812,0.0,0,0,0.0,0.0,0.0,0.0,1,0.0,107.59852267801762,59.0419921875,59.0419921875,9805.41796875,27688.0
116,5,optimized,shared_mesh,scalable,cpu,legacy_full_snapshot,selected_after_full_read,selected_only,append,128,40300,4096,37762,0.3422275185585022,73.10731150209904,32.78928995132446,53.136044181883335,11.54409535229206,1.1158008128404617,0.0,0.0,171.69254180043936,106.20894003659487,145.4268004745245,0,0,0.0,0.0,0.0,0.0,1,1.1739088222384453,384.0294051915407,59.0419921875,52.76708984375,23258.34912109375,27688.0
116,55,optimized,shared_mesh,scalable,cpu,legacy_full_snapshot,selected_after_full_read,selected_only,append,128,40300,4096,36548,0.47353096306324005,66.68489053845406,31.361441127955914,50.36022886633873,11.28260139375925,1.1954205110669136,0.0,0.0,160.88458243757486,106.13909736275673,145.84669284522533,0,0,0.0,0.0,0.0,0.0,1,1.8388079479336739,377.4541700258851,59.0419921875,52.76708984375,23258.34912109375,27688.0
117,5,optimized,shared_mesh,scalable,cpu,legacy_full_snapshot,selected_after_full_read,selected_only,append,128,40300,4096,36678,0.4271548241376877,75.4355750977993,33.32959394901991,52.31301300227642,12.082166969776154,1.249060034751892,0.0,0.0,174.40940905362368,106.40673246234655,145.61258256435394,0,0,0.0,0.0,0.0,0.0,1,1.4440584927797318,374.1651549935341,59.0419921875,52.76708984375,23258.34912109375,27688.0
117,55,optimized,shared_mesh,scalable,cpu,legacy_full_snapshot,selected_after_full_read,selected_only,append,128,40300,4096,36636,0.44056493788957596,66.6935509070754,31.195763498544693,51.24722886830568,11.244057677686214,1.1239023879170418,0.0,0.0,161.50450333952904,106.66431207209826,145.35807631909847,0,0,0.0,0.0,0.0,0.0,1,1.4719953760504723,385.48547867685556,59.0419921875,52.76708984375,23258.34912109375,27688.0
118,5,optimized,shared_mesh,scalable,cpu,legacy_full_snapshot,selected_after_full_read,selected_only,append,128,40300,4096,37709,0.47632399946451187,68.78881994634867,33.71484391391277,50.362177193164825,9.588797576725483,1.0627210140228271,0.0,0.0,163.51735964417458,106.09495639801025,145.9626303985715,0,0,0.0,0.0,0.0,0.0,1,1.4546755701303482,374.23611525446177,59.0419921875,52.76708984375,23258.34912109375,27688.0
118,55,optimized,shared_mesh,scalable,cpu,legacy_full_snapshot,selected_after_full_read,selected_only,append,128,40300,4096,36010,0.4724143072962761,66.56364351511002,31.59637749195099,50.779275596141815,11.549700051546097,0.9853355586528778,0.0,0.0,161.4743322134018,106.66123870760202,145.8701603114605,0,0,0.0,0.0,0.0,0.0,1,1.4826133847236633,386.218823492527,59.0419921875,52.76708984375,23258.34912109375,27688.0
119,5,optimized,shared_mesh,scalable,cpu,legacy_full_snapshot,selected_after_full_read,selected_only,append,128,40300,4096,36308,0.4620766267180443,75.06233733147383,32.774483785033226,52.76392214000225,12.537814676761627,1.1359164491295815,0.0,0.0,174.2744743824005,106.36315215379,145.73969412595034,0,0,0.0,0.0,0.0,0.0,1,1.4340030029416084,377.023383975029,59.0419921875,52.76708984375,23258.34912109375,27688.0
119,55,optimized,shared_mesh,scalable,cpu,legacy_full_snapshot,selected_after_full_read,selected_only,append,128,40300,4096,36539,0.3617824986577034,66.51670951396227,30.47890681773424,49.47936721146107,11.41448225826025,1.124461181461811,0.0,0.0,159.01392698287964,106.21759947389364,145.5159205943346,0,0,0.0,0.0,0.0,0.0,1,1.3387380167841911,376.9390136003494,59.0419921875,52.76708984375,23258.34912109375,27688.0
120,5,optimized,shared_mesh,scalable,cpu,legacy_full_snapshot,selected_after_full_read,selected_only,append,128,40300,4096,36341,0.4497850313782692,74.57092683762312,33.88414345681667,52.84215044230223,12.571330182254314,1.047634519636631,0.0,0.0,174.91618543863297,106.41008615493774,146.04253228753805,0,0,0.0,0.0,0.0,0.0,1,1.8421625718474388,377.6639774441719,59.0419921875,52.76708984375,23258.34912109375,27688.0
120,55,optimized,shared_mesh,scalable,cpu,legacy_full_snapshot,selected_after_full_read,selected_only,append,128,40300,4096,37866,0.3506094217300415,66.16638135164976,32.628937624394894,52.357710897922516,12.015676125884056,1.1697188019752502,0.0,0.0,164.33842480182648,107.15991258621216,145.60839161276817,0,0,0.0,0.0,0.0,0.0,1,1.336224377155304,376.0936427861452,59.0419921875,52.76708984375,23258.34912109375,27688.0
120,5,optimized,shared_mesh,scalable,cpu,legacy_full_snapshot,selected_after_full_read,selected_only,append,128,40300,4096,36876,0.14694873243570328,69.5889350026846,31.755625270307064,49.530223943293095,9.316125884652138,1.01578701287508,0.0,0.0,161.20669711381197,106.08629789203405,0.0,0,0,0.0,0.0,0.0,0.0,1,0.0,107.5541041791439,59.0419921875,59.0419921875,9805.41796875,27688.0
121,5,optimized,shared_mesh,scalable,cpu,legacy_full_snapshot,selected_after_full_read,selected_only,append,128,40300,4096,37171,0.3567533567547798,78.82655970752239,33.52852165699005,53.67130693048239,11.79104670882225,1.1557508260011673,0.0,0.0,178.97318582981825,106.66487086564302,146.15539647638798,0,0,0.0,0.0,0.0,0.0,1,1.7784647643566132,378.7965392693877,59.0419921875,52.76708984375,23258.34912109375,27688.0
121,55,optimized,shared_mesh,scalable,cpu,legacy_full_snapshot,selected_after_full_read,selected_only,append,128,40300,4096,36973,0.4791188985109329,66.66701100766659,33.08095131069422,53.43048833310604,11.8441516533494,0.9532086551189423,0.0,0.0,165.9758109599352,106.20000120252371,145.9584403783083,0,0,0.0,0.0,0.0,0.0,1,1.2211231514811516,384.70101077109575,59.0419921875,52.76708984375,23258.34912109375,27688.0
122,5,optimized,shared_mesh,scalable,cpu,legacy_full_snapshot,selected_after_full_read,selected_only,append,128,40300,4096,37537,0.3142906352877617,73.4847392886877,32.07298833876848,52.872017957270145,11.755879037082195,1.027798280119896,0.0,0.0,171.21342290192842,106.38382565230131,146.6440139338374,0,0,0.0,0.0,0.0,0.0,1,1.216094009578228,385.07257122546434,59.0419921875,52.76708984375,23258.34912109375,27688.0
122,55,optimized,shared_mesh,scalable,cpu,legacy_full_snapshot,selected_after_full_read,selected_only,append,128,40300,4096,35740,0.32043736428022385,66.03396032005548,31.936380080878735,51.88865773379803,11.798320338129997,1.0180221870541573,0.0,0.0,162.6753406599164,106.42265807837248,145.569559186697,0,0,0.0,0.0,0.0,0.0,1,1.4228280633687973,379.4195353984833,59.0419921875,52.76708984375,23258.34912109375,27688.0
123,5,optimized,shared_mesh,scalable,cpu,legacy_full_snapshot,selected_after_full_read,selected_only,append,128,40300,4096,36431,0.33608078956604004,75.31097624450922,33.8514493778348,54.011860862374306,11.77207101136446,1.131165772676468,0.0,0.0,176.07752326875925,105.92957120388746,145.25191579014063,0,0,0.0,0.0,0.0,0.0,1,1.1571478098630905,376.763291656971,59.0419921875,52.76708984375,23258.34912109375,27688.0
123,55,optimized,shared_mesh,scalable,cpu,legacy_full_snapshot,selected_after_full_read,selected_only,append,128,40300,4096,37216,0.5137603729963303,65.71212690323591,30.905216932296753,50.499074161052704,10.93424391001463,1.1962596327066422,0.0,0.0,159.24692153930664,106.63050878793001,146.12522535026073,0,0,0.0,0.0,0.0,0.0,1,1.3460023328661919,386.75130251795053,59.0419921875,52.76708984375,23258.34912109375,27688.0
124,5,optimized,shared_mesh,scalable,cpu,legacy_full_snapshot,selected_after_full_read,selected_only,append,128,40300,4096,36965,0.39893947541713715,75.9540842846036,33.343277871608734,54.90556824952364,11.98494527488947,1.1889943853020668,0.0,0.0,177.3768700659275,105.98265193402767,146.03163581341505,0,0,0.0,0.0,0.0,0.0,1,1.3557793572545052,376.796537078917,59.0419921875,52.76708984375,23258.34912109375,27688.0
124,55,optimized,shared_mesh,scalable,cpu,legacy_full_snapshot,selected_after_full_read,selected_only,append,128,40300,4096,37330,0.44643133878707886,66.58320128917694,33.038221299648285,53.92050743103027,12.218765914440155,0.9621484205126762,0.0,0.0,166.72284435480833,106.91127460449934,146.75827603787184,0,0,0.0,0.0,0.0,0.0,1,1.7795814201235771,379.25023678690195,59.0419921875,52.76708984375,23258.34912109375,27688.0
125,5,optimized,shared_mesh,scalable,cpu,legacy_full_snapshot,selected_after_full_read,selected_only,append,128,40300,4096,37823,0.36262162029743195,82.07450713962317,32.69264381378889,53.832223638892174,12.42075115442276,1.0828347876667976,0.0,0.0,182.1029605343938,106.83975648134947,146.77196461707354,0,0,0.0,0.0,0.0,0.0,1,1.3479571789503098,374.7473629191518,59.0419921875,52.76708984375,23258.34912109375,27688.0
125,55,optimized,shared_mesh,scalable,cpu,legacy_full_snapshot,selected_after_full_read,selected_only,append,128,40300,4096,37107,0.4419619217514992,67.02935323119164,31.027592718601227,51.08518898487091,11.165550909936428,1.0828347876667976,0.0,0.0,161.390520632267,107.12862480431795,146.76721580326557,0,0,0.0,0.0,0.0,0.0,1,1.3096826151013374,378.59735172241926,59.0419921875,52.76708984375,23258.34912109375,27688.0
125,5,optimized,shared_mesh,scalable,cpu,legacy_full_snapshot,selected_after_full_read,selected_only,append,128,40300,4096,37383,0.21036528050899506,70.40916290134192,31.688006594777107,49.339684657752514,9.324528276920319,1.2359293177723885,0.0,0.0,161.99731174856424,106.49249982088804,0.0,0,0,0.0,0.0,0.0,0.0,1,0.0,108.25895238667727,59.0419921875,59.0419921875,9805.41796875,27688.0
126,5,optimized,shared_mesh,scalable,cpu,legacy_full_snapshot,selected_after_full_read,selected_only,append,128,40300,4096,36872,0.3480939194560051,72.4038602784276,33.6723905056715,53.67354676127434,11.816471815109253,1.18228979408741,0.0,0.0,172.7485591545701,106.75650462508202,146.7778319492936,0,0,0.0,0.0,0.0,0.0,1,1.7871251329779625,378.3255247399211,59.0419921875,52.76708984375,23258.34912109375,27688.0
126,55,optimized,shared_mesh,scalable,cpu,legacy_full_snapshot,selected_after_full_read,selected_only,append,128,40300,4096,36443,0.39782095700502396,67.8537730127573,32.04450197517872,52.899694070219994,11.694109067320824,1.1359164491295815,0.0,0.0,165.62799457460642,107.43509139865637,145.49608435481787,0,0,0.0,0.0,0.0,0.0,1,1.5912875533103943,380.086668767035,59.0419921875,52.76708984375,23258.34912109375,27688.0
127,5,optimized,shared_mesh,scalable,cpu,legacy_full_snapshot,selected_after_full_read,selected_only,append,128,40300,4096,36620,0.439726747572422,72.64747004956007,33.10973662883043,53.37629280984402,11.88408862799406,1.194024458527565,0.0,0.0,172.21161257475615,106.77633993327618,146.80632762610912,0,0,0.0,0.0,0.0,0.0,1,1.320578157901764,380.09868282824755,59.0419921875,52.76708984375,23258.34912109375,27688.0
127,55,optimized,shared_mesh,scalable,cpu,legacy_full_snapshot,selected_after_full_read,selected_only,append,128,40300,4096,37019,0.4271566867828369,66.68489053845406,33.16728584468365,53.31623554229736,11.825693771243095,1.2714099138975143,0.0,0.0,166.26551561057568,106.66738636791706,146.11907955259085,0,0,0.0,0.0,0.0,0.0,1,1.384275034070015,381.64219819009304,59.0419921875,52.76708984375,23258.34912109375,27688.0
128,5,optimized,shared_mesh,scalable,cpu,legacy_full_snapshot,selected_after_full_read,selected_only,append,128,40300,4096,37614,0.46626850962638855,74.51896369457245,32.76861924678087,53.963533602654934,11.49856112897396,1.1602211743593216,0.0,0.0,173.90989884734154,106.57184105366468,145.63465304672718,0,0,0.0,0.0,0.0,0.0,1,1.5334580093622208,376.567455008626,59.0419921875,52.76708984375,23258.34912109375,27688.0
128,55,optimized,shared_mesh,scalable,cpu,legacy_full_snapshot,selected_after_full_read,selected_only,append,128,40300,4096,36187,0.4369337111711502,67.20563676208258,31.529339961707592,51.82915739715099,11.868994683027267,1.0934509336948395,0.0,0.0,163.52657973766327,106.58636875450611,146.5808767825365,0,0,0.0,0.0,0.0,0.0,1,1.8731718882918358,377.3966236039996,59.0419921875,52.76708984375,23258.34912109375,27688.0
129,5,optimized,shared_mesh,scalable,cpu,legacy_full_snapshot,selected_after_full_read,selected_only,append,128,40300,4096,36966,0.4148641601204872,73.66074156016111,33.35362486541271,53.79284359514713,11.621751822531223,1.168881542980671,0.0,0.0,173.59784338623285,106.27794452011585,146.14757522940636,0,0,0.0,0.0,0.0,0.0,1,1.3473983854055405,387.3941330239177,59.0419921875,52.76708984375,23258.34912109375,27688.0
129,55,optimized,shared_mesh,scalable,cpu,legacy_full_snapshot,selected_after_full_read,selected_only,append,128,40300,4096,37532,0.4433589056134224,68.4910137206316,32.37359318882227,51.699806936085224,12.040252797305584,1.1618966236710548,0.0,0.0,165.76656326651573,106.28017969429493,146.4411923661828,0,0,0.0,0.0,0.0,0.0,1,2.2399835288524628,377.4315435439348,59.0419921875,52.76708984375,23258.34912109375,27688.0
130,5,optimized,shared_mesh,scalable,cpu,legacy_full_snapshot,selected_after_full_read,selected_only,append,128,40300,4096,37116,0.4031304270029068,73.75377137213945,33.22986792773008,52.8644947335124,12.175741605460644,1.1934656649827957,0.0,0.0,173.21734130382538,106.48076701909304,145.32371517270803,0,0,0.0,0.0,0.0,0.0,1,1.427019014954567,385.70422772318125,59.0419921875,52.76708984375,23258.34912109375,27688.0
130,55,optimized,shared_mesh,scalable,cpu,legacy_full_snapshot,selected_after_full_read,selected_only,append,128,40300,4096,36304,0.4081595689058304,66.82010553777218,32.13277831673622,51.45480018109083,11.399378068745136,1.1459719389677048,0.0,0.0,162.95303404331207,106.8160105496645,146.5923311188817,0,0,0.0,0.0,0.0,0.0,1,1.3163881376385689,378.63283324986696,59.0419921875,52.76708984375,23258.34912109375,27688.0
130,5,optimized,shared_mesh,scalable,cpu,legacy_full_snapshot,selected_after_full_read,selected_only,append,128,40300,4096,36803,0.17656199634075165,70.33317536115646,32.828133553266525,50.77899992465973,9.656672365963459,1.1029494926333427,0.0,0.0,164.69993069767952,106.05500917881727,0.0,0,0,0.0,0.0,0.0,0.0,1,0.0,107.65719134360552,59.0419921875,59.0419921875,9805.41796875,27688.0
131,5,optimized,shared_mesh,scalable,cpu,legacy_full_snapshot,selected_after_full_read,selected_only,append,128,40300,4096,36672,0.49420353025197983,73.9781055599451,33.38462859392166,52.86476854234934,12.186652049422264,1.138429157435894,0.0,0.0,173.55258390307426,106.25643376260996,145.1767673715949,0,0,0.0,0.0,0.0,0.0,1,1.3736588880419731,375.7483446970582,59.0419921875,52.76708984375,23258.34912109375,27688.0
131,55,optimized,shared_mesh,scalable,cpu,legacy_full_snapshot,selected_after_full_read,selected_only,append,128,40300,4096,36932,0.4251999780535698,64.68768045306206,31.28182888031006,49.06729608774185,9.094026871025562,1.2216819450259209,0.0,0.0,155.35251423716545,106.59363307058811,145.17620857805014,0,0,0.0,0.0,0.0,0.0,1,1.4138882979750633,385.6821581721306,59.0419921875,52.76708984375,23258.34912109375,27688.0
132,5,optimized,shared_mesh,scalable,cpu,legacy_full_snapshot,selected_after_full_read,selected_only,append,128,40300,4096,36068,0.5933800712227821,75.04864875227213,33.54889526963234,54.21021580696106,12.740079313516617,1.3161087408661842,0.0,0.0,176.86394788324833,106.5573152154684,146.61747589707375,0,0,0.0,0.0,0.0,0.0,1,1.3948902487754822,386.73789519816637,59.0419921875,52.76708984375,23258.34912109375,27688.0
132,55,optimized,shared_mesh,scalable,cpu,legacy_full_snapshot,selected_after_full_read,selected_only,append,128,40300,4096,36639,0.39502792060375214,66.46139547228813,31.843348406255245,51.32657662034035,11.702769435942173,1.1328430846333504,0.0,0.0,162.46693301945925,106.78695607930422,145.90172935277224,0,0,0.0,0.0,0.0,0.0,1,1.4549558982253075,375.6653731688857,59.0419921875,52.76708984375,23258.34912109375,27688.0
133,5,optimized,shared_mesh,scalable,cpu,legacy_full_snapshot,selected_after_full_read,selected_only,append,128,40300,4096,36709,0.49616023898124695,81.84458687901497,35.124811343848705,54.21217065304518,12.638675980269909,1.1674845591187477,0.0,0.0,184.9877294152975,106.34778812527657,145.59162966907024,0,0,0.0,0.0,0.0,0.0,1,1.5384871512651443,376.41212716698647,59.0419921875,52.76708984375,23258.34912109375,27688.0
133,55,optimized,shared_mesh,scalable,cpu,legacy_full_snapshot,selected_after_full_read,selected_only,append,128,40300,4096,36051,0.4609599709510803,67.8560072556138,31.999516300857067,52.77396738529205,11.694688349962234,1.2278277426958084,0.0,0.0,165.55200703442097,106.9875443354249,147.1312353387475,0,0,0.0,0.0,0.0,0.0,1,1.677333377301693,378.0428059399128,59.0419921875,52.76708984375,23258.34912109375,27688.0
134,5,optimized,shared_mesh,scalable,cpu,legacy_full_snapshot,selected_after_full_read,selected_only,append,128,40300,4096,36110,0.5327565595507622,79.37691733241081,34.2805627733469,56.0719259083271,12.371599674224854,1.1482080444693565,0.0,0.0,183.24921373277903,106.84618260711432,146.96305431425571,0,0,0.0,0.0,0.0,0.0,1,1.814223825931549,387.50364538282156,59.0419921875,52.76708984375,23258.34912109375,27688.0
134,55,optimized,shared_mesh,scalable,cpu,legacy_full_snapshot,selected_after_full_read,selected_only,append,128,40300,4096,36596,0.36094430834054947,66.15856010466814,31.267572194337845,51.19664873927832,11.477334424853325,1.1582644656300545,0.0,0.0,161.25837992876768,106.57826717942953,146.6685989871621,0,0,0.0,0.0,0.0,0.0,1,1.4979774132370949,386.95775903761387,59.0419921875,52.76708984375,23258.34912109375,27688.0
135,5,optimized,shared_mesh,scalable,cpu,legacy_full_snapshot,selected_after_full_read,selected_only,append,128,40300,4096,36861,0.4182159900665283,75.26236586272717,33.38212613016367,53.58889326453209,11.850840412080288,1.163015142083168,0.0,0.0,175.24724081158638,105.97930010408163,145.37707529962063,0,0,0.0,0.0,0.0,0.0,1,1.6401773318648338,375.61648339033127,59.0419921875,52.76708984375,23258.34912109375,27688.0
135,55,optimized,shared_mesh,scalable,cpu,legacy_full_snapshot,selected_after_full_read,selected_only,append,128,40300,4096,37271,0.3746338188648224,66.00211281329393,31.823803670704365,51.71209201216698,11.59493625164032,1.096244901418686,0.0,0.0,162.22918964922428,106.64978623390198,145.57207562029362,0,0,0.0,0.0,0.0,0.0,1,1.4686435461044312,385.4539142921567,59.0419921875,52.76708984375,23258.34912109375,27688.0
135,5,optimized,shared_mesh,scalable,cpu,legacy_full_snapshot,selected_after_full_read,selected_only,append,128,40300,4096,37955,0.30367355793714523,69.35286801308393,31.976891681551933,49.33494143188,9.754174388945103,1.1387104168534279,0.0,0.0,161.5575859323144,105.2708188071847,0.0,0,0,0.0,0.0,0.0,0.0,1,0.0,107.11884684860706,59.0419921875,59.0419921875,9805.41796875,27688.0
136,5,optimized,shared_mesh,scalable,cpu,legacy_full_snapshot,selected_after_full_read,selected_only,append,128,40300,4096,36034,0.52605289965868,79.82726115733385,34.849378280341625,54.512218572199345,12.64367438852787,0.9652208536863327,0.0,0.0,182.79775325208902,106.19888361543417,145.15721052885056,0,0,0.0,0.0,0.0,0.0,1,1.2225201353430748,374.26796834915876,59.0419921875,52.76708984375,23258.34912109375,27688.0
136,55,optimized,shared_mesh,scalable,cpu,legacy_full_snapshot,selected_after_full_read,selected_only,append,128,40300,4096,37944,0.4246402531862259,66.63544289767742,32.18139614909887,51.826355047523975,11.825693771243095,1.1814534664154053,0.0,0.0,163.65034133195877,106.8232748657465,145.68605739623308,0,0,0.0,0.0,0.0,0.0,1,1.3775695115327835,377.4284729734063,59.0419921875,52.76708984375,23258.34912109375,27688.0
137,5,optimized,shared_mesh,scalable,cpu,legacy_full_snapshot,selected_after_full_read,selected_only,append,128,40300,4096,36481,0.44168345630168915,81.16236608475447,33.21980498731136,54.98099699616432,12.929764576256275,1.181173138320446,0.0,0.0,183.47410578280687,106.30057379603386,146.33922278881073,0,0,0.0,0.0,0.0,0.0,1,1.6792891547083855,379.56453114748,59.0419921875,52.76708984375,23258.34912109375,27688.0
137,55,optimized,shared_mesh,scalable,cpu,legacy_full_snapshot,selected_after_full_read,selected_only,append,128,40300,4096,37677,0.46040117740631104,66.31863862276077,31.32875543087721,50.23591406643391,11.175318621098995,1.0448414832353592,0.0,0.0,160.10346822440624,106.82355333119631,145.94559092074633,0,0,0.0,0.0,0.0,0.0,1,1.6717463731765747,387.3290419578552,59.0419921875,52.76708984375,23258.34912109375,27688.0
138,5,optimized,shared_mesh,scalable,cpu,legacy_full_snapshot,selected_after_full_read,selected_only,append,128,40300,4096,37245,0.3902791067957878,80.18653001636267,33.14799629151821,54.67983614653349,12.479991652071476,1.1884374544024467,0.0,0.0,181.6827915608883,106.76209162920713,146.58059738576412,0,0,0.0,0.0,0.0,0.0,1,1.8287524580955505,378.1428197398782,59.0419921875,52.76708984375,23258.34912109375,27688.0
138,55,optimized,shared_mesh,scalable,cpu,legacy_full_snapshot,selected_after_full_read,selected_only,append,128,40300,4096,36378,0.36848802119493484,65.84538705646992,31.803958117961884,51.81740690022707,12.076306156814098,1.016903668642044,0.0,0.0,162.559961900115,106.47685639560223,145.45474015176296,0,0,0.0,0.0,0.0,0.0,1,1.300743781030178,375.6365980952978,59.0419921875,52.76708984375,23258.34912109375,27688.0
139,5,optimized,shared_mesh,scalable,cpu,legacy_full_snapshot,selected_after_full_read,selected_only,append,128,40300,4096,36790,0.5397405475378036,73.4562436118722,32.929244451224804,52.99720074981451,11.674570851027966,1.1822916567325592,0.0,0.0,172.23955132067204,106.74113966524601,146.12103532999754,0,0,0.0,0.0,0.0,0.0,1,1.3535451143980026,378.9641661569476,59.0419921875,52.76708984375,23258.34912109375,27688.0
139,55,optimized,shared_mesh,scalable,cpu,legacy_full_snapshot,selected_after_full_read,selected_only,append,128,40300,4096,37558,0.4835883155465126,67.8523750975728,31.878543086349964,51.19162891060114,11.139578185975552,1.1434582993388176,0.0,0.0,163.20558357983828,106.6495068371296,146.4006844907999,0,0,0.0,0.0,0.0,0.0,1,1.4426633715629578,377.4491474032402,59.0419921875,52.76708984375,23258.34912109375,27688.0
140,5,optimized,shared_mesh,scalable,cpu,legacy_full_snapshot,selected_after_full_read,selected_only,append,128,40300,4096,36844,0.4198923707008362,74.12505522370338,32.38002024590969,53.838932886719704,12.074337340891361,1.1783801019191742,0.0,0.0,173.59672579914331,106.5478166565299,146.02381456643343,0,0,0.0,0.0,0.0,0.0,1,1.2957137078046799,386.41438726335764,59.0419921875,52.76708984375,23258.34912109375,27688.0
140,55,optimized,shared_mesh,scalable,cpu,legacy_full_snapshot,selected_after_full_read,selected_only,append,128,40300,4096,37003,0.4492262378334999,66.34545885026455,31.46341722458601,51.40702985227108,11.726228520274162,1.0828357189893723,0.0,0.0,162.02497016638517,106.66179936379194,146.8353820964694,0,0,0.0,0.0,0.0,0.0,1,1.4739520847797394,376.5143770724535,59.0419921875,52.76708984375,23258.34912109375,27688.0
140,5,optimized,shared_mesh,scalable,cpu,legacy_full_snapshot,selected_after_full_read,selected_only,append,128,40300,4096,36470,0.1586824655532837,69.67414356768131,30.958318151533604,48.3272559940815,9.033115580677986,1.154353842139244,0.0,0.0,159.14718713611364,105.99773842841387,0.0,0,0,0.0,0.0,0.0,0.0,1,0.0,107.60718490928411,59.0419921875,59.0419921875,9805.41796875,27688.0
141,5,optimized,shared_mesh,scalable,cpu,legacy_full_snapshot,selected_after_full_read,selected_only,append,128,40300,4096,37404,0.3461390733718872,74.901700951159,33.10470748692751,53.379940800368786,11.674825102090836,0.9791888296604156,0.0,0.0,174.04036317020655,106.47294577211142,146.69961016625166,0,0,0.0,0.0,0.0,0.0,1,1.7714807763695717,380.2297106012702,59.0419921875,52.76708984375,23258.34912109375,27688.0
141,55,optimized,shared_mesh,scalable,cpu,legacy_full_snapshot,selected_after_full_read,selected_only,append,128,40300,4096,37458,0.31540822237730026,66.00295100361109,31.51396568864584,51.84172559529543,11.487669311463833,1.0557370260357857,0.0,0.0,161.90204862505198,106.78611975163221,146.0961727425456,0,0,0.0,0.0,0.0,0.0,1,1.5963157638907433,380.55433705449104,59.0419921875,52.76708984375,23258.34912109375,27688.0
142,5,optimized,shared_mesh,scalable,cpu,legacy_full_snapshot,selected_after_full_read,selected_only,append,128,40300,4096,37514,0.3888821229338646,73.30538425594568,33.133757300674915,54.17808052152395,12.31851615011692,1.1596623808145523,0.0,0.0,174.09540060907602,106.65286052972078,145.29857132583857,0,0,0.0,0.0,0.0,0.0,1,1.4778636395931244,376.44481379538774,59.0419921875,52.76708984375,23258.34912109375,27688.0
142,55,optimized,shared_mesh,scalable,cpu,legacy_full_snapshot,selected_after_full_read,selected_only,append,128,40300,4096,36588,0.34529995173215866,67.27603636682034,32.44483284652233,52.436224184930325,11.821228079497814,1.146530732512474,0.0,0.0,165.12485221028328,107.25490003824234,146.77364379167557,0,0,0.0,0.0,0.0,0.0,1,1.3792458921670914,378.27663868665695,59.0419921875,52.76708984375,23258.34912109375,27688.0
143,5,optimized,shared_mesh,scalable,cpu,legacy_full_snapshot,selected_after_full_read,selected_only,append,128,40300,4096,37863,0.37351716309785843,72.42648862302303,33.643887378275394,54.547411389648914,12.31711357831955,1.064397394657135,0.0,0.0,173.99929836392403,106.78611882030964,145.22314351052046,0,0,0.0,0.0,0.0,0.0,1,1.4242250472307205,385.5223609134555,59.0419921875,52.76708984375,23258.34912109375,27688.0
143,55,optimized,shared_mesh,scalable,cpu,legacy_full_snapshot,selected_after_full_read,selected_only,append,128,40300,4096,37318,0.41709933429956436,65.51321595907211,31.746975146234035,51.1513976380229,11.153255589306355,1.1624554172158241,0.0,0.0,160.72729974985123,106.59279488027096,146.62222564220428,0,0,0.0,0.0,0.0,0.0,1,1.848866231739521,386.71051897108555,59.0419921875,52.76708984375,23258.34912109375,27688.0
144,5,optimized,shared_mesh,scalable,cpu,legacy_full_snapshot,selected_after_full_read,selected_only,append,128,40300,4096,36515,0.40815770626068115,75.19001048058271,33.50950963795185,53.723545745015144,12.840098701417446,1.1593829840421677,0.0,0.0,176.42254754900932,106.44780192524195,145.56872192770243,0,0,0.0,0.0,0.0,0.0,1,1.4965813606977463,384.14059951901436,59.0419921875,52.76708984375,23258.34912109375,27688.0
144,55,optimized,shared_mesh,scalable,cpu,legacy_full_snapshot,selected_after_full_read,selected_only,append,128,40300,4096,37325,0.44112466275691986,67.46991910040379,31.917658634483814,52.07247752696276,11.304406449198723,1.0990388691425323,0.0,0.0,163.8635005801916,106.45562410354614,146.5057274326682,0,0,0.0,0.0,0.0,0.0,1,1.47339329123497,378.07800713926554,59.0419921875,52.76708984375,23258.34912109375,27688.0
145,5,optimized,shared_mesh,scalable,cpu,legacy_full_snapshot,selected_after_full_read,selected_only,append,128,40300,4096,36139,0.4629148170351982,73.72443843632936,33.19912124425173,53.34613565355539,12.311523780226707,1.1739106848835945,0.0,0.0,173.7551297992468,106.47294484078884,146.20149414986372,0,0,0.0,0.0,0.0,0.0,1,1.3297982513904572,378.89209017157555,59.0419921875,52.76708984375,23258.34912109375,27688.0
145,55,optimized,shared_mesh,scalable,cpu,legacy_full_snapshot,selected_after_full_read,selected_only,append,128,40300,4096,35977,0.296969898045063,66.38708431273699,31.738036312162876,52.26748529821634,12.274913489818573,0.977792777121067,0.0,0.0,163.64531219005585,106.70454241335392,146.37917280197144,0,0,0.0,0.0,0.0,0.0,1,1.7418675124645233,380.7208426296711,59.0419921875,52.76708984375,23258.34912109375,27688.0
145,5,optimized,shared_mesh,scalable,cpu,legacy_full_snapshot,selected_after_full_read,selected_only,append,128,40300,4096,36389,0.18298719078302383,70.11498790234327,31.51453658938408,48.968689516186714,9.310813620686531,1.0040532797574997,0.0,0.0,160.9130809083581,106.21229466050863,0.0,0,0,0.0,0.0,0.0,0.0,1,0.0,107.66221955418587,59.0419921875,59.0419921875,9805.41796875,27688.0
146,5,optimized,shared_mesh,scalable,cpu,legacy_full_snapshot,selected_after_full_read,selected_only,append,128,40300,4096,36998,0.3598276525735855,73.007857427001,33.32232777029276,53.36036905646324,12.402326799929142,1.094849780201912,0.0,0.0,173.18773083388805,106.69895447790623,145.5958215519786,0,0,0.0,0.0,0.0,0.0,1,1.742985099554062,379.3963510543108,59.0419921875,52.76708984375,23258.34912109375,27688.0
146,55,optimized,shared_mesh,scalable,cpu,legacy_full_snapshot,selected_after_full_read,selected_only,append,128,40300,4096,36969,0.41709747165441513,65.30564557760954,31.787198968231678,52.01410036534071,12.131880968809128,1.1697197332978249,0.0,0.0,162.40854561328888,106.37041740119457,145.86876519024372,0,0,0.0,0.0,0.0,0.0,1,1.4077415689826012,374.7261352837086,59.0419921875,52.76708984375,23258.34912109375,27688.0
147,5,optimized,shared_mesh,scalable,cpu,legacy_full_snapshot,selected_after_full_read,selected_only,append,128,40300,4096,38116,0.4821913316845894,74.65278264135122,33.0443549901247,53.876650519669056,12.057860381901264,1.1440180242061615,0.0,0.0,174.7756665572524,106.9439621642232,146.12662326544523,0,0,0.0,0.0,0.0,0.0,1,1.4108149334788322,379.8310495913029,59.0419921875,52.76708984375,23258.34912109375,27688.0
147,55,optimized,shared_mesh,scalable,cpu,legacy_full_snapshot,selected_after_full_read,selected_only,append,128,40300,4096,36602,0.4056449979543686,67.98591557890177,32.27413445711136,52.58818995207548,12.335838750004768,1.0719401761889458,0.0,0.0,166.25601891428232,106.32124822586775,146.3051401078701,0,0,0.0,0.0,0.0,0.0,1,1.340414397418499,380.39705250412226,59.0419921875,52.76708984375,23258.34912109375,27688.0
148,5,optimized,shared_mesh,scalable,cpu,legacy_full_snapshot,selected_after_full_read,selected_only,append,128,40300,4096,37236,0.4687812179327011,73.0447331443429,33.04295428097248,54.257141426205635,11.845831759274006,1.2518540024757385,0.0,0.0,173.44251461327076,106.31733667105436,146.4733211323619,0,0,0.0,0.0,0.0,0.0,1,1.9184285774827003,375.33683609217405,59.0419921875,52.76708984375,23258.34912109375,27688.0
148,55,optimized,shared_mesh,scalable,cpu,legacy_full_snapshot,selected_after_full_read,selected_only,append,128,40300,4096,37644,0.36848895251750946,67.50064995139837,32.352641224861145,52.9491500928998,11.806136928498745,1.048472709953785,0.0,0.0,165.65705090761185,106.39611911028624,146.78118471056223,0,0,0.0,0.0,0.0,0.0,1,1.384275034070015,374.14560560137033,59.0419921875,52.76708984375,23258.34912109375,27688.0
149,5,optimized,shared_mesh,scalable,cpu,legacy_full_snapshot,selected_after_full_read,selected_only,append,128,40300,4096,36077,0.5316399037837982,72.90728390216827,33.111970871686935,53.02960425615311,12.239718809723854,0.9565604850649834,0.0,0.0,172.24513832479715,105.91504536569118,146.33279759436846,0,0,0.0,0.0,0.0,0.0,1,1.8846243619918823,374.68087673187256,59.0419921875,52.76708984375,23258.34912109375,27688.0
149,55,optimized,shared_mesh,scalable,cpu,legacy_full_snapshot,selected_after_full_read,selected_only,append,128,40300,4096,36559,0.5081724375486374,68.68657376617193,31.87826555222273,52.513052709400654,11.352448724210262,1.2915236875414848,0.0,0.0,165.72186443954706,106.29135556519032,146.05985395610332,0,0,0.0,0.0,0.0,0.0,1,1.422269269824028,374.6875813230872,59.0419921875,52.76708984375,23258.34912109375,27688.0
150,5,optimized,shared_mesh,scalable,cpu,legacy_full_snapshot,selected_after_full_read,selected_only,append,128,40300,4096,37708,0.3397129476070404,73.81718885153532,32.51663129776716,53.06477937847376,11.920149438083172,1.0291952639818192,0.0,0.0,172.34794422984123,106.68359138071537,145.08150331676006,0,0,0.0,0.0,0.0,0.0,1,1.348515972495079,379.74528409540653,59.0419921875,52.76708984375,23258.34912109375,27688.0
150,55,optimized,shared_mesh,scalable,cpu,legacy_full_snapshot,selected_after_full_read,selected_only,append,128,40300,4096,36390,0.5791317671537399,69.73979528993368,31.37652762234211,52.07277275621891,11.152684688568115,1.2091100215911865,0.0,0.0,165.550890378654,106.4100880175829,147.2055483609438,0,0,0.0,0.0,0.0,0.0,1,1.5013301745057106,375.8391421288252,59.0419921875,52.76708984375,23258.34912109375,27688.0
150,5,optimized,shared_mesh,scalable,cpu,legacy_full_snapshot,selected_after_full_read,selected_only,append,128,40300,4096,36773,0.1614745706319809,69.76912915706635,31.923530623316765,48.986293375492096,9.570066817104816,1.155192032456398,0.0,0.0,161.40421200543642,105.95778934657574,0.0,0,0,0.0,0.0,0.0,0.0,1,0.0,107.57449921220541,59.0419921875,59.0419921875,9805.41796875,27688.0
151,5,optimized,shared_mesh,scalable,cpu,legacy_full_snapshot,selected_after_full_read,selected_only,append,128,40300,4096,37008,0.4768837243318558,73.87194596230984,33.93946588039398,55.4947592318058,12.653741054236889,1.0588103905320168,0.0,0.0,177.01872251927853,106.92803841084242,146.69653680175543,0,0,0.0,0.0,0.0,0.0,1,1.7100190743803978,378.38307954370975,59.0419921875,52.76708984375,23258.34912109375,27688.0
151,55,optimized,shared_mesh,scalable,cpu,legacy_full_snapshot,selected_after_full_read,selected_only,append,128,40300,4096,36176,0.5232589319348335,69.17183753103018,32.10762329399586,53.57716977596283,12.029645964503288,0.9917616844177246,0.0,0.0,167.87803824990988,106.85093328356743,147.03876432031393,0,0,0.0,0.0,0.0,0.0,1,1.9315602257847786,389.3315624445677,59.0419921875,52.76708984375,23258.34912109375,27688.0
152,5,optimized,shared_mesh,scalable,cpu,legacy_full_snapshot,selected_after_full_read,selected_only,append,128,40300,4096,37369,0.4687812179327011,72.83967733383179,32.794879749417305,53.637501783668995,11.180366389453411,1.1521177366375923,0.0,0.0,171.6045429930091,106.96966480463743,146.38364408165216,0,0,0.0,0.0,0.0,0.0,1,1.4795400202274323,378.9867963641882,59.0419921875,52.76708984375,23258.34912109375,27688.0
152,55,optimized,shared_mesh,scalable,cpu,legacy_full_snapshot,selected_after_full_read,selected_only,append,128,40300,4096,36265,0.417378731071949,66.44183956086636,31.96682780981064,51.21677462011576,11.354408226907253,1.1127283796668053,0.0,0.0,162.0925785973668,106.37237317860126,146.4386796578765,0,0,0.0,0.0,0.0,0.0,1,1.865907572209835,376.4537554234266,59.0419921875,52.76708984375,23258.34912109375,27688.0
153,5,optimized,shared_mesh,scalable,cpu,legacy_full_snapshot,selected_after_full_read,selected_only,append,128,40300,4096,37154,0.5171122029423714,86.4413296803832,33.962929621338844,54.1794765740633,12.458475306630135,1.2026848271489143,0.0,0.0,188.2448960095644,106.48523829877377,146.7814650386572,0,0,0.0,0.0,0.0,0.0,1,1.7186803743243217,376.70798040926456,59.0419921875,52.76708984375,23258.34912109375,27688.0
153,55,optimized,shared_mesh,scalable,cpu,legacy_full_snapshot,selected_after_full_read,selected_only,append,128,40300,4096,37308,0.44615287333726883,66.31277222186327,31.76652081310749,52.71335691213608,11.026146821677685,1.2057581916451454,0.0,0.0,163.02455496042967,107.03000798821449,146.3579423725605,0,0,0.0,0.0,0.0,0.0,1,1.8508220091462135,386.4370174705982,59.0419921875,52.76708984375,23258.34912109375,27688.0
154,5,optimized,shared_mesh,scalable,cpu,legacy_full_snapshot,selected_after_full_read,selected_only,append,128,40300,4096,37243,0.3609461709856987,73.48781358450651,33.48212782293558,54.20098826289177,12.092230841517448,1.188996247947216,0.0,0.0,174.45215675979853,106.58497270196676,147.0965938642621,0,0,0.0,0.0,0.0,0.0,1,1.4583086594939232,377.5525148957968,59.0419921875,52.76708984375,23258.34912109375,27688.0
154,55,optimized,shared_mesh,scalable,cpu,legacy_full_snapshot,selected_after_full_read,selected_only,append,128,40300,4096,37861,0.3201570361852646,66.07558857649565,31.779653392732143,52.74799093604088,11.915663257241249,1.216094009578228,0.0,0.0,163.73499017208815,106.73108231276274,146.0023047402501,0,0,0.0,0.0,0.0,0.0,1,2.0720819011330605,375.14099944382906,59.0419921875,52.76708984375,23258.34912109375,27688.0
155,5,optimized,shared_mesh,scalable,cpu,legacy_full_snapshot,selected_after_full_read,selected_only,append,128,40300,4096,36442,0.5525927990674973,74.2029994726181,33.62124413251877,54.38034515827894,11.715088039636612,1.0875845327973366,0.0,0.0,175.00726133584976,106.54111206531525,146.7255912721157,0,0,0.0,0.0,0.0,0.0,1,2.0262645557522774,376.3003824278712,59.0419921875,52.76708984375,23258.34912109375,27688.0
155,55,optimized,shared_mesh,scalable,cpu,legacy_full_snapshot,selected_after_full_read,selected_only,append,128,40300,4096,37648,0.5129221826791763,70.19796129316092,31.621534377336502,51.06088612228632,11.756133288145065,1.1540744453668594,0.0,0.0,165.79058952629566,107.43146203458309,146.76637947559357,0,0,0.0,0.0,0.0,0.0,1,1.360529102385044,377.7871849015355,59.0419921875,52.76708984375,23258.34912109375,27688.0
155,5,optimized,shared_mesh,scalable,cpu,legacy_full_snapshot,selected_after_full_read,selected_only,append,128,40300,4096,36357,0.1542121171951294,71.16290181875229,31.78189415484667,53.13266906887293,11.857004836201668,1.0194182395935059,0.0,0.0,168.95388811826706,106.33549652993679,0.0,0,0,0.0,0.0,0.0,0.0,1,0.0,107.82425571233034,59.0419921875,59.0419921875,9805.41796875,27688.0
156,5,optimized,shared_mesh,scalable,cpu,legacy_full_snapshot,selected_after_full_read,selected_only,append,128,40300,4096,38089,0.3603864461183548,80.72990272194147,33.32541882991791,53.54224797338247,11.952237226068974,1.104346476495266,0.0,0.0,180.6541532278061,106.31230939179659,145.21839376538992,0,0,0.0,0.0,0.0,0.0,1,1.585700549185276,374.8859353363514,59.0419921875,52.76708984375,23258.34912109375,27688.0
156,55,optimized,shared_mesh,scalable,cpu,legacy_full_snapshot,selected_after_full_read,selected_only,append,128,40300,4096,35916,0.40732044726610184,65.00867567956448,30.98709136247635,50.65691098570824,11.207455769181252,1.0711019858717918,0.0,0.0,158.9312357828021,106.41930717974901,146.22607827186584,0,0,0.0,0.0,0.0,0.0,1,1.3532647863030434,380.35235460847616,59.0419921875,52.76708984375,23258.34912109375,27688.0
157,5,optimized,shared_mesh,scalable,cpu,legacy_full_snapshot,selected_after_full_read,selected_only,append,128,40300,4096,36620,0.487498939037323,72.74469081312418,33.52963086217642,53.10615245252848,12.562387622892857,1.0845111683011055,0.0,0.0,173.02737291902304,106.17038886994123,146.43337111920118,0,0,0.0,0.0,0.0,0.0,1,1.435399055480957,378.76749131828547,59.0419921875,52.76708984375,23258.34912109375,27688.0
157,55,optimized,shared_mesh,scalable,cpu,legacy_full_snapshot,selected_after_full_read,selected_only,append,128,40300,4096,37116,0.3726789727807045,67.72386655211449,31.605600379407406,52.007109858095646,11.377876624464989,1.1873189359903336,0.0,0.0,163.90177235007286,106.10753111541271,146.25820610672235,0,0,0.0,0.0,0.0,0.0,1,1.514180563390255,383.34803096950054,59.0419921875,52.76708984375,23258.34912109375,27688.0
158,5,optimized,shared_mesh,scalable,cpu,legacy_full_snapshot,selected_after_full_read,selected_only,append,128,40300,4096,36408,0.4238029941916466,73.6319674178958,33.44357293099165,54.10544853657484,11.57371886074543,1.1783791705965996,0.0,0.0,173.9330869168043,106.2148092314601,146.51215262711048,0,0,0.0,0.0,0.0,0.0,1,1.3281218707561493,385.0398911163211,59.0419921875,52.76708984375,23258.34912109375,27688.0
158,55,optimized,shared_mesh,scalable,cpu,legacy_full_snapshot,selected_after_full_read,selected_only,append,128,40300,4096,36374,0.44224224984645844,65.76185580343008,31.29858523607254,51.11508723348379,11.5111218765378,1.2297825887799263,0.0,0.0,160.91643273830414,106.08657822012901,146.19115833193064,0,0,0.0,0.0,0.0,0.0,1,1.417519524693489,377.53938511013985,59.0419921875,52.76708984375,23258.34912109375,27688.0
159,5,optimized,shared_mesh,scalable,cpu,legacy_full_snapshot,selected_after_full_read,selected_only,append,128,40300,4096,36217,0.4115113988518715,72.76424672454596,33.130960538983345,53.160618990659714,11.45582552999258,1.0227710008621216,0.0,0.0,171.53442278504372,106.39584064483643,146.86415810137987,0,0,0.0,0.0,0.0,0.0,1,1.4356793835759163,376.1187922209501,59.0419921875,52.76708984375,23258.34912109375,27688.0
159,55,optimized,shared_mesh,scalable,cpu,legacy_full_snapshot,selected_after_full_read,selected_only,append,128,40300,4096,37032,0.4712957888841629,67.27938912808895,32.22718834877014,52.55440250039101,11.977126821875572,1.2395614758133888,0.0,0.0,165.27766827493906,106.32655676454306,146.36883698403835,0,0,0.0,0.0,0.0,0.0,1,1.3960078358650208,387.0452046394348,59.0419921875,52.76708984375,23258.34912109375,27688.0
160,5,optimized,shared_mesh,scalable,cpu,legacy_full_snapshot,selected_after_full_read,selected_only,append,128,40300,4096,37989,0.3131730481982231,76.2379253283143,32.159323804080486,50.20321998745203,9.264437481760979,1.176983118057251,0.0,0.0,169.04188971966505,106.40086885541677,145.58855909854174,0,0,0.0,0.0,0.0,0.0,1,1.176144927740097,382.25374184548855,59.0419921875,52.76708984375,23258.34912109375,27688.0
160,55,optimized,shared_mesh,scalable,cpu,legacy_full_snapshot,selected_after_full_read,selected_only,append,128,40300,4096,37565,0.40536466985940933,68.78183782100677,31.723784282803535,51.43244471400976,11.572032235562801,1.090938225388527,0.0,0.0,164.6010372787714,106.80455714464188,145.90983279049397,0,0,0.0,0.0,0.0,0.0,1,1.4096973463892937,375.5608918145299,59.0419921875,52.76708984375,23258.34912109375,27688.0
160,5,optimized,shared_mesh,scalable,cpu,legacy_full_snapshot,selected_after_full_read,selected_only,append,128,40300,4096,36174,0.20114518702030182,67.82080791890621,32.5127188116312,49.006132408976555,9.773166850209236,1.0328274220228195,0.0,0.0,160.14565341174603,105.81782553344965,0.0,0,0,0.0,0.0,0.0,0.0,1,0.0,107.3529589921236,59.0419921875,59.0419921875,9805.41796875,27688.0
161,5,optimized,shared_mesh,scalable,cpu,legacy_full_snapshot,selected_after_full_read,selected_only,append,128,40300,4096,36725,0.4453146830201149,72.7519541978836,32.738177105784416,52.83571965992451,12.183287180960178,1.0928930714726448,0.0,0.0,171.60203121602535,106.49920720607042,146.56383730471134,0,0,0.0,0.0,0.0,0.0,1,1.2881718575954437,377.95815896242857,59.0419921875,52.76708984375,23258.34912109375,27688.0
161,55,optimized,shared_mesh,scalable,cpu,legacy_full_snapshot,selected_after_full_read,selected_only,append,128,40300,4096,37094,0.4712957888841629,67.52076558768749,31.434359960258007,52.070810459554195,11.4510552957654,1.1367537081241608,0.0,0.0,163.61374501138926,106.83947894722223,145.95844317227602,0,0,0.0,0.0,0.0,0.0,1,1.5474259853363037,375.57541858404875,59.0419921875,52.76708984375,23258.34912109375,27688.0
162,5,optimized,shared_mesh,scalable,cpu,legacy_full_snapshot,selected_after_full_read,selected_only,append,128,40300,4096,36663,0.4986738786101341,81.19980338960886,33.36870297789574,53.21538168936968,12.261520139873028,1.120271161198616,0.0,0.0,181.16567935794592,106.95234406739473,146.39984723180532,0,0,0.0,0.0,0.0,0.0,1,1.3728206977248192,374.9244883656502,59.0419921875,52.76708984375,23258.34912109375,27688.0
162,55,optimized,shared_mesh,scalable,cpu,legacy_full_snapshot,selected_after_full_read,selected_only,append,128,40300,4096,36665,0.34194812178611755,66.26052968204021,31.70506376773119,51.0656489059329,11.205485090613365,1.0923342779278755,0.0,0.0,161.32906172424555,106.25950805842876,146.82001899927855,0,0,0.0,0.0,0.0,0.0,1,1.432047225534916,375.7444377988577,59.0419921875,52.76708984375,23258.34912109375,27688.0
163,5,optimized,shared_mesh,scalable,cpu,legacy_full_snapshot,selected_after_full_read,selected_only,append,128,40300,4096,36806,0.5654441192746162,73.39729834347963,32.95775316655636,53.021213971078396,12.431659735739231,1.1230651289224625,0.0,0.0,172.93099034577608,106.29694350063801,145.6430358812213,0,0,0.0,0.0,0.0,0.0,1,1.354382373392582,384.2576574534178,59.0419921875,52.76708984375,23258.34912109375,27688.0
163,55,optimized,shared_mesh,scalable,cpu,legacy_full_snapshot,selected_after_full_read,selected_only,append,128,40300,4096,37823,0.4931064322590828,66.92663114517927,32.69584942609072,53.24316490441561,12.05356977880001,1.1049490422010422,0.0,0.0,166.02416429668665,106.83607030659914,147.14391436427832,0,0,0.0,0.0,0.0,0.0,1,1.3642124831676483,388.28302919864655,59.0419921875,52.76708984375,23258.34912109375,27688.0
164,5,optimized,shared_mesh,scalable,cpu,legacy_full_snapshot,selected_after_full_read,selected_only,append,128,40300,4096,36098,0.5176914855837822,73.95748235285282,33.609967678785324,54.05081156641245,12.566527351737022,1.1859685182571411,0.0,0.0,175.37075746804476,106.85586463660002,146.5775528922677,0,0,0.0,0.0,0.0,0.0,1,1.8933583050966263,376.5100911259651,59.0419921875,52.76708984375,23258.34912109375,27688.0
164,55,optimized,shared_mesh,scalable,cpu,legacy_full_snapshot,selected_after_full_read,selected_only,append,128,40300,4096,37540,0.25786738842725754,66.90085027366877,32.127286307513714,50.920319743454456,11.613818816840649,1.0717017576098442,0.0,0.0,162.63397689908743,106.68116994202137,146.53972536325455,0,0,0.0,0.0,0.0,0.0,1,1.3670045882463455,378.29056195914745,59.0419921875,52.76708984375,23258.34912109375,27688.0
165,5,optimized,shared_mesh,scalable,cpu,legacy_full_snapshot,selected_after_full_read,selected_only,append,128,40300,4096,36795,0.3584446385502815,73.52352142333984,33.205671235919,53.034091368317604,12.03987281769514,1.1532800272107124,0.0,0.0,172.9564368724823,106.62804823368788,145.48920188099146,0,0,0.0,0.0,0.0,0.0,1,1.390472985804081,372.99505807459354,59.0419921875,52.76708984375,23258.34912109375,27688.0
165,55,optimized,shared_mesh,scalable,cpu,legacy_full_snapshot,selected_after_full_read,selected_only,append,128,40300,4096,37175,0.5302634090185165,67.10891332477331,31.629116274416447,51.08873639255762,11.521882377564907,1.0831542313098907,0.0,0.0,162.43180260062218,107.71251935511827,146.53843734413385,0,0,0.0,0.0,0.0,0.0,1,1.7095236107707024,388.43272626399994,59.0419921875,52.76708984375,23258.34912109375,27688.0
165,5,optimized,shared_mesh,scalable,cpu,legacy_full_snapshot,selected_after_full_read,selected_only,append,128,40300,4096,36709,0.23970752954483032,71.67841773480177,31.958487816154957,53.36229130625725,11.62303052842617,1.186245121061802,0.0,0.0,169.80847250670195,105.81466369330883,0.0,0,0,0.0,0.0,0.0,0.0,1,0.0,107.53144882619381,59.0419921875,59.0419921875,9805.41796875,27688.0
166,5,optimized,shared_mesh,scalable,cpu,legacy_full_snapshot,selected_after_full_read,selected_only,append,128,40300,4096,36939,0.35089999437332153,73.90590012073517,33.14390126615763,52.998549304902554,11.786164715886116,1.0197348892688751,0.0,0.0,172.85425029695034,106.72011878341436,145.93547955155373,0,0,0.0,0.0,0.0,0.0,1,1.1513223871588707,377.14424543082714,59.0419921875,52.76708984375,23258.34912109375,27688.0
166,55,optimized,shared_mesh,scalable,cpu,legacy_full_snapshot,selected_after_full_read,selected_only,append,128,40300,4096,37459,0.38582179695367813,67.11386051028967,32.1121197193861,52.988724783062935,12.068068608641624,1.1845668777823448,0.0,0.0,165.46734049916267,107.00276773422956,146.30889799445868,0,0,0.0,0.0,0.0,0.0,1,1.3748249039053917,378.0862996354699,59.0419921875,52.76708984375,23258.34912109375,27688.0
167,5,optimized,shared_mesh,scalable,cpu,legacy_full_snapshot,selected_after_full_read,selected_only,append,128,40300,4096,36763,0.3179330378770828,73.29118810594082,32.888492569327354,52.95462999492884,11.981739662587643,1.1820513755083084,0.0,0.0,172.29810170829296,106.89294151961803,146.16721123456955,0,0,0.0,0.0,0.0,0.0,1,1.561170443892479,377.9210774227977,59.0419921875,52.76708984375,23258.34912109375,27688.0
167,55,optimized,shared_mesh,scalable,cpu,legacy_full_snapshot,selected_after_full_read,selected_only,append,128,40300,4096,37982,0.4400210455060005,66.51005428284407,32.324970699846745,53.51502541452646,12.50081043690443,1.072535291314125,0.0,0.0,165.92339612543583,106.20447155088186,145.93773055821657,0,0,0.0,0.0,0.0,0.0,1,1.6832565888762474,374.4869502261281,59.0419921875,52.76708984375,23258.34912109375,27688.0
168,5,optimized,shared_mesh,scalable,cpu,legacy_full_snapshot,selected_after_full_read,selected_only,append,128,40300,4096,37033,0.3869403153657913,72.80247937887907,32.77337457984686,54.10170555114746,11.874145828187466,1.0342607274651527,0.0,0.0,172.585966065526,106.34580813348293,146.35731745511293,0,0,0.0,0.0,0.0,0.0,1,1.3826452195644379,376.83250941336155,59.0419921875,52.76708984375,23258.34912109375,27688.0
168,55,optimized,shared_mesh,scalable,cpu,legacy_full_snapshot,selected_after_full_read,selected_only,append,128,40300,4096,36679,0.42856764048337936,66.80584885179996,31.905590556561947,51.591998897492886,11.419333517551422,1.070578582584858,0.0,0.0,162.79335040599108,106.50944709777832,145.76772414147854,0,0,0.0,0.0,0.0,0.0,1,1.630173996090889,385.8117451891303,59.0419921875,52.76708984375,23258.34912109375,27688.0
169,5,optimized,shared_mesh,scalable,cpu,legacy_full_snapshot,selected_after_full_read,selected_only,append,128,40300,4096,36267,0.37995539605617523,72.76050001382828,33.360034227371216,53.17438952624798,12.830733321607113,1.2155761942267418,0.0,0.0,173.34123328328133,107.0866147056222,145.35084459930658,0,0,0.0,0.0,0.0,0.0,1,1.8651299178600311,385.99211163818836,59.0419921875,52.76708984375,23258.34912109375,27688.0
169,55,optimized,shared_mesh,scalable,cpu,legacy_full_snapshot,selected_after_full_read,selected_only,append,128,40300,4096,36571,0.4294048994779587,65.99921826273203,32.30645880103111,52.76869889348745,11.682217940688133,1.0200096294283867,0.0,0.0,163.77660352736712,106.57695401459932,145.4720003530383,0,0,0.0,0.0,0.0,0.0,1,1.7600823193788528,375.01479778438807,59.0419921875,52.76708984375,23258.34912109375,27688.0
170,5,optimized,shared_mesh,scalable,cpu,legacy_full_snapshot,selected_after_full_read,selected_only,append,128,40300,4096,37497,0.41124504059553146,72.91492726653814,34.49678793549538,53.87976951897144,12.292641215026379,1.278434880077839,0.0,0.0,174.86256081610918,106.58167023211718,145.66221088171005,0,0,0.0,0.0,0.0,0.0,1,1.280948519706726,377.51204892992973,59.0419921875,52.76708984375,23258.34912109375,27688.0
170,55,optimized,shared_mesh,scalable,cpu,legacy_full_snapshot,selected_after_full_read,selected_only,append,128,40300,4096,37254,0.33162161707878113,67.52539984881878,31.685941852629185,52.87369806319475,11.552560143172741,1.161094754934311,0.0,0.0,164.79869466274977,106.11615981906652,146.94446697831154,0,0,0.0,0.0,0.0,0.0,1,1.8422175198793411,375.93751307576895,59.0419921875,52.76708984375,23258.34912109375,27688.0
170,5,optimized,shared_mesh,scalable,cpu,legacy_full_snapshot,selected_after_full_read,selected_only,append,128,40300,4096,35537,0.38526207208633423,70.30295580625534,33.2493307068944,50.615185871720314,9.65055637061596,1.1379057541489601,0.0,0.0,164.95593450963497,106.22760467231274,0.0,0,0,0.0,0.0,0.0,0.0,1,0.0,108.83867181837559,59.0419921875,59.0419921875,9805.41796875,27688.0
171,5,optimized,shared_mesh,scalable,cpu,legacy_full_snapshot,selected_after_full_read,selected_only,append,128,40300,4096,37426,0.46544428914785385,71.97334803640842,34.17686186730862,54.16972190141678,12.050957418978214,1.1890335008502007,0.0,0.0,173.55992272496223,106.45333025604486,146.39320224523544,0,0,0.0,0.0,0.0,0.0,1,1.324252225458622,376.58916879445314,59.0419921875,52.76708984375,23258.34912109375,27688.0
171,55,optimized,shared_mesh,scalable,cpu,legacy_full_snapshot,selected_after_full_read,selected_only,append,128,40300,4096,37971,0.39057061076164246,66.36675260961056,32.06531144678593,51.868448965251446,11.753130704164505,1.1669611558318138,0.0,0.0,163.22060488164425,106.97933193296194,147.20972906798124,0,0,0.0,0.0,0.0,0.0,1,1.802545040845871,378.29424906522036,59.0419921875,52.76708984375,23258.34912109375,27688.0
172,5,optimized,shared_mesh,scalable,cpu,legacy_full_snapshot,selected_after_full_read,selected_only,append,128,40300,4096,36620,0.46097300946712494,76.07957720756531,33.73625036329031,53.23206167668104,12.228653766214848,1.1884719133377075,0.0,0.0,176.46501492708921,106.35880846530199,146.32853586226702,0,0,0.0,0.0,0.0,0.0,1,1.3362634927034378,375.3481190651655,59.0419921875,52.76708984375,23258.34912109375,27688.0
172,55,optimized,shared_mesh,scalable,cpu,legacy_full_snapshot,selected_after_full_read,selected_only,append,128,40300,4096,36834,0.3715716302394867,67.09139980375767,31.931740231812,51.576441153883934,11.775486171245575,1.16640143096447,0.0,0.0,163.54146879166365,106.48781433701515,146.676829084754,0,0,0.0,0.0,0.0,0.0,1,1.3007819652557373,387.17812579125166,59.0419921875,52.76708984375,23258.34912109375,27688.0
173,5,optimized,shared_mesh,scalable,cpu,legacy_full_snapshot,selected_after_full_read,selected_only,append,128,40300,4096,36638,0.32547395676374435,75.5190821364522,33.40040147304535,54.113175719976425,11.825505644083023,1.1096885427832603,0.0,0.0,175.96785351634026,106.76576849073172,145.79675439745188,0,0,0.0,0.0,0.0,0.0,1,1.4248248189687729,376.96315720677376,59.0419921875,52.76708984375,23258.34912109375,27688.0
173,55,optimized,shared_mesh,scalable,cpu,legacy_full_snapshot,selected_after_full_read,selected_only,append,128,40300,4096,36525,0.4606926813721657,68.14850680530071,32.60695654898882,52.4664968252182,11.621268466114998,1.2178048491477966,0.0,0.0,166.06103349477053,106.52963072061539,146.78007643669844,0,0,0.0,0.0,0.0,0.0,1,1.5117097645998,373.6503543332219,59.0419921875,52.76708984375,23258.34912109375,27688.0
174,5,optimized,shared_mesh,scalable,cpu,legacy_full_snapshot,selected_after_full_read,selected_only,append,128,40300,4096,36808,0.29809586703777313,75.07145591080189,34.69277732074261,57.07816872745752,13.786433264613152,1.002684235572815,0.0,0.0,181.63151945918798,106.24045226722956,146.6389549896121,0,0,0.0,0.0,0.0,0.0,1,1.943906769156456,365.87659642100334,59.0419921875,52.76708984375,23258.34912109375,27688.0
174,55,optimized,shared_mesh,scalable,cpu,legacy_full_snapshot,selected_after_full_read,selected_only,append,128,40300,4096,38353,0.3645876422524452,66.73676054924726,32.651910558342934,54.075105115771294,12.66445405781269,0.9560286998748779,0.0,0.0,167.08425898104906,106.6195061430335,146.4198399335146,0,0,0.0,0.0,0.0,0.0,1,1.2854132801294327,384.78881772607565,59.0419921875,52.76708984375,23258.34912109375,27688.0
175,5,optimized,shared_mesh,scalable,cpu,legacy_full_snapshot,selected_after_full_read,selected_only,append,128,40300,4096,37459,0.35816244781017303,73.05820658802986,33.19948446005583,53.51270269602537,11.969638988375664,1.101863570511341,0.0,0.0,172.84189630299807,107.02848713845015,146.5916195884347,0,0,0.0,0.0,0.0,0.0,1,1.3558156788349152,378.42256110161543,59.0419921875,52.76708984375,23258.34912109375,27688.0
175,55,optimized,shared_mesh,scalable,cpu,legacy_full_snapshot,selected_after_full_read,selected_only,append,128,40300,4096,38402,0.5509303882718086,67.33904406428337,32.430071383714676,52.73099523037672,11.883560568094254,1.0895701125264168,0.0,0.0,165.47324135899544,106.96752555668354,147.09386322647333,0,0,0.0,0.0,0.0,0.0,1,1.218920573592186,386.70671731233597,59.0419921875,52.76708984375,23258.34912109375,27688.0
175,5,optimized,shared_mesh,scalable,cpu,legacy_full_snapshot,selected_after_full_read,selected_only,append,128,40300,4096,37007,0.21875184029340744,74.33043234050274,31.44999500364065,54.36420440673828,11.980808340013027,1.2465789914131165,0.0,0.0,173.37201908230782,106.62750154733658,0.0,0,0,0.0,0.0,0.0,0.0,1,0.0,108.48368052393198,59.0419921875,59.0419921875,9805.41796875,27688.0
176,5,optimized,shared_mesh,scalable,cpu,legacy_full_snapshot,selected_after_full_read,selected_only,append,128,40300,4096,36335,0.2897139638662338,73.18861223757267,32.7655915170908,53.60206216573715,11.81512139737606,1.1820429936051369,0.0,0.0,172.55343031138182,106.73170164227486,145.47874219715595,0,0,0.0,0.0,0.0,0.0,1,1.3320688158273697,384.5995459705591,59.0419921875,52.76708984375,23258.34912109375,27688.0
176,55,optimized,shared_mesh,scalable,cpu,legacy_full_snapshot,selected_after_full_read,selected_only,append,128,40300,4096,36371,0.30396226793527603,66.43268931657076,31.18541743606329,51.40473507344723,11.07645221054554,1.1515896767377853,0.0,0.0,161.2508837133646,106.60927556455135,145.3331084921956,0,0,0.0,0.0,0.0,0.0,1,1.63295678794384,376.2484919279814,59.0419921875,52.76708984375,23258.34912109375,27688.0
177,5,optimized,shared_mesh,scalable,cpu,legacy_full_snapshot,selected_after_full_read,selected_only,append,128,40300,4096,36423,0.46320538967847824,73.28326720744371,33.551434986293316,53.07148955762386,12.474176473915577,1.1356659233570099,0.0,0.0,173.51603414863348,106.88667558133602,145.16126178205013,0,0,0.0,0.0,0.0,0.0,1,1.515897922217846,373.3057416975498,59.0419921875,52.76708984375,23258.34912109375,27688.0
177,55,optimized,shared_mesh,scalable,cpu,legacy_full_snapshot,selected_after_full_read,selected_only,append,128,40300,4096,37299,0.3573223948478699,65.97055308520794,31.226467341184616,50.16091838479042,10.971109382808208,1.1080065742135048,0.0,0.0,159.4370547682047,106.91176261752844,147.2165584564209,0,0,0.0,0.0,0.0,0.0,1,1.3898974284529686,378.2792864367366,59.0419921875,52.76708984375,23258.34912109375,27688.0
178,5,optimized,shared_mesh,scalable,cpu,legacy_full_snapshot,selected_after_full_read,selected_only,append,128,40300,4096,36543,0.3838632255792618,73.37233331054449,33.23211055248976,53.31561900675297,12.120739556849003,1.1926563456654549,0.0,0.0,173.23345877230167,106.9248728454113,147.28274196386337,0,0,0.0,0.0,0.0,0.0,1,1.7804661765694618,384.4780148938298,59.0419921875,52.76708984375,23258.34912109375,27688.0
178,55,optimized,shared_mesh,scalable,cpu,legacy_full_snapshot,selected_after_full_read,selected_only,append,128,40300,4096,37264,0.4118010401725769,65.41622523218393,31.474254094064236,51.248773001134396,12.014850042760372,1.2203166261315346,0.0,0.0,161.37441899627447,106.335056014359,147.1971794962883,0,0,0.0,0.0,0.0,0.0,1,1.4133648946881294,386.8639739230275,59.0419921875,52.76708984375,23258.34912109375,27688.0
179,5,optimized,shared_mesh,scalable,cpu,legacy_full_snapshot,selected_after_full_read,selected_only,append,128,40300,4096,37128,0.37995167076587677,72.57187180221081,32.62441698461771,53.26558090746403,11.371461674571037,1.186789944767952,0.0,0.0,171.02012131363153,106.40907008200884,146.29727881401777,0,0,0.0,0.0,0.0,0.0,1,1.826002262532711,376.5091011300683,59.0419921875,52.76708984375,23258.34912109375,27688.0
179,55,optimized,shared_mesh,scalable,cpu,legacy_full_snapshot,selected_after_full_read,selected_only,append,128,40300,4096,37265,0.3827456384897232,70.46813704073429,32.830593176186085,53.60304284840822,12.048933655023575,1.1652782559394836,0.0,0.0,170.11598497629166,106.57161567360163,146.8364056199789,0,0,0.0,0.0,0.0,0.0,1,1.4639310538768768,376.0630367323756,59.0419921875,52.76708984375,23258.34912109375,27688.0
180,5,optimized,shared_mesh,scalable,cpu,legacy_full_snapshot,selected_after_full_read,selected_only,append,128,40300,4096,36690,0.46264659613370895,73.86449538171291,33.284010365605354,53.198494017124176,11.793865822255611,1.0795090347528458,0.0,0.0,173.2203746214509,106.46263882517815,146.10608480870724,0,0,0.0,0.0,0.0,0.0,1,1.6284827142953873,376.6007600352168,59.0419921875,52.76708984375,23258.34912109375,27688.0
180,55,optimized,shared_mesh,scalable,cpu,legacy_full_snapshot,selected_after_full_read,selected_only,append,128,40300,4096,37407,0.3846995532512665,67.45977234095335,31.75609838217497,52.18293331563473,11.947513557970524,1.165277324616909,0.0,0.0,164.51159492135048,106.62658233195543,145.56794427335262,0,0,0.0,0.0,0.0,0.0,1,1.9321627914905548,377.55270302295685,59.0419921875,52.76708984375,23258.34912109375,27688.0
180,5,optimized,shared_mesh,scalable,cpu,legacy_full_snapshot,selected_after_full_read,selected_only,append,128,40300,4096,37202,0.20673777908086777,70.08169870823622,32.9314274713397,49.84315764158964,9.853299707174301,1.1708633974194527,0.0,0.0,163.88044692575932,106.17816727608442,0.0,0,0,0.0,0.0,0.0,0.0,1,0.0,107.89157822728157,59.0419921875,59.0419921875,9805.41796875,27688.0
181,5,optimized,shared_mesh,scalable,cpu,legacy_full_snapshot,selected_after_full_read,selected_only,append,128,40300,4096,36429,0.34167710691690445,73.40459059923887,32.6875327154994,52.787221036851406,11.79327629506588,1.2957444414496422,0.0,0.0,171.9683650881052,106.44524171948433,145.8324771374464,0,0,0.0,0.0,0.0,0.0,1,1.3831891119480133,384.38055384904146,59.0419921875,52.76708984375,23258.34912109375,27688.0
181,55,optimized,shared_mesh,scalable,cpu,legacy_full_snapshot,selected_after_full_read,selected_only,append,128,40300,4096,37582,0.3603938966989517,67.4806796014309,31.91476408392191,51.766639575362206,11.38650719076395,0.9962534531950951,0.0,0.0,163.54484390467405,106.48905579000711,146.26935496926308,0,0,0.0,0.0,0.0,0.0,1,1.3080369681119919,386.1289955675602,59.0419921875,52.76708984375,23258.34912109375,27688.0
182,5,optimized,shared_mesh,scalable,cpu,legacy_full_snapshot,selected_after_full_read,selected_only,append,128,40300,4096,36650,0.3550853580236435,73.702079243958,32.68722165375948,52.58938204497099,11.71143352985382,1.2250617146492004,0.0,0.0,171.9151781871915,105.97275290638208,145.63961792737246,0,0,0.0,0.0,0.0,0.0,1,1.8391292542219162,374.09342639148235,59.0419921875,52.76708984375,23258.34912109375,27688.0
182,55,optimized,shared_mesh,scalable,cpu,legacy_full_snapshot,selected_after_full_read,selected_only,append,128,40300,4096,35974,0.35592447966337204,64.73912484943867,31.276917085051537,49.08850695937872,8.916000835597515,1.1644363403320312,0.0,0.0,155.18498606979847,106.1341855674982,146.81768137961626,0,0,0.0,0.0,0.0,0.0,1,1.1672303080558777,376.868580467999,59.0419921875,52.76708984375,23258.34912109375,27688.0
183,5,optimized,shared_mesh,scalable,cpu,legacy_full_snapshot,selected_after_full_read,selected_only,append,128,40300,4096,37458,0.369892455637455,72.75327574461699,32.99229219555855,53.99154592305422,11.772867292165756,0.9968122467398643,0.0,0.0,172.50679340213537,106.40264768153429,145.24002466350794,0,0,0.0,0.0,0.0,0.0,1,1.2652920559048653,378.0228979885578,59.0419921875,52.76708984375,23258.34912109375,27688.0
183,55,optimized,shared_mesh,scalable,cpu,legacy_full_snapshot,selected_after_full_read,selected_only,append,128,40300,4096,37095,0.46264659613370895,67.3654954880476,31.467435881495476,51.688061095774174,11.29292044788599,1.1691851541399956,0.0,0.0,162.98309806734324,106.30482155829668,146.6639395803213,0,0,0.0,0.0,0.0,0.0,1,1.4234166592359543,375.4357248544693,59.0419921875,52.76708984375,23258.34912109375,27688.0
184,5,optimized,shared_mesh,scalable,cpu,legacy_full_snapshot,selected_after_full_read,selected_only,append,128,40300,4096,37399,0.3539677709341049,73.00802320241928,32.958450727164745,54.17756177484989,12.010364793241024,1.19740329682827,0.0,0.0,173.3518037945032,106.6945344209671,146.51137683540583,0,0,0.0,0.0,0.0,0.0,1,1.3946406543254852,385.648506693542,59.0419921875,52.76708984375,23258.34912109375,27688.0
184,55,optimized,shared_mesh,scalable,cpu,legacy_full_snapshot,selected_after_full_read,selected_only,append,128,40300,4096,36426,0.47689303755760193,65.53052086383104,31.428867019712925,51.63048580288887,11.290392838418484,1.0686106979846954,0.0,0.0,160.94887722283602,107.30939544737339,145.76203282922506,0,0,0.0,0.0,0.0,0.0,1,1.6273604705929756,378.68827767670155,59.0419921875,52.76708984375,23258.34912109375,27688.0
185,5,optimized,shared_mesh,scalable,cpu,legacy_full_snapshot,selected_after_full_read,selected_only,append,128,40300,4096,36965,0.43163541704416275,73.33932258188725,32.97213464975357,53.64365130662918,12.065933085978031,1.1191768571734428,0.0,0.0,173.14021848142147,106.78024310618639,145.56728582829237,0,0,0.0,0.0,0.0,0.0,1,1.351616345345974,385.6904786080122,59.0419921875,52.76708984375,23258.34912109375,27688.0
185,55,optimized,shared_mesh,scalable,cpu,legacy_full_snapshot,selected_after_full_read,selected_only,append,128,40300,4096,35982,0.5140500143170357,67.54589639604092,32.00409561395645,51.171441562473774,11.091182939708233,1.1798013001680374,0.0,0.0,162.9924178123474,105.86971696466208,146.53722010552883,0,0,0.0,0.0,0.0,0.0,1,1.5002423897385597,384.8999757319689,59.0419921875,52.76708984375,23258.34912109375,27688.0
185,5,optimized,shared_mesh,scalable,cpu,legacy_full_snapshot,selected_after_full_read,selected_only,append,128,40300,4096,37817,0.21483935415744781,69.14502568542957,32.077000476419926,49.13589917123318,9.656045585870743,0.9800475090742111,0.0,0.0,160.99401842802763,106.51002917438745,0.0,0,0,0.0,0.0,0.0,0.0,1,0.0,107.97842405736446,59.0419921875,59.0419921875,9805.41796875,27688.0
186,5,optimized,shared_mesh,scalable,cpu,legacy_full_snapshot,selected_after_full_read,selected_only,append,128,40300,4096,37477,0.4956107586622238,68.28566640615463,33.65881089121103,52.65686009079218,9.504632093012333,1.1429227888584137,0.0,0.0,165.2488922700286,106.70335032045841,145.34537587314844,0,0,0.0,0.0,0.0,0.0,1,1.2949025258421898,385.1750800386071,59.0419921875,52.76708984375,23258.34912109375,27688.0
186,55,optimized,shared_mesh,scalable,cpu,legacy_full_snapshot,selected_after_full_read,selected_only,append,128,40300,4096,36254,0.5213143303990364,67.9652001708746,32.7670332044363,51.58404726535082,11.5745160728693,1.1853883042931557,0.0,0.0,165.07618501782417,107.21317026764154,145.6051403656602,0,0,0.0,0.0,0.0,0.0,1,1.475936733186245,375.8114129304886,59.0419921875,52.76708984375,23258.34912109375,27688.0
187,5,optimized,shared_mesh,scalable,cpu,legacy_full_snapshot,selected_after_full_read,selected_only,append,128,40300,4096,37116,0.3654230386018753,74.08433314412832,33.20370800793171,52.74931341409683,12.320980429649353,1.1269981041550636,0.0,0.0,173.48533309996128,106.40492383390665,145.98311390727758,0,0,0.0,0.0,0.0,0.0,1,1.4809658750891685,373.3704574406147,59.0419921875,52.76708984375,23258.34912109375,27688.0
187,55,optimized,shared_mesh,scalable,cpu,legacy_full_snapshot,selected_after_full_read,selected_only,append,128,40300,4096,37883,0.35229139029979706,66.97562150657177,31.96941129863262,52.43333242833614,11.697410605847836,1.199915073812008,0.0,0.0,164.27569091320038,106.7460011690855,146.81252371519804,0,0,0.0,0.0,0.0,0.0,1,1.8195677548646927,379.70374897122383,59.0419921875,52.76708984375,23258.34912109375,27688.0
188,5,optimized,shared_mesh,scalable,cpu,legacy_full_snapshot,selected_after_full_read,selected_only,append,128,40300,4096,36323,0.3397194668650627,77.1655198186636,42.357949540019035,69.79002989828587,20.25019098073244,1.2689204886555672,0.0,0.0,210.8326107263565,105.99865950644016,146.02243341505527,0,0,0.0,0.0,0.0,0.0,1,1.5172846615314484,378.30961495637894,59.0419921875,52.76708984375,23258.34912109375,27688.0
188,55,optimized,shared_mesh,scalable,cpu,legacy_full_snapshot,selected_after_full_read,selected_only,append,128,40300,4096,36381,0.4701875150203705,66.60206150263548,32.03001897782087,51.198466680943966,12.113678269088268,1.1057648807764053,0.0,0.0,163.049990311265,106.44254740327597,146.87726739794016,0,0,0.0,0.0,0.0,0.0,1,1.514769159257412,376.08761712908745,59.0419921875,52.76708984375,23258.34912109375,27688.0
189,5,optimized,shared_mesh,scalable,cpu,legacy_full_snapshot,selected_after_full_read,selected_only,append,128,40300,4096,35977,0.35536568611860275,80.8993224054575,32.72061701864004,53.03087178617716,11.766429990530014,0.9973673149943352,0.0,0.0,179.41460851579905,106.61770217120647,147.74722140282393,0,0,0.0,0.0,0.0,0.0,1,1.3055168092250824,391.088024713099,59.0419921875,52.76708984375,23258.34912109375,27688.0
189,55,optimized,shared_mesh,scalable,cpu,legacy_full_snapshot,selected_after_full_read,selected_only,append,128,40300,4096,36576,0.5168421193957329,67.06243939697742,31.728279776871204,51.891570910811424,11.551291681826115,1.1825915426015854,0.0,0.0,163.41617330908775,106.60872608423233,145.7854025065899,0,0,0.0,0.0,0.0,0.0,1,1.371169462800026,378.0939066782594,59.0419921875,52.76708984375,23258.34912109375,27688.0
190,5,optimized,shared_mesh,scalable,cpu,legacy_full_snapshot,selected_after_full_read,selected_only,append,128,40300,4096,37804,0.37687551230192184,79.52755689620972,33.14358741044998,53.16075682640076,12.332700192928314,1.0146880522370338,0.0,0.0,179.1792893782258,106.3530845567584,145.42918372899294,0,0,0.0,0.0,0.0,0.0,1,1.2974133715033531,385.3265829384327,59.0419921875,52.76708984375,23258.34912109375,27688.0
190,55,optimized,shared_mesh,scalable,cpu,legacy_full_snapshot,selected_after_full_read,selected_only,append,128,40300,4096,36635,0.3550844267010689,65.58926962316036,31.72602504491806,49.49590563774109,8.711456321179867,1.2381868436932564,0.0,0.0,156.76084347069263,106.19743913412094,145.41209302842617,0,0,0.0,0.0,0.0,0.0,1,1.3281460851430893,373.7916499376297,59.0419921875,52.76708984375,23258.34912109375,27688.0
190,5,optimized,shared_mesh,scalable,cpu,legacy_full_snapshot,selected_after_full_read,selected_only,append,128,40300,4096,37600,0.17544720321893692,68.84592492133379,31.313389539718628,49.11568108946085,9.598174132406712,1.2468472123146057,0.0,0.0,160.12001689523458,106.22424632310867,0.0,0,0,0.0,0.0,0.0,0.0,1,0.0,107.96642303466797,59.0419921875,59.0419921875,9805.41796875,27688.0
191,5,optimized,shared_mesh,scalable,cpu,legacy_full_snapshot,selected_after_full_read,selected_only,append,128,40300,4096,35919,0.31541381031274796,73.32708593457937,33.50200690329075,55.7851679623127,12.861000373959541,1.0795025154948235,0.0,0.0,176.55476368963718,106.41505289822817,146.51084691286087,0,0,0.0,0.0,0.0,0.0,1,1.3664187863469124,377.7419403195381,59.0419921875,52.76708984375,23258.34912109375,27688.0
191,55,optimized,shared_mesh,scalable,cpu,legacy_full_snapshot,selected_after_full_read,selected_only,append,128,40300,4096,37323,0.36709755659103394,66.4667533710599,30.696526169776917,50.079223699867725,11.355431750416756,1.0663708671927452,0.0,0.0,159.66430585831404,106.22784122824669,145.54081577807665,0,0,0.0,0.0,0.0,0.0,1,1.8583973869681358,378.2036332413554,59.0419921875,52.76708984375,23258.34912109375,27688.0
192,5,optimized,shared_mesh,scalable,cpu,legacy_full_snapshot,selected_after_full_read,selected_only,append,128,40300,4096,37166,0.38581620901823044,73.18010460585356,32.599334605038166,52.60196886956692,11.634524911642075,1.1297892779111862,0.0,0.0,171.1457222700119,106.00376781076193,145.34830767661333,0,0,0.0,0.0,0.0,0.0,1,1.3449061661958694,381.42923451960087,59.0419921875,52.76708984375,23258.34912109375,27688.0
192,55,optimized,shared_mesh,scalable,cpu,legacy_full_snapshot,selected_after_full_read,selected_only,append,128,40300,4096,37125,0.3925217315554619,67.35261902213097,32.564123161137104,51.66520643979311,11.57474610954523,0.9917775169014931,0.0,0.0,164.1484722495079,107.2137076407671,146.77893836051226,0,0,0.0,0.0,0.0,0.0,1,1.3722842559218407,383.8007301092148,59.0419921875,52.76708984375,23258.34912109375,27688.0
193,5,optimized,shared_mesh,scalable,cpu,legacy_full_snapshot,selected_after_full_read,selected_only,append,128,40300,4096,35983,0.4084436222910881,74.71411488950253,32.88120869547129,52.988030947744846,11.872278526425362,1.1895745992660522,0.0,0.0,173.64520765841007,106.26074858009815,146.42691053450108,0,0,0.0,0.0,0.0,0.0,1,1.3074707239866257,378.29254288226366,59.0419921875,52.76708984375,23258.34912109375,27688.0
193,55,optimized,shared_mesh,scalable,cpu,legacy_full_snapshot,selected_after_full_read,selected_only,append,128,40300,4096,36869,0.5009183660149574,67.06902757287025,31.632686965167522,51.515732891857624,11.767485179007053,1.1946028098464012,0.0,0.0,163.17953541874886,106.49846401065588,146.35842014104128,0,0,0.0,0.0,0.0,0.0,1,1.3745194301009178,374.09903202205896,59.0419921875,52.76708984375,23258.34912109375,27688.0
194,5,optimized,shared_mesh,scalable,cpu,legacy_full_snapshot,selected_after_full_read,selected_only,append,128,40300,4096,36862,0.3170901909470558,73.22865258902311,32.63143356889486,52.63293720781803,12.200528755784035,1.154373399913311,0.0,0.0,171.84792552143335,106.85214027762413,147.369178943336,0,0,0.0,0.0,0.0,0.0,1,1.4689480885863304,377.1363412961364,59.0419921875,52.76708984375,23258.34912109375,27688.0
194,55,optimized,shared_mesh,scalable,cpu,legacy_full_snapshot,selected_after_full_read,selected_only,append,128,40300,4096,36990,0.37631578743457794,65.78667275607586,30.211483128368855,49.983047880232334,11.249836534261703,1.0876022279262543,0.0,0.0,158.318642526865,106.86635877937078,145.7445789128542,0,0,0.0,0.0,0.0,0.0,1,1.4530224725604057,374.7392073273659,59.0419921875,52.76708984375,23258.34912109375,27688.0
195,5,optimized,shared_mesh,scalable,cpu,legacy_full_snapshot,selected_after_full_read,selected_only,append,128,40300,4096,36767,0.31429529190063477,72.58103601634502,32.20594022423029,52.82371584326029,11.772810481488705,1.160518266260624,0.0,0.0,170.54402083158493,106.07711505144835,145.85715159773827,0,0,0.0,0.0,0.0,0.0,1,1.2552263215184212,375.1671677455306,59.0419921875,52.76708984375,23258.34912109375,27688.0
195,55,optimized,shared_mesh,scalable,cpu,legacy_full_snapshot,selected_after_full_read,selected_only,append,128,40300,4096,36689,0.4847133532166481,66.0277483984828,31.946112401783466,51.572113297879696,11.510470882058144,1.177559606730938,0.0,0.0,162.23400458693504,106.50341119617224,146.78826462477446,0,0,0.0,0.0,0.0,0.0,1,1.8516890704631805,380.4642716422677,59.0419921875,52.76708984375,23258.34912109375,27688.0
195,5,optimized,shared_mesh,scalable,cpu,legacy_full_snapshot,selected_after_full_read,selected_only,append,128,40300,4096,36950,0.1592431217432022,68.55970434844494,30.760440044105053,49.883006140589714,9.26655437797308,0.993732362985611,0.0,0.0,159.4634372740984,106.12764395773411,0.0,0,0,0.0,0.0,0.0,0.0,1,0.0,107.6181037351489,59.0419921875,59.0419921875,9805.41796875,27688.0
196,5,optimized,shared_mesh,scalable,cpu,legacy_full_snapshot,selected_after_full_read,selected_only,append,128,40300,4096,36567,0.4129139706492424,74.26171936094761,32.630011439323425,52.83683072775602,11.461582034826279,1.1253170669078827,0.0,0.0,172.31546062976122,105.71975354105234,144.79435235261917,0,0,0.0,0.0,0.0,0.0,1,1.30467489361763,375.43437629938126,59.0419921875,52.76708984375,23258.34912109375,27688.0
196,55,optimized,shared_mesh,scalable,cpu,legacy_full_snapshot,selected_after_full_read,selected_only,append,128,40300,4096,37256,0.2835635095834732,65.7866233959794,31.602468341588974,51.74335837364197,11.595110408961773,1.1892933398485184,0.0,0.0,161.91685386002064,106.55002482235432,146.93822991102934,0,0,0.0,0.0,0.0,0.0,1,2.1003317087888718,379.31031081825495,59.0419921875,52.76708984375,23258.34912109375,27688.0
197,5,optimized,shared_mesh,scalable,cpu,legacy_full_snapshot,selected_after_full_read,selected_only,append,128,40300,4096,37408,0.36458205431699753,73.53951223194599,32.86494594067335,52.67617665231228,12.180129066109657,1.1250367388129234,0.0,0.0,172.3858006298542,106.31338320672512,146.32414933294058,0,0,0.0,0.0,0.0,0.0,1,1.133977435529232,381.9648753851652,59.0419921875,52.76708984375,23258.34912109375,27688.0
197,55,optimized,shared_mesh,scalable,cpu,legacy_full_snapshot,selected_after_full_read,selected_only,append,128,40300,4096,36560,0.43638236820697784,66.93454645574093,32.075418159365654,52.34481394290924,11.82562392205,1.2004682794213295,0.0,0.0,164.38087075948715,106.6284915432334,146.53643872588873,0,0,0.0,0.0,0.0,0.0,1,1.3141734525561333,375.21176878362894,59.0419921875,52.76708984375,23258.34912109375,27688.0
198,5,optimized,shared_mesh,scalable,cpu,legacy_full_snapshot,selected_after_full_read,selected_only,append,128,40300,4096,36160,0.3676554188132286,73.00029508769512,33.21248572319746,53.22624649852514,11.923927813768387,1.1948803439736366,0.0,0.0,172.55783546715975,106.17812909185886,145.9438716992736,0,0,0.0,0.0,0.0,0.0,1,1.4086021110415459,374.2177141830325,59.0419921875,52.76708984375,23258.34912109375,27688.0
198,55,optimized,shared_mesh,scalable,cpu,legacy_full_snapshot,selected_after_full_read,selected_only,append,128,40300,4096,36976,0.4034144803881645,66.93927198648453,32.24555775523186,52.62194015085697,11.868068017065525,1.1621927842497826,0.0,0.0,164.83703069388866,106.43289424479008,146.8308474868536,0,0,0.0,0.0,0.0,0.0,1,1.3608280569314957,386.43127400428057,59.0419921875,52.76708984375,23258.34912109375,27688.0
199,5,optimized,shared_mesh,scalable,cpu,legacy_full_snapshot,selected_after_full_read,selected_only,append,128,40300,4096,36716,0.3838585689663887,72.82761763781309,33.307733945548534,52.495106123387814,11.640366166830063,1.160796731710434,0.0,0.0,171.43162060528994,106.60134442150593,145.69517970085144,0,0,0.0,0.0,0.0,0.0,1,1.342947594821453,375.85192173719406,59.0419921875,52.76708984375,23258.34912109375,27688.0
199,55,optimized,shared_mesh,scalable,cpu,legacy_full_snapshot,selected_after_full_read,selected_only,append,128,40300,4096,35954,0.5187951028347015,64.57575131207705,31.592367216944695,51.017760299146175,11.48449070751667,1.2222584336996078,0.0,0.0,159.8926279693842,106.33870866149664,146.71346172690392,0,0,0.0,0.0,0.0,0.0,1,1.4116736128926277,377.1335994824767,59.0419921875,52.76708984375,23258.34912109375,27688.0
200,5,optimized,shared_mesh,scalable,cpu,legacy_full_snapshot,selected_after_full_read,selected_only,append,128,40300,4096,37519,0.33189449459314346,68.62358283251524,33.207423985004425,50.95434468239546,9.294749237596989,0.9535010904073715,0.0,0.0,163.03360182791948,106.84268828481436,145.77866438776255,0,0,0.0,0.0,0.0,0.0,1,1.3387566432356834,374.9030474573374,59.0419921875,52.76708984375,23258.34912109375,27688.0
200,55,optimized,shared_mesh,scalable,cpu,legacy_full_snapshot,selected_after_full_read,selected_only,append,128,40300,4096,37303,0.35871565341949463,63.63480072468519,30.401119962334633,48.61235339194536,10.501906275749207,1.0082582011818886,0.0,0.0,154.15843855589628,106.40460532158613,146.67374454438686,0,0,0.0,0.0,0.0,0.0,1,1.247122883796692,374.091942794621,59.0419921875,52.76708984375,23258.34912109375,27688.0
200,5,optimized,shared_mesh,scalable,cpu,legacy_full_snapshot,selected_after_full_read,selected_only,append,128,40300,4096,37233,0.1838281750679016,70.46183664351702,31.583701260387897,50.83866789937019,9.121811017394066,1.0705580934882164,0.0,0.0,163.0765749141574,106.20568506419659,0.0,0,0,0.0,0.0,0.0,0.0,1,0.0,107.74223785847425,59.0419921875,59.0419921875,9805.41796875,27688.0
